_Date	_Time	_Notes	_Run Type	_Rank	Battle Date	Ad Gems	Amplify Bot	Armor Shards	Attack Chip	Basic	Black Hole	Black Hole Damage	Boss	Bounty Coins	Cannon Shards	Cash Earned	Cash From Golden Tower	Cells Earned	Cells Per Hour	Chain Lightning	Chain Lightning Damage	Chain Thunder	Chrono Field	Coin Bonus Upgrade	Coins / Wave	Coins Earned	Coins Fetched	Coins From Black Hole	Coins from Blackhole	Coins From Coin Bonuses	Coins from Coin Upgrade	Coins From Death Wave	Coins From Golden Tower	Coins From Orb	Coins from Orbs	Coins From Spotlight	Coins Per Hour	Coins Stolen	Commander	Commanders	Common Modules	Core Shards	Critical Coin	Damage	Damage Dealt	Damage Gain From Berserk	Damage Taken	Damage Taken Wall	Damage Taken While Berserked	Death Defy	Death Penalty	Death Ray	Death Ray Damage	Death Wave	Death Wave Damage	Defense %	Defense Absolute	Demon Mode	Destroyed by Death Ray	Destroyed by Land Mine	Destroyed By Orbs	Destroyed by Thorns	Destroyed in Golden Bot	Destroyed in Spotlight	Electrons	Electrons Damage	Enemies Hit by Orbs	Enemy Attack Levels Skipped	Enemy Health Levels Skipped	Fast	Fetch Gems	Flame Bot	Flame Bot Damage	Free Attack Upgrade	Free Defense Upgrade	Free Utility Upgrade	From Death Wave	Game Time	Gem Blocks Tapped	Gems	Generator Shards	Golden Bot	Golden Bot Coins Earned	Golden Combo	Golden Tower	Guardian catches	Guardian coins stolen	Highest Coins / Minute	Hits Absorbed By Energy Shield	HP From Death Wave	Inner Land Mine Damage	Inner Land Mines	Interest earned	Killed By	Land Mine Damage	Land Mines	Land Mines Spawned	Largest Golden Combo	Largest Inner Landmine Charge	Largest Smart Missile Stack	Largest Wave Skip	Lifesteal	Medals	Most Cells From Wave Skip	Most Coins From Golden Combo	Most Coins From Wave Skip	Negative Mass Projector	Nuke	Orb Damage	Orb Hits	Orbital Augment	Orbs	Other	Overcharge	Overcharges	Poison Swamp	Primordial Collapse	Projectiles	Projectiles Count	Projectiles Damage	Protector	Ranged	Rare Modules	Rays	Real Time	Recovery Packages	Rend Armor	Rend Armor Damage	Reroll Shards	Reroll Shards Earned	Reroll Shards Fetched	Saboteur	Saboteurs	Scatters	Second Wind	Smart Missile Damage	Smart Missiles	Spotlight	Summoned Enemies	Swamp Damage	Tagged by Death Wave	Tagged by Deathwave	Tank	Thorn damage	Thorns	Thunder Bot	Thunder Bot Stuns	Tier	Total Elites	Total Enemies	Tower	Tower Health Regen	Vampires	Wall	Wall Health Regen	Wave	Wave Skip	Waves Skipped
2026-04-11	20:40:00		farm		Apr 11, 2026 20:40	115	0	228	0	437008	30054		563	0	180	21.72B		177.92K	18.61K	3820		754.83q	181.46K	166.74T	8.03B	228.27T	549.91B			227.61T							23.88T		0		87	273	10.26T		272.63N					0	0	0		91.75T		80.49Q	20.24T	1							60.6N			3545	3375	216775	4	0		600	540	708	0	1d 22h 27m 8s	7	133	210	60.57T		0	15.34B			1.02T	5			0	15.33M	Scatter		30338	455084	0	0	7	4	2.57T	3	407	0	648.83B	0	0			847.39K	800084	114	0		8370	65.71Q	188888	34.52M		1100	184396	8	2184	9h 33m 36s	4771	72.57S			15.82K	598	0		2217	1		0	82.23T	132.02K				208022		42357	0	0	12		1113393	1.16q	3.2T	2209	572.35q	571.8q	7320	56.8T	1681
2026-04-11	10:54:00		farm		Apr 11, 2026 10:54	30	0	228	0	436404	31524		567	0	132	23.38B		179.48K	18.55K	2987		633.57q	175.85K	180.82T	9.21B	244.74T	606.24B			244.01T							25.3T		0		81	216	12T		334.17N					4	0	0		98.48T		86.4Q	21.81T	1							73.89N			3607	3427	218402	20	0		591	540	659	0	1d 23h 59m 21s	5	60	237	62.44T		0	16.68B			985.87B	6			16	15.47M	Scatter		29115	457281	0	0	8	5	3.97T	10	660	0	562.37B	0	0			859K	808080	92	0		0	70.52Q	190918	35.3M		1115	186294	17	2225	9h 40m 27s	4764	78.83S			14.95K	598	0		2225	1		46	90.25T	133.28K				210605		47588	0	0	12		1119812	1.21q	8.44T	2243	613.78q	613.23q	7405	59.13T	1716
2026-04-11	00:58:00	Disco: Offense	farm		Apr 11, 2026 00:58	75	0	63	0	88103	34817		238	0	117	1.76B		18.59K	4.3K	0		69.99K	21.92K	5.36T	1.25B	5.51T	0			5.5T							1.27T		0		29	36	0		559.99O					2	0	0		2.1T		10.19Q	5.68T	1							74.71O			944	879	29287	0	0		600	265	707	0	20h 43m 12s	4	83	45	1.62T		0	1.62B			59.66B	9			0	5.84M	Scatter		0	76505	0	0	7	0	0	0	0	0	0	0	0			121.44K	135049	647	0		0	0	0	62.3K		342	24033	4	253	4h 19m 19s	1813	0			6.51K	0	0		286	2		0	2.58T	0				30318		11167	0	0	14		181680	489.94T	3.42T	272	278.18q	277.9q	2149	0	0
2026-04-10	20:32:00	Disco: Defense	farm		Apr 10, 2026 20:32	20	0	0	0	16008	90		48	0	0	110.16M		371	346	24088		9.01T	1.51K	38.4B	97.68M	41.63B	0			41.48B							38.85B		0		4	27	0		5.61S					0	0	0		11.72B		0	0	0							42.47s			154	133	3215	0	0		302	310	318	0	4h 17m 14s	1	22	9	10.68B		0	94.06M			1.57B	14			0	1.19M	Fast		0	0	0	0	3	0	0	0	0	0	0	0	0			1.5K	0	85	0		0	0	391	50.87K		63	2199	0	6	1h 4m 18s	371	10.99s			930	0	0		5	1		185	19.77B	0				3205		0	0	0	14		24891	61.95T	1	6	0	7	441	0	0
2026-04-10	19:23:00		tournament	29	Apr 10, 2026 19:23	0	0	9	0	1749	57		35	0	0	1.96M		0	0	1938		2.05q	263	12.83B	19.1M	19.68B	0			19.65B							151.25B		0		2	0	0		20.89O					3	0	0		6.06B		13.65q	5.12B	1							1.5O			10	8	250	0	0		44	44	48	0	31m 14s	1	2	9	7.52B		0	967.88K			3.7B	4			0	106.98K	Boss		0	997	0	0	9	2	515.16B	0	0	0	2.23B	0	0			924	304	21	0		0	0	52	53.42K		25	110	0	0	7m 48s	47	244.86S			680	0	0		0	1		0	7.27B	0				215		12	0	0	17		2384	1.57q	26.1B	0	433.67T	167.68T	75	5.48B	13
2026-04-10	18:35:00		farm		Apr 10, 2026 18:35	80	0	153	0	468610	33466		607	0	195	22.2B		186.81K	18.09K	10007		797.31q	197.34K	181.18T	9.19B	247.52T	613.47B			246.79T							23.97T		0		81	219	10.8T		1.55D					3	0	0		95.39T		82.39Q	14.3T	2							336.91N			3835	3638	241435	0	0		600	540	631	30.93T	2d 2h 38m 53s	10	92	255	60.47T		0	15.45B			2.84T	6			30	16.43M	Scatter		80209	478772	0	0	7	4	0	0	371	0	650.1B	0	0			788.81K	684485	119	0		0	67.26Q	363811	47.59M		1192	206446	9	2436	10h 19m 39s	5027	42.91O			15.53K	736	0		2452	1		3	92.52T	141.48K				230228		32755	0	0	12		1222403	1.52q	5.04T	2517	583.61q	583.37q	7848	61.46T	1804
2026-04-10	11:06:00	Disco: Econ	farm		Apr 10, 2026 11:06	0	0	72	0	165638	2868		278	0	45	0		24.99K	4.53K	235752		67.69q	25.89K	0	0	563	418			145							102		0		12	27	0		8.53N					9	0	0		0		1.08Q	36.04B	0							805.31O			0	0	54654	7	0		0	0	0	0	1d 2h 41m 39s	0	7	18	0		0	0			4	12			0	0	Ray		19879	133403	0	0	6	7	0	3	193	0	4	0	0			80.17K	55188	21	0		0	387.95q	8198	3.98M		547	44674	3	502	5h 30m 54s	278	1.45O			8.08K	253	0		551	1		3201	0	75.53K				55382		120	0	0	12		338985	3.47q	25.26T	521	12.18q	11.32q	3609	0	832
2026-04-10	05:13:00	Disco: Defense	farm		Apr 10, 2026 05:13	20	0	87	0	131170	78		212	0	54	1.19B		7.45K	1.74K	130326		9.53T	27.32K	3.17T	0	3.27T	7.17B			3.26T							763.91B		0		29	75	0		604.56s					0	0	0		1.4T		0	0	0							9.71s			992	923	33923	7	0		600	540	666	0	20h 32m 37s	3	33	90	782.57B		0	1.07B			28.63B	7			1	5.78M	Boss		0	0	0	0	2	0	0	6	0	0	0	0	0			40.35K	0	8	0		0	83.88T	35019	216.36K		315	26844	2	169	4h 17m 6s	1769	15.64s			5.11K	322	0		189	1		8267	1.53T	57.93K				35522		0	0	0	12		233940	20.63T	6	190	0	7	2130	0	0
2026-04-10	00:45:00	Disco: UW	farm		Apr 10, 2026 00:45	95	0	93	0	219185	0		384	0	120	409.92M		18.59K	2.42K	0		0	0	16.59B	0	18.64B	45.01M			17.03B							2.43B		0		53	156	0		578.45S					0	0	83		0		184.32q	215.34B	0							153.85S			1847	1741	72850	6	0		506	512	672	0	1d 12h 58m 32s	6	113	189	3.79B		0	0			81.96M	6			0	10.46M	Ranged		41911	171900	0	0	0	0	0	1	0	0	0	0	0			163.71K	10603	89	0		0	0	397489	6.62M		592	59528	5	798	7h 40m 52s	3285	270.64S			9.41K	276	0		732	1		0	0	104.65K				73854		393	0	0	12		450568	86.58T	278.92B	795	3.7q	3.73q	3848	0	0
2026-04-09	16:56:00	Disco: Offense	farm		Apr 09, 2026 16:56	70	0	168	0	480658	17366		568	0	162	19.17B		157.44K	16.09K	0		16.14M	76.26K	65.26T	0	89.5T	216.17B			89.19T							9.14T		0		67	195	4.2T		448.15N					0	0	0		30.64T		85.35Q	25.91T	2							22.65N			3607	3430	246947	8	0		600	540	708	26.48T	2d 0h 14m 40s	5	88	150	16.94T		0	13.28B			304.05B	4			0	15.56M	Scatter		0	522318	0	0	13	4	4	9	309	0	204.16B	0	0			307.54K	1157409	53	0		0	69.67Q	0	162.29K		1117	209747	12	2325	9h 47m 14s	4765	0			18.68K	552	0		2285	1		0	31.38T	134.05K				236346		66960	0	0	12		1241788	672.83T	13.2T	2207	606.1q	605.63q	7431	0	1709
2026-04-09	05:07:00	Disco: Defense	farm		Apr 09, 2026 05:07	35	0	42	0	121383	621		136	0	60	4.09B		4.33K	1.56K	160838		4.39T	16.41K	1.2T	0	1.68T	3.44B			1.67T							605.69B		0		22	36	180.97B		85.33s					0	0	0		527.36B		0	0	1							1.17s			800	736	29570	12	0		439	540	580	11.5	11h 5m 17s	2	51	84	252.58B		0	2.91B			39.94B	7			0	3.61M	Boss		0	0	0	0	3	6	0	1	50	0	10.33B	0	0			25.05K	524	3	0		0	29.88T	24700	327.27K		240	22690	5	93	2h 46m 17s	1098	1.76s			4.59K	92	0		79	1		3181	608.23B	31.15K				30955		0	0	0	12		207538	7.78T	6	95	0	7	1731	0	399
2026-04-08	19:40:00		tournament	3	Apr 08, 2026 19:40			0		72990		6.05O	221		0	876.29M	729.1M	2.64K			255.52O					244.01B	0	3.68B		228.36B	3.78B	195.29M	6.59B	0		534.86M	68.41B		0		0	0		0	318.76O	8	34.2q	5.78q	71.41q	0			5.96S		103.09s				6	6381	14212	20	10957	58244		28.89O	20.02K			17681			0	477	397	617		11h 15m 42s	3	0	0		529.73M				0			8.93T	0		3.6M	Ranged	1.78S		50265					15.52T	0						24.26O					0					1.37M	3.31O	296	13544	0	100	3h 34m 1s	1113		269.98S		6.09K	0	0		90		2.53S			0	0	12625		18426	715.01S			0	12	277	126036			87			1375		47
2026-04-08	15:43:00		farm		Apr 08, 2026 15:43			27		755755		191.21D	927		21	30.12B	20.8B	313.07K			121.9O					157.99T	383.15B	1.55T		143.78T	6.62T	191.24B	4.86T	0		223.41B	9.86T		0		3	42		0	1.24aa	0	138.77q	224q	0	4			0		182.7Q				0	113438	1666189	105095	288053	1023123		171.91D	1.67M			462465			0	600	540	618		3d 8h 59m 37s	10	14	42		232.48B				0			0	1.21s		25.16M	Scatter	610.56s		870655					11.23T	10						869.13D					0					54.05M	2.52S	1821	400223	0	4488	16h 1m 34s	7769		2.24S		24.58K	640	0		4395		2.37s			217K	0	695835		435585	12.63D			0	11	13328	2185610			4445			12034		2775
2026-04-07	23:53:00		tournament		Apr 07, 2026 23:53			0		63447		455.77S	196		0	772.69M	680.71M	2.08K			8.38O					398.57B	0	6.42B		368.89B	6.26B	629.12M	13.86B	0		939.25M	157.1B		0		0	0		0	12.25O	8	6.12q	683.19T	88.11q	0			0		8.01s				0	6046	4968	69	10030	51527		1.78O	8.16K			14657			0	515	376	598		9h 53m 40s	3	0	0		966.58M				0			16.29T	0		3.17M	Ranged	278.89s		42360					7.79T	0						1.39O					0					2.83M	198.77S	251	11287	0	80	2h 32m 13s	1001		53.69S		4.06K	0	0		61		222.7s			0	0	23496		15146	47.89S			0	12	199	106970			58			1182		12
2026-04-07	19:58:00		farm		Apr 07, 2026 19:58			36		496662		119.13N	590		39	22.04B	15.35B	182.16K			49.22O					98.16T	248.26B	840.56B		90.39T	3.64T	101.31B	2.63T	0		119.29B	9.57T		0		1	24		0	1.03D	0	241.38q	209.97q	0	12			0		97.76Q				0	16603	1121799	57412	162727	597172		107.96N	1.12M			259911			0	601	540	617		2d 2h 13m 4s	6	6	18		123.95B				0			0	691.89Q		16.09M	Scatter	268.09s		539194					945.76B	0						791.54N					0					33.37M	1.24S	1149	221928	1	2381	10h 15m 30s	4711		1.1S		17.27K	598	0		2400		1.29s			138.79K	0	360000		248821	9.02N			0	12	7167	1299558			2386			7686		1763
2026-04-07	09:35:00		farm		Apr 07, 2026 09:35			21		747877		81.83D	912		48	15B	10.07B	300.44K			120.06O					143.11T	344.83B	1.43T		129.88T	6.23T	170.48B	4.49T	0		206.55B	9.1T		0		4	33		0	700.17D	0	114.16q	257.94q	0	1			0		136.91Q				0	109831	1729563	95247	267076	1002708		73.32D	1.73M			455858			0	601	540	708		3d 7h 10m 8s	4	20	24		211.21B				0			16.29T	0		24.7M	Scatter	452.04s		859171					945.76B	10						538.68D					0					47.88M	1.57S	1770	394536	0	4319	15h 43m 38s	7283		1.38S		23.06K	940	0		4285		1.57s			210.49K	6.62S	590474		428647	6.34D			0	11	12939	2154194			4335			11806		2724
2026-04-06	22:27:00		farm		Apr 06, 2026 22:27			3		84252		1.86O	109		3	798.12M	524.12M	8.24K			0					3.17T	6.95B	20.81B		3.04T	34.72B	2.51B	53.09B	0		2.94B	1.58T		0		0	6		0	9.76O	0	5.38q	6.89q	0	3			0		415.21Q				0	255	134540	760	19921	69558		1.54O	144.08K			23052			0	601	540	708		8h 30m 55s	1	0	3		2.85B				0			0	0		2.75M	Boss	28.49s		63490					7.72T	0						6.29O					0					7.86M	8.49S	192	17952	0	79	2h 0m 17s	802		7.62S		3.28K	28	0		52		0			23.38K	0	44062		24028	70.62S			0	14	197	151247			66			1314		302
2026-04-06	20:14:00		farm		Apr 06, 2026 20:14			36		743810		58.2D	904		48	23.16B	15.89B	293.1K			0					140.53T	339.65B	1.4T		127.68T	6.04T	166.06B	4.37T	0		199.62B	9T		0		3	33		0	524.49D	0	194.84q	254.47q	0	10			0		134.26Q				0	103828	1728798	101816	264820	987425		55.01D	1.73M			454367			0	601	540	644		3d 6h 48m 44s	8	0	63		206.3B				0			16.29T	949.9Q		24.58M	Boss	394.17s		856220					2.6T	5						406.54D					0					47.58M	1.29S	1772	391440	0	4266	15h 36m 36s	7294		1.14S		23.52K	700	0		4287		0			209.51K	0	584131		423992	4.74D			0	11	12882	2141886			4329			11741		2701
2026-04-05	23:56:00		farm		Apr 05, 2026 23:56			27		297980		15.1O	514		24	5.17B	4.6B	67.1K			0					17.62T	43.42B	280.7B		15.16T	1.12T	34.34B	873.74B	0		39.82B	1.73T		0		2	24		0	117.6O	0	3.5q	81.18q	0	3			0		13.66Q				0	12562	561199	39608	93583	317174		14.72O	561.55K			119738			0	599	540	648		2d 1h 3m 4s	7	20	21		44.67B				0			4.07T	0		13.99M	Scatter	26.15s		282060					2.6T	5						85.57O					0					18.02M	39.45s	814	101364	0	1396	10h 10m 56s	2598		34.71s		11.67K	506	0		1395		14.67q			138.52K	93.27s	172992		119040	2.21O			0	12	4244	684447			1453			5148		0
2026-04-05	12:36:00		farm		Apr 05, 2026 12:36			30		746622		65.93D	916		54	24.49B	16.71B	297.82K			192.01O					142.75T	336.13B	1.43T		129.54T	6.23T	169.26B	4.49T	0		204.62B	9.1T		0		4	36		0	573.1D	0	141.89q	249.99q	0	3			0		140.62Q				0	78502	1728804	96557	267527	993454		59.99D	1.73M			455798			0	593	540	595		3d 7h 30m 52s	5	13	30		214.52B				0			16.29T	0		24.7M	Scatter	463s		870529					2.32T	10						442.25D					0					47.41M	1.53S	1796	394701	1	4326	15h 41m 16s	7279		1.36S		26.96K	640	0		4368		2.69s			210.55K	6.49S	588814		427919	4.93D			0	11	13028	2154872			4334			11789		2705
2026-04-04	21:13:00		farm		Apr 04, 2026 21:13			12		211142		46.92N	290		3	22.09B	15.37B	74.07K			1.21N					43.28T	108.78B	265.37B		40.85T	1.1T	32.44B	819.71B	0		38.17B	9.61T		0		2	12		0	240.08N	0	229.6q	15.69q	0	9			0		5.18s				0	245	425204	1747	63615	219047		36.04N	444.68K			83075			0	601	540	708		21h 51m 22s	3	7	9		39.77B				0			16.29T	0		7.11M	Scatter	6.21S		196566					2.32T	0						155.05N					1					23.18M	141.57S	508	70358	0	617	4h 30m 8s	2089		128.06S		10.25K	336	0		573		41.46s			60.43K	2.77S	141246		85215	856.32O			0	14	1748	469114			558			3400		785
2026-04-04	16:36:00		tournament	11	Apr 04, 2026 16:36			0		50074		1.34S	158		0	464.56M	395.87M	1.34K			202.72S					85.61B	0	1.33B		79.84B	1.45B	52.84M	2.44B	0		204.18M	39.89B		0		0	0		0	218.02S	8	2.45q	2.92q	14.81q	0			594.48s		3.21s				123	4634	1894	2	5842	35415		4.39S	3.66K			10915			0	506	360	628		8h 2m 33s	2	0	0		173.18M				0			0	0		2.58M	Fast	35.55s		32327					2.32T	0						5.5S					0					207.82K	2.89S	198	8041	0	53	2h 8m 47s	773		406.82s		2.61K	0	0		37		72.47s			0	0	7381		11390	474.02s			0	12	139	81805			49			967		16
2026-04-04	14:20:00		farm		Apr 04, 2026 14:20			42		737461		41.28D	899		39	5.7B	3.47B	257.25K			175.27O					124.84T	325.75B	1.25T		113.39T	5.35T	142.59B	3.91T	0		175.91B	8.21T		0		3	42		0	358.81D	0	169.75q	284.34q	0	7			0		226.44Q				0	75295	1468022	57648	245390	960416		37.08D	1.47M			448271			0	601	540	585		3d 4h 15m 39s	10	2	42		179.29B				0			16.29T	958.73Q		24.33M	Scatter	385.48s		862206					0	7						276.77D					0					37.92M	2.21S	1759	387141	1	4232	15h 12m 10s	7167		1.96S		23.7K	740	0		4163		6.68s			207.33K	0	537544		419669	3.68D			0	11	12706	2127539			4311			11651		2704
2026-04-03	23:08:00		farm		Apr 03, 2026 23:08			27		478689		45.89N	571		18	13.89B	9.6B	161.24K			21.98O					89.28T	207.2B	774.56B		82.22T	3.27T	92.61B	2.41T	0		110.42B	9.04T		0		0	27		0	401.59N	0	1.11Q	233.42q	0	2			0		112.15Q				0	12595	1071711	55536	155574	568938		40.26N	1.07M			246767			0	601	540	620		1d 23h 31m 17s	9	18	39		115.3B				0			16.29T	0		15.52M	Scatter	166.46s		516114					0	3						310.71N					0					31.11M	1.16S	1126	210331	2	2204	9h 52m 37s	4569		1.03S		17.42K	598	0		2239		1.14s			132.22K	2S	338608		235080	4.71N			0	12	6705	1241725			2262			7409		1700
2026-04-03	17:21:00		farm		Apr 03, 2026 17:21			39		741909		52.85D	899		39	7.63B	4.83B	273.59K			7.87O					142.3T	359.03B	1.41T		129.34T	6.1T	165.17B	4.38T	0		201.25B	9.09T		0		4	36		0	454.64D	0	107.9q	305.69q	0	3			0		108.13Q				0	84123	1697384	105760	268085	988976		47.18D	1.7M			451089			0	601	540	608		3d 6h 38m 36s	6	16	21		207.71B				0			16.29T	0		24.52M	Scatter	253.51s		863329					15.38T	5						350.28D					0					46.06M	1.42S	1782	389929	0	4247	15h 39m 3s	7192		1.25S		26.8K	760	0		4218		83.55Q			206.78K	2.63S	581510		424173	4.34D			0	11	12834	2139747			4369			11707		2688
2026-04-03	01:56:00		farm		Apr 03, 2026 01:56			9		489960		93.41N	587		30	12.52B	8.45B	156.49K			86.75O					87.08T	225.54B	742.34B		80.25T	3.17T	85.21B	2.32T	0		104.66B	8.64T		0		1	30		0	806.86N	0	147.84q	209.93q	0	7			0		149.35Q				0	9211	961822	26035	151612	581392		83.42N	962.25K			255981			0	601	540	606		2d 1h 29m 40s	7	4	21		106.78B				0			0	0		15.91M	Ray	240.31s		535179					15.38T	5						621.6N					0					25.92M	1.56S	1161	217589	0	2407	10h 4m 31s	4686		1.39S		17.78K	529	0		2323		4.31s			134.19K	2.15S	328413		244453	8.34N			0	12	7004	1284144			2274			7625		1770
2026-04-02	15:55:00		farm		Apr 02, 2026 15:55			30		741067		49.93D	907		54	28.4B	19.61B	276.71K			95.37O					139.14T	334.88B	1.41T		126.17T	6.1T	166.08B	4.42T	0		201.1B	8.79T		0		5	24		0	433.2D	0	142.92q	316.19q	0	5			0		143.86Q				0	92177	1703809	111056	266894	991351		45.22D	1.7M			451317			0	601	540	599		3d 6h 48m 54s	7	20	36		207.08B				0			16.29T	1.07s		24.51M	Scatter	329.29s		861406					15.38T	10						333.61D					0					46.51M	1.83S	1760	390137	2	4294	15h 49m 20s	7268		1.62S		25.94K	740	0		4312		2.57s			206.71K	0	585145		425003	4.44D			0	11	12854	2142579			4248			11715		2698
2026-04-01	19:21:00		tournament	7	Apr 01, 2026 19:21			0		49122		90.11S	795		0	746.48M	639.37M	1.71K			9.77O					161.78B	0	2.53B		150.94B	2.65B	129.03M	4.61B	0		380.81M	60.57B		0		0	0		0	10.86O	8	3.11q	2.34q	12.89q	0			26.4S		7.41s				666	5866	4039	0	7989	46573		314.31S	6.02K			18740			0	500	427	634		9h 40m 48s	2	0	0		306.47M				0			0	0		3.09M	Fast	204.44s		41070					15.38T	0						392.77S					0					427.54K	263.26S	696	13031	0	78	2h 40m 15s	912		13.24S		11.89K	0	0		60		957.9s			0	0	9883		19128	197.33s			0	12	190	103328			52			1162		22
2026-04-01	16:38:00		tournament		Apr 01, 2026 16:38			0		25558		14.44s	425		0	320.06M	276.7M	316			0					75.89B	0	1.22B		70.59B	1.29B	94.06M	2.24B	0		190.28M	57.69B		0		0	0		0	504.97s	8	1.23q	1.29q	6.8q	0			0		94.24Q				0	5620	368	12	4847	22991		34.5s	803			7546			0	439	405	447		5h 15m 45s	1	0	0		152.15M				0			0	0		1.68M	Boss	10.89s		17419					11.36T	0						7.67s					0					592.85K	435.31s	310	5013	0	16	1h 18m 55s	490		252.9s		6.09K	0	0		10		12.32B			0	0	8727		7525	2.08s			0	12	34	46699			8			620		0
2026-04-01	14:18:00		farm		Apr 01, 2026 14:18			54		742156		68.59D	895		30	14.54B	9.89B	278.23K			58.74O					140.65T	355.65B	1.43T		127.52T	6.18T	169.12B	4.46T	0		201.55B	8.97T		0		3	21		0	593.55D	0	117.71q	337.16q	0	6			0		109.95Q				0	80921	1722896	113049	269149	983366		61.22D	1.72M			452279			0	601	540	685		3d 7h 10m 32s	10	8	27		202.58B				0			16.29T	853.93Q		24.6M	Boss	259.34s		866644					979.22B	5						457.77D					0					46.81M	1.48S	1764	390491	1	4288	15h 41m 0s	7259		1.31S		23.88K	780	0		4363		1.52s			205.11K	0	589244		423994	5.96D			0	11	12917	2145285			4266			11750		2703
2026-04-01	03:04:00		farm		Apr 01, 2026 03:04			15		478432		88.38N	591		15	7.24B	4.79B	170.11K			48.66O					95.52T	230.75B	821.32B		87.93T	3.55T	98.19B	2.57T	0		116.24B	9.62T		0		3	33		0	817.05N	0	121.58q	253.96q	0	3			0		92.36Q				0	11571	1086612	63429	160778	570915		84.36N	1.09M			248408			0	601	540	650		2d 0h 51m 14s	9	12	18		116.08B				0			16.29T	477.6Q		15.84M	Scatter	153.97s		520345					12.36T	5						635.69N					0					32.26M	1S	1155	212418	2	2411	9h 55m 53s	4683		891.96s		17.74K	483	0		2265		1.62s			132.13K	0	347412		238605	8.56N			0	12	6978	1249927			2302			7592		1764
2026-03-31	17:01:00		farm		Mar 31, 2026 17:01			45		727311		58.25D	899		42	29.71B	20.17B	269.38K			51.06O					137.83T	348.31B	1.39T		125.07T	6.02T	162.04B	4.34T	0		196.94B	8.91T		0		4	36		0	528.77D	0	179.46q	347.78q	0	9			0		109.13Q				0	94605	1671139	108510	263672	963075		55.2D	1.67M			439332			0	601	540	621		3d 4h 48m 38s	8	19	36		191.09B				0			16.29T	0		24.58M	Boss	262.05s		839476					12.36T	7						409.62D					0					46.53M	1.43S	1775	380675	0	4266	15h 28m 21s	7232		1.26S		24.18K	660	0		4319		1.67s			204.82K	2.59S	576212		412997	5.7D			0	11	12860	2095610			4275			11750		2709
2026-03-30	20:21:00		farm		Mar 30, 2026 20:21			15		479182		105.48N	582		27	27.75B	19.29B	169.72K			13.95O					91.34T	219.88B	795.8B		84.01T	3.43T	94.97B	2.49T	0		112.8B	9.24T		0		0	21		0	959.9N	0	221.13q	283.11q	0	12			0		130.68Q				0	12064	1084930	61559	159032	568748		99.9N	1.09M			248013			0	601	540	759		2d 1h 4m 53s	8	1	21		111.14B				0			16.29T	531.03Q		15.93M	Scatter	158.59s		518838					12.36T	3						744.42N					0					32.29M	1.33S	1139	211395	0	2380	9h 53m 18s	4754		1.18S		19.16K	598	0		2257		3.61s			132.81K	0	348105		237116	10.08N			0	12	7024	1247167			2387			7610		1750
2026-03-30	10:13:00		farm		Mar 30, 2026 10:13			39		731592		42.68D	893		36	18.93B	12.89B	269.99K			2.31O					136.26T	324.45B	1.36T		123.73T	5.91T	160.05B	4.26T	0		194.06B	8.68T		0		5	33		0	386.09D	0	166.02q	296.71q	0	7			0		103.13Q				0	84185	1689771	111239	262298	971881		40.08D	1.69M			444957			0	601	540	629		3d 6h 15m 23s	9	20	45		180.59B				0			16.29T	710.76Q		24.24M	Scatter	233.64s		850547					12.36T	10						299.21D					0					45.43M	1.27S	1760	384801	2	4193	15h 42m 7s	7168		1.12S		29.6K	760	0		4253		159.52Q			202.23K	0	573800		416066	4.12D			0	11	12659	2111662			4213			11620		2704
2026-03-29	18:49:00		farm		Mar 29, 2026 18:49			12		345076		27.19N	406		33	25.96B	18.17B	96.08K			123.94O					63.99T	166.19B	466.34B		59.68T	1.99T	55.26B	1.45T	0		66.04B	9.31T		0		0	18		0	243.61N	0	117.9q	172.69q	0	4			0		3.16s				0	3738	710227	36832	103783	367055		25.38N	710.59K			147864			0	601	540	636		1d 9h 32m 28s	8	0	15		66.03B				0			0	16.31s		11.01M	Ray	6.12S		336638					12.36T	0						187.8N					0					28.62M	93S	799	124846	1	1276	6h 52m 20s	3254		83.56S		11.58K	625	0		1355		15.64s			91.87K	0	217177		145297	3.11N			0	13	3913	806466			1282			5272		1216
2026-03-29	11:45:00		farm		Mar 29, 2026 11:45			48		730510		29.39D	892		15	4.11B	2.33B	265.31K			311.6O					117.87T	291.54B	1.19T		107.09T	5.01T	129.29B	3.71T	0		169.67B	7.79T		0		5	30		0	336.26D	0	126.54q	286.29q	0	3			0		202.01Q				0	92455	1693198	103135	263416	972733		32.24D	1.69M			443418			0	601	540	764		3d 3h 39m 5s	6	16	51		166.91B				0			0	0		24.15M	Ray	435.31s		844714					12.36T	10						271.35D					0					45.76M	2.62S	1739	382564	0	4207	15h 8m 2s	7154		2.33S		23.5K	680	0		4120		6.64s			201.37K	5.45S	499828		416070	3.28D			0	11	12583	2102706			4256			11550		2668
2026-03-28	20:20:00		farm		Mar 28, 2026 20:20			9		121254		40.44O	163		15	5.91B	4.18B	16.4K			3.63O					13.06T	29.48B	81.61B		12.38T	289.32B	9.64B	245.95B	0		11.89B	5.19T		0		0	12		0	250.13O	0	14.1q	5.25q	0	5			0		594.45Q				0	90	172845	373	29647	107863		37.92O	195.08K			36715			0	601	540	621		12h 8m 19s	3	4	3		11.42B				0			0	0		3.92M	Ray	68.49s		97536					12.36T	0						166.13O					0					9.51M	26.57S	278	29826	0	156	2h 30m 58s	1185		24.01S		4.45K	112	0		148		5.79s			32.83K	0	65823		38655	1.99O			0	14	452	231725			148			1890		441
2026-03-28	17:47:00		farm		Mar 28, 2026 17:47			12		207346		36.31N	294		12	21.6B	15.33B	65.58K			906.25O					43.09T	101.62B	268.83B		40.6T	1.15T	31.63B	833.85B	0		39.06B	9.8T		1		1	15		0	225.9N	0	94.33q	34.2q	0	3			0		2.55s				0	167	418651	3119	62245	213087		37.1N	435.45K			81704			0	601	540	763		21h 28m 32s	4	0	15		38.27B				0			0	0		7M	Ray	1.93S		193085					9.8T	0						150.7N					0					22.97M	87.75S	506	67741	0	551	4h 23m 46s	2080		79.34S		10.38K	308	0		570		46.77s			58.38K	3.19S	132395		83440	894.52O			0	14	1668	459532			547			3343		767
2026-03-28	13:18:00		tournament	10	Mar 28, 2026 13:18			0		86237		55.2S	173		0	964.36M	809.66M	1.62K			1.58O					130.97B	0	2.06B		122.24B	2.18B	112.87M	3.67B	0		310.87M	57.69B		0		0	0		0	2.13O	8	2.63q	2.12q	11.8q	0			0		2.79s				0	6725	15207	7	10253	64269		37.87S	17.88K			19898			0	498	411	652		8h 45m 22s	3	0	0		202.37M				0			0	0		2.79M	Fast	165.07s		57823					9.8T	0						441.24S					0					323.82K	14.9S	209	15096	0	58	2h 16m 13s	868		1.06S		4.06K	0	0		50		306.69s			0	0	10553		20690	641.62s			0	12	172	143750			64			1050		19
2026-03-28	10:57:00		farm		Mar 28, 2026 10:57			21		725196		22.52D	877		48	3.54B	1.94B	257.9K			111.56O					122.07T	290.18B	1.21T		110.97T	5.24T	133.45B	3.78T	0		172.9B	7.81T		0		3	33		0	261.19D	1	126.91q	252.98q	0	3			0		107.01Q				0	68529	1693070	105351	264141	957575		24.75D	1.69M			438128			0	601	540	648		3d 5h 17m 7s	7	20	33		169.46B				0			0	961.15Q		24.02M	Scatter	279.49s		848520					218.33B	10						211.27D					0					45.23M	1.76S	1753	378850	2	4185	15h 37m 28s	7079		1.56S		22.24K	680	0		4082		1.55s			198.23K	0	499677		412684	2.65D			0	11	12469	2083405			4202			11488		2653
2026-03-27	17:57:00		farm		Mar 27, 2026 17:57			6		230475		215.76N	318		21	1.71B	1.06B	86.71K			3.98N					46.43T	113.85B	284.59B		43.83T	1.17T	33.55B	886.09B	0		41.18B	9.31T		1		0	18		0	1.48D	0	389.04q	51.03q	0	9			0		2.01s				0	94	451574	4037	69272	246459		300.69N	478.83K			96728			0	601	540	748		1d 0h 5m 7s	3	0	12		39.32B				0			16.29T	4.75s		7.87M	Scatter	2.34S		223122					0	0						910.05N					0					23.74M	75.02S	569	81737	0	708	4h 59m 10s	2294		67.85S		11.8K	336	1		763		44.93s			64.96K	0	149199		99112	46.74N			0	14	2146	533200			675			3770		873
2026-03-27	11:17:00		farm		Mar 27, 2026 11:17			45		742808		54.35D	910		18	28.74B	19.86B	271.07K			0					125.83T	305.23B	1.26T		114.33T	5.42T	138.07B	3.91T	0		179.45B	7.99T		0		5	66		0	622.99D	0	165.92q	353.6q	0	8			0		83.41Q				0	73852	1727723	110157	270865	994375		59.05D	1.73M			453223			0	601	540	744		3d 7h 17m 19s	7	20	54		173.75B				0			16.29T	0		24.61M	Scatter	210.8s		872590					0	10						503.12D					0					46.17M	1.17S	1770	391627	1	4295	15h 44m 45s	7200		1.03S		25.56K	780	0		4425		0			203.07K	2.5S	513647		425142	6.47D			0	11	12955	2150634			4235			11751		2701
2026-03-26	23:08:00		farm		Mar 26, 2026 23:08			15		487994		87.5N	591		21	11.13B	7.68B	164.25K			44.62O					85.52T	217.39B	736.5B		78.71T	3.21T	82.46B	2.29T	0		103.94B	8.48T		0		0	21		0	981.83N	0	166.34q	288.56q	0	5			0		59.92Q				0	11350	1106718	61670	162068	582534		94.42N	1.11M			254212			0	601	540	769		2d 1h 45m 30s	7	0	21		100.32B				0			0	0		15.92M	Scatter	118.53s		530986					892.15B	0						789.56N					0					32.21M	808.59s	1161	216241	1	2321	10h 5m 5s	4672		717.15s		15.85K	483	0		2389		806.78Q			131.34K	2.04S	312596		242660	10.31N			0	12	7008	1275182			2298			7604		1749
2026-03-26	13:04:00		farm		Mar 26, 2026 13:04			21		556872		5.98N	676		27	1.2B	390.68M	169.58K			0					86.13T	215.79B	843.15B		78.3T	3.7T	98.51B	2.65T	0		122.84B	7.39T		0		5	33		0	56.02N	0	33.11q	115.44q	0	8			0		47.06Q				0	62388	1032764	71048	189564	715442		7.34N	1.03M			300199			0	601	540	736		2d 9h 6m 0s	6	20	42		119.03B				0			16.29T	500.37Q		18.51M	Scatter	164.27s		598019					27.3T	10						41.83N					0					35.29M	1.13S	1329	256955	1	2850	11h 39m 41s	5424		1S		20.28K	680	0		2755		0			152.62K	0	407344		286508	870.2O			0	11	8371	1487625			2766			8857		2049
2026-03-25	20:13:00		tournament		Mar 25, 2026 20:13			0		54547		25.39S	168		0	410.71M	340.73M	1.24K			553.74S					91.25B	0	1.47B		84.99B	1.57B	90.69M	2.6B	0		224.42M	39.72B		0		0	0		8.69s	864.14S	8	1.62q	3.31q	16.24q	0			19.22S		4.52s				369	5464	13626	1	7993	40748		21.6S	13.67K			11977			0	464	369	679		8h 38m 26s	2	0	0		171.37M				0			0	0		2.76M	Boss	60.13s		35317					25.57T	0						234.35S					0					469K	9.51S	213	9040	0	39	2h 17m 50s	849		682.08s		4.35K	0	0		40		138.63s			0	0	8763		12375	105.16s			0	12	135	89523			56			1026		8
2026-03-25	17:48:00		farm		Mar 25, 2026 17:48			6		196961		57.77N	284		3	19.37B	13.69B	70.76K			793.35O					41.26T	102.7B	257.79B		38.89T	1.07T	33.09B	799.28B	0		37.02B	9.08T		0		0	9		0	232.75N	0	15.13q	51.73q	0	0			0		2.28s				0	164	375835	5137	61098	204919		46.24N	403.53K			77430			0	601	540	729		21h 41m 15s	2	0	9		38.08B				0			0	0		7.04M	Ray	2.25S		183142					21.86T	0						125.27N					1					25.38M	103.04S	506	64097	2	543	4h 32m 42s	2083		93.44S		9.68K	224	0		579		36.03s			58.03K	12.86S	140083		79416	2.68N			0	14	1702	437305			580			3364		774
2026-03-25	13:12:00		farm		Mar 25, 2026 13:12			42		710297		41.9D	886		45	18.6B	12.69B	258.37K			13.19O					128.77T	316.56B	1.29T		116.94T	5.56T	158.04B	4.01T	0		183.41B	8.46T		0		2	18		0	288.59D	0	94q	300.9q	0	4			0		101.3Q				0	70429	1550819	109677	269469	950974		39.08D	1.55M			426788			0	601	540	663		3d 3h 11m 9s	6	17	48		184.23B				0			16.29T	659.75Q		24.15M	Scatter	288.73s		826860					21.86T	10						204.12D					0					50.03M	1.76S	1737	368615	0	4107	15h 13m 7s	7096		1.57S		25.48K	700	0		4195		360.53Q			199.24K	0	575290		400897	3.49D			0	11	12570	2037996			4268			11545		2662
2026-03-24	22:00:00		tournament		Mar 24, 2026 22:00			0		53194		19.6S	168		0	451.35M	376.85M	1.27K			438.74S					81.66B	0	1.31B		76.06B	1.41B	77.73M	2.33B	0		201.59M	36.07B		0		0	0		10.17s	689.84S	8	2.01q	3.43q	17.46q	0			25.17S		3.7s				426	5001	14700	2	7184	39455		14.59S	14.75K			11930			0	462	340	681		8h 32m 57s	2	0	0		143.41M				0			0	0		2.73M	Fast	43.01s		34846					21.86T	0						183.48S					0					259.46K	7.77S	211	8939	0	40	2h 15m 50s	808		406.58s		2.9K	0	0		39		368.92s			0	0	8454		12132	60.99s			0	12	134	87721			55			1011		4
2026-03-24	19:35:00		farm		Mar 24, 2026 19:35			15		478154		96.17N	590		12	6.18B	3.97B	159.27K			384.01s					79.63T	206.71B	692.04B		73.33T	2.91T	85.37B	2.15T	0		97.16B	8T		0		3	24		0	660.44N	0	86.72q	297.73q	0	5			0		55.51Q				0	7362	930087	66058	155860	557711		89.27N	930.48K			246352			0	593	540	718		2d 0h 34m 44s	3	3	33		98.82B				0			0	345.76Q		15.77M	Ray	140.95s		519121					18.51T	0						466.84N					0					30.46M	1.03S	1133	210240	0	2269	9h 57m 17s	4640		920.42s		18.27K	437	0		2352		14.15Q			128.72K	0	330026		236733	8.17N			0	12	6895	1245731			2274			7535		1735
2026-03-24	09:08:00		farm		Mar 24, 2026 09:08			63		721043		51.03D	884		42	22.01B	14.98B	258.6K			346.93O					128.12T	328.44B	1.29T		116.26T	5.6T	157.35B	3.99T	0		184.94B	8.39T		0		2	30		0	355.73D	8	88.73q	329.65q	15.88Q	3			0		255.36Q				0	73927	1552845	110195	274205	972524		47.65D	1.55M			435152			0	601	540	769		3d 4h 21m 5s	5	20	36		183.3B				0			0	1.72s		24.14M	Scatter	514.28s		840122					18.51T	10						253.11D					0					49.05M	3.13S	1737	374977	2	4115	15h 16m 30s	7103		2.79S		24.4K	880	0		4254		2.77s			197.09K	0	572817		409205	3.94D			0	11	12548	2073681			4179			11537		2660
2026-03-23	17:28:00		farm		Mar 23, 2026 17:28			0		66356		645.9S	92		6	1.63B	1.14B	4.16K			0					2.25T	5.87B	14.16B		2.17T	16.64B	1.83B	41.3B	0		2.06B	1.44T		0		0	9		0	2.57O	0	2.16q	3.12q	0	5			0		140.1Q				0	182	90633	535	15151	56183		527.92S	101.46K			16573			0	597	540	692		6h 53m 43s	0	0	0		2.03B				0			0	0		2.23M	Scatter	39.1s		47881					18.51T	0						1.37O					0					7.24M	6.59S	156	12715	0	42	1h 33m 38s	663		5.93S		2.41K	84	0		31		0			18.2K	0	36082		17168	18.1S			0	14	108	114043			35			1068		245
2026-03-23	15:49:00		farm		Mar 23, 2026 15:49			30		718752		39.19D	880		27	5.64B	3.39B	255.28K			0					126.54T	313.06B	1.28T		114.89T	5.49T	155.7B	3.93T	0		180.68B	8.26T		0		2	51		0	266.14D	1	28.23q	320.64q	0	0			0		72.99Q				0	85381	1577403	107368	272453	958776		36.65D	1.58M			434671			0	601	540	769		3d 4h 1m 46s	5	0	27		178.8B				0			16.29T	615.11Q		24.06M	Scatter	259s		832092					18.51T	1						187.25D					0					49.39M	1.63S	1725	374701	0	4213	15h 19m 35s	7100		1.45S		26.18K	840	0		4124		0			196.48K	0	573063		408133	3.05D			0	11	12488	2065649			4151			11507		2658
2026-03-23	00:49:00		farm		Mar 23, 2026 00:49			54		737426		88.7D	912		27	8.24B	5.2B	265K			1.49N					131.21T	307.26B	1.33T		119.02T	5.77T	162.66B	4.11T	0		189.93B	8.39T		0		5	42		0	665.9D	8	103.52q	379.32q	90.39Q	5			0		353.91Q				0	76805	1628220	112480	282117	993528		80.17D	1.63M			449579			0	601	540	692		3d 7h 18m 44s	8	20	51		187.24B				0			0	4.95s		24.65M	Scatter	1.41S		863456					18.51T	9						490.08D					0					50.91M	8.3S	1793	388101	0	4269	15h 37m 47s	7231		7.38S		27.3K	700	0		4314		65.75s			201.2K	0	592715		421604	6.95D			0	11	12948	2131698			4365			11777		2711
2026-03-22	09:11:00		farm		Mar 22, 2026 09:11			27		486505		134.85N	583		42	7.89B	5.22B	165.64K			705.77B					89.53T	202.75B	782.07B		82.4T	3.35T	97.03B	2.4T	0		110.92B	8.8T		0		3	21		0	879.45N	0	74.39q	301.44q	0	1			0		62.67Q				0	11955	1064290	64612	175533	594657		119.16N	1.06M			255203			0	601	540	626		2d 2h 0m 4s	3	20	30		111.25B				0			16.29T	334.36Q		16.04M	Scatter	133.74s		531180					18.51T	10						616.46N					0					35.57M	1.03S	1144	217159	1	2384	10h 10m 35s	4734		918.12s		17.22K	690	0		2314		1.01T			130.9K	0	357108		243507	8.98N			0	12	7094	1275604			2396			7651		1754
2026-03-21	20:14:00		tournament	6	Mar 21, 2026 20:14			0		55456		29.21S	173		0	387.62M	318.43M	1.35K			1.38O					79.96B	0	1.26B		74.5B	1.38B	83.38M	2.26B	0		195.56M	34.97B		0		0	0		15.1s	1.47O	8	1.68q	2.84q	14.21q	0			25.49S		2.31s				107	5670	575	8	7563	42186		30.3S	10.8K			12559			0	450	329	663		8h 50m 10s	3	0	0		161.23M				0			0	0		2.81M	Fast	69.19s		36594					13.02T	0						6.21S					0					444.71K	2.68S	227	9327	0	54	2h 17m 11s	850		1.64S		3.34K	0	0		53		107.57s			0	0	8404		13169	646.24s			0	12	155	92479			48			1063		22
2026-03-21	17:49:00		tournament		Mar 21, 2026 17:49			0		109478		33.08S	169		0	1.3B	1.1B	1.27K			1.35O					152.78B	0	2.44B		142.52B	2.51B	133.86M	4.29B	0		372.89M	65.54B		0		0	0		0	1.49O	8	7.14q	3.94q	24.4q	0			66.07S		26.66s				926	15138	409	16	13125	80607		26.24S	16.65K			23675			0	473	380	614		8h 38m 10s	2	0	0		282.66M				0			0	0		2.77M	Fast	136.09s		68503					9.42T	0						9.72S					0					553.46K	2.24S	210	17932	0	52	2h 19m 51s	849		1.24S		4.06K	0	0		50		137.52s			22.82K	0	14130		24745	704.23s			0	12	147	177698			45			1027		8
2026-03-21	15:11:00		farm		Mar 21, 2026 15:11			39		716390		30.1D	874		27	8.11B	5.21B	250.84K			6.14O					117.22T	287.18B	1.18T		106.54T	5.02T	144.01B	3.61T	0		167.5B	7.86T		0		3	45		0	195.06D	0	71.48q	253.24q	0	5			0		87.98Q				0	82517	1526948	104665	264082	959743		26.69D	1.53M			432514			0	602	540	650		3d 0h 58m 4s	10	14	36		164.94B				0			0	584.32Q		23.92M	Ray	283.8s		828670					4.73T	7						136.27D					0					47.99M	1.75S	1718	372704	1	4165	14h 55m 6s	7053		1.56S		25.7K	920	0		4077		157Q			195.28K	0	541440		405295	2D			0	11	12403	2054488			4161			11424		2625
2026-03-20	23:58:00		tournament		Mar 20, 2026 23:58			0		103111		15.63S	162		0	1.34B	1.08B	1.21K			676.68S					152.65B	0	2.33B		142.8B	2.41B	129.27M	4.12B	0		359.44M	71.15B		0		0	0		0	749.15S	8	2.65q	4.02q	22.85q	0			37.03S		1.19s				11788	14177	341	16	12727	76418		12.62S	13.57K			22486			0	438	299	620		8h 12m 18s	2	0	0		285.08M				0			0	0		2.63M	Fast	84.64s		64260					4.73T	0						5.07S					0					620K	1.33S	205	16595	0	47	2h 8m 44s	814		708.11s		4.5K	0	0		40		74.46s			21.77K	0	12477		23097	636.62s			0	12	129	166896			42			1009		38
2026-03-20	21:39:00		farm		Mar 20, 2026 21:39			15		207626		79.56N	292		12	19.23B	13.5B	74.8K			828.25O					33.2T	80.74B	212.38B		31.33T	823.91B	27.6B	647.78B	0		29.72B	7.21T		0		0	9		0	319.32N	8	58.6q	118.94q	524.22q	2			0		2.83s				0	206	400308	14949	65806	209052		60.98N	429.99K			82708			0	602	540	653		22h 0m 2s	4	6	3		32B				0			0	5.76s		7.18M	Ray	5.92S		194388					0	3						175.33N					1					25.81M	234.79S	513	69373	1	598	4h 36m 10s	2082		212.45S		10.93K	392	0		587		54.19s			57.98K	0	136480		84646	2.63N			0	14	1797	463288			612			3436		794
2026-03-20	16:00:00		farm		Mar 20, 2026 16:00			39		706502		31.15D	885		30	21.96B	14.83B	251.72K			390.02O					117.18T	293.71B	1.18T		106.4T	5.06T	144.29B	3.64T	0		169.54B	7.69T		0		3	63		0	234.7D	8	45.36q	277.54q	24.26Q	1			0		523.73Q				0	68572	1528824	103402	266504	943732		31.15D	1.53M			423762			0	602	540	671		3d 2h 39m 13s	7	1	36		171.17B				0			0	0		23.91M	Scatter	684.31s		819989					66.66T	4						169.67D					0					47.78M	3.63S	1746	365525	0	4104	15h 13m 57s	7027		3.23S		24.46K	380	0		4095		2.62s			193.19K	4.58S	533634		398833	2.74D			0	11	12391	2022445			4192			11464		2668
2026-03-19	23:57:00		farm		Mar 19, 2026 23:57			12		223243		243.76N	318		9	5.87B	3.9B	90.13K			3.67N					41.59T	103.13B	258.7B		39.24T	1.07T	33.54B	782.62B	0		36.22B	8.15T		1		2	9		0	1.57D	8	98.94q	107.31q	7.18Q	3			0		14.97s				0	218	453934	17899	71810	229709		587.17N	482.46K			93104			0	602	540	615		1d 0h 22m 26s	7	19	15		37.34B				0			0	19.77s		7.92M	Scatter	47.9S		215286					66.66T	6						724.95N					0					27.95M	605.56S	577	78387	0	715	5h 6m 19s	2332		547.64S		10K	392	1		698		333.84s			62.09K	0	153291		95001	8.66N			0	14	2154	511892			741			3783		868
2026-03-19	18:44:00		farm		Mar 19, 2026 18:44			24		471168		122.17N	579		21	22.94B	15.58B	157.66K			18.53O					83.05T	218.5B	728.55B		76.38T	3.12T	90.47B	2.24T	0		102.87B	8.35T		0		0	24		0	890.37N	0	126.06q	304.48q	0	4			409.27s		63.83Q				8918	10407	1017787	64918	166555	569141		122.23N	1.02M			245957			0	602	540	666		2d 1h 11m 27s	5	0	21		103.19B				0			0	0		15.96M	Scatter	166.06s		516474					66.66T	0						635.8N					0					35.06M	1.15S	1143	210222	0	2371	9h 56m 35s	4725		1.03S		18.31K	621	0		2361		890.83Q			128.82K	840.05s	334217		235392	10.15N			0	12	7090	1236689			2358			7621		1751
2026-03-19	08:38:00		farm		Mar 19, 2026 08:38			33		720277		50.96D	901		45	26.85B	18.27B	241.15K			624.25O					104.08T	266.37B	1.06T		94.54T	4.47T	124.78B	3.23T	0		148.84B	6.76T		0		5	27		0	400.93D	8	104.14q	331.18q	40.1Q	4			0		312.07Q				0	48205	1336990	65288	246318	939592		51.97D	1.34M			435846			0	602	540	769		3d 3h 57m 9s	5	20	39		144.84B				0			0	0		24.26M	Scatter	898.47s		853917					65.06T	10						293.55D					0					40.92M	5.78S	1758	376708	1	4229	15h 24m 6s	7159		5.15S		23.46K	780	0		4312		19.22s			196K	7.06S	499385		408723	4.45D			0	11	12683	2079180			4142			11599		2678
2026-03-18	17:19:00		tournament		Mar 18, 2026 17:19			0		59682		22.24s	814		0	1.33B	1.16B	516			4.13S					190.98B	0	3.24B		177.75B	3.12B	224.3M	5.51B	0		479.93M	129.22B		0		0	0		0	5.09S	8	2.73q	5.16q	25.06q	1			0		926.61Q				0	4309	3890	32	11929	50452		228.37s	22.98K			18088			0	473	338	500		5h 54m 37s	1	0	0		368.07M				0			0	0		1.89M	Boss	7.64s		44479					65.06T	0						304.02s					0					1.19M	385.94s	768	11853	0	16	1h 28m 40s	564		24.3s		9.28K	0	0		17		2.06s			15.45K	0	19107		18520	9.37s			0	12	58	110280			25			697		0
2026-03-18	15:50:00		tournament		Mar 18, 2026 15:50			0		60692		37.38s	836		0	1.27B	1.07B	812			6.42S					208.66B	0	3.41B		194.8B	3.26B	228.78M	5.76B	0		490.43M	128.26B		0		0	0		0	8.07S	8	3.48q	4.06q	21.32q	4			0		588.2Q				0	4172	4245	9	12119	51720		375.81s	30.39K			18588			0	483	271	506		6h 0m 12s	2	0	0		393.67M				0			0	0		1.92M	Fast	13.27s		45569					58.13T	0						511.94s					0					953.47K	689.21s	746	12380	0	19	1h 37m 36s	578		41.45s		9.14K	0	0		21		3.39s			15.7K	0	18738		18909	14.49s			0	12	65	112837			25			729		20
2026-03-18	14:03:00		farm		Mar 18, 2026 14:03			27		704049		27.55D	887		12	27.03B	18.16B	245.74K			20O					116.49T	289.71B	1.18T		105.83T	5.01T	143.11B	3.59T	0		167.98B	7.72T		0		2	48		0	201.2D	0	58.37q	286.74q	0	0			297.13O		83.04Q				329	91025	1508409	106777	267253	948242		27.7D	1.51M			422927			0	602	540	698		3d 2h 22m 59s	6	4	33		167.79B				0			0	631.92Q		23.85M	Scatter	287.64s		810184					42.86T	7						143.52D					0					47.26M	1.68S	1717	364682	2	4041	15h 5m 51s	7129		1.49S		22.04K	900	0		4155		541.26Q			192.8K	0	535160		397705	2.42D			0	11	12290	2018344			4094			11424		2646
2026-03-17	23:09:00		farm		Mar 17, 2026 23:09			18		471432		81.19N	579		24	19.22B	13.26B	156.57K			471.61O					79.52T	197.5B	697.72B		73.21T	2.94T	85.95B	2.13T	0		99.25B	8.04T		0		3	18		0	705.84N	8	149.24q	239.41q	80.05Q	9			1.14T		1.09s				86	10388	1021417	60233	164624	564979		79.23N	1.02M			244746			0	602	540	687		1d 23h 53m 53s	8	16	24		100.89B				0			0	6.15s		15.79M	Scatter	1.96S		510751					42.86T	3						538.01N					0					34.61M	13.08S	1124	207927	0	2352	9h 53m 28s	4679		11.65S		16.1K	299	0		2252		30.73s			126.28K	0	327283		231477	6.95N			0	12	6903	1226781			2299			7539		1729
2026-03-17	12:53:00		farm		Mar 17, 2026 12:53			30		725910		67.88D	905		48	18.66B	12.56B	249.7K			21.35O					113.84T	274.19B	1.17T		103.34T	4.89T	143.11B	3.58T	0		166.62B	7.31T		0		3	21		0	462.37D	0	85.55q	366.19q	0	3			0		80.23Q				0	67012	1599519	114262	279331	974070		63.39D	1.6M			441583			0	602	540	666		3d 5h 5m 47s	5	10	15		166.12B				0			0	671.09Q		24.49M	Vampire	300.26s		852184					42.41T	0						325.77D					0					49.28M	1.74S	1767	379529	2	4212	15h 34m 26s	7123		1.55S		27.86K	840	0		4352		853.11Q			195.88K	0	549226		414047	5.32D			0	11	12855	2096822			4291			11683		2673
2026-03-16	21:29:00		farm		Mar 16, 2026 21:29			24		474121		76.66N	571		15	24.12B	16.57B	144.89K			30.27O					71.63T	168.71B	648.88B		65.77T	2.73T	78.22B	1.98T	0		93.03B	7.39T		0		4	18		0	520.35N	0	23.85q	233.96q	0	1			0		84.87Q				0	7115	872293	30563	155268	567492		72.01N	872.68K			242763			0	602	540	716		2d 0h 5m 34s	7	10	27		91.23B				0			15.45T	0		15.56M	Scatter	228.63s		514908					42.41T	10						365.81N					0					29.15M	1.75S	1114	207696	1	2133	9h 41m 51s	4662		1.56S		14.79K	575	0		2328		2.77s			124.39K	581.24s	303630		233004	5.84N			0	12	6750	1232596			2289			7444		1722
2026-03-16	11:42:00		farm		Mar 16, 2026 11:42			54		717499		32.8D	884		45	17.1B	11.43B	251.28K			16.54O					106.93T	251.68B	1.16T		96.58T	4.83T	141.47B	3.53T	0		167.2B	6.98T		0		2	48		0	221.36D	0	55.48q	267.04q	0	1			0		88.35Q				0	111350	1540254	104056	270508	965189		30.61D	1.54M			432300			0	602	540	647		3d 4h 51m 35s	6	14	24		165.02B				0			15.45T	0		24.04M	Scatter	294.09s		819474					42.41T	5						155.55D					0					47.5M	1.71S	1723	373527	0	4178	15h 19m 12s	7110		1.52S		21.78K	780	0		4136		476.82Q			192.22K	1.21S	535772		407399	2.4D			0	11	12478	2061120			4164			11476		2636
2026-03-15	20:41:00		farm		Mar 15, 2026 20:41			30		485792		99.52N	591		33	24.85B	17.43B	157.92K			349.83O					74.95T	182.97B	702.37B		68.7T	2.87T	86.86B	2.14T	0		100.47B	7.61T		0		1	27		0	777.08N	8	94.48q	290.88q	61.29Q	3			0		279.9Q				0	13857	1070612	66077	169143	585208		93.79N	1.07M			253197			0	602	540	629		2d 0h 16m 0s	10	6	18		99.48B				0			0	3.72s		15.99M	Scatter	1.29S		528213					42.41T	5						575.13N					0					34.08M	7.51S	1151	215635	0	2384	9h 50m 35s	4711		6.68S		17.95K	552	0		2407		25.66s			127.56K	0	333311		241069	8.3N			0	12	7056	1271265			2265			7634		1754
2026-03-15	08:27:00		farm		Mar 15, 2026 08:27			33		728054		72.81D	901		45	21.95B	14.73B	258.36K			17.57O					108.2T	253.7B	1.16T		97.87T	4.77T	142.34B	3.56T	0		166.08B	6.93T		0		5	39		0	470.54D	0	61.25q	352.09q	0	2			0		81.34Q				0	90026	1585497	112705	278525	976296		64.79D	1.59M			441577			0	602	540	693		3d 6h 49m 8s	5	20	24		164.43B				0			15.45T	637.91Q		24.39M	Scatter	292.67s		843721					42.41T	10						327.75D					0					48.77M	1.73S	1756	380818	3	4203	15h 37m 15s	7159		1.54S		26.4K	780	0		4309		552.56Q			192.98K	0	553631		413542	5.19D			0	11	12754	2098534			4242			11667		2699
2026-03-14	17:05:00		tournament	14	Mar 14, 2026 17:05			0		106459		24.08S	164		0	1.5B	1.21B	1.33K			1.63O					190.87B	0	3.17B		178.01B	2.98B	137.94M	5.43B	0		466.91M	81.29B		0		0	0		0	1.86O	8	4.41q	3.76q	24.17q	1			0		2.6s				0	15022	14500	12	12955	77875		45.19S	16.69K			23127			0	445	277	622		8h 29m 3s	3	0	0		378.92M				0			0	0		2.7M	Fast	116.07s		66031					42.41T	0						152.62S					0					426.06K	10.01S	214	17284	0	50	2h 20m 52s	838		1.45S		5.95K	0	0		43		82.71s			21.66K	0	13668		23783	1.97S			0	12	146	172346			53			1048		51
2026-03-14	14:41:00		farm		Mar 14, 2026 14:41			51		715436		34.58D	880		45	23.88B	16.03B	244.82K			14.95O					98.42T	242.46B	1.07T		89T	4.29T	131.84B	3.27T	0		151.01B	6.46T		0		3	33		0	227.3D	0	102.78q	291.56q	0	7			0		108.4Q				0	72811	1532488	107809	267180	943127		31.03D	1.53M			432406			0	602	540	708		3d 3h 33m 4s	8	14	30		153.57B				0			0	560.06Q		23.99M	Scatter	274.56s		832830					37.38T	7						159.13D					0					47.34M	1.63S	1723	372750	1	4073	15h 14m 38s	7045		1.45S		25.46K	540	0		4143		355.7Q			189.91K	0	538729		405518	2.55D			0	11	12458	2056337			4242			11466		2640
2026-03-13	21:54:00		farm		Mar 13, 2026 21:54			24		481281		109.07N	586		33	27.06B	18.49B	157.96K			13.67B					72.69T	176.94B	685.52B		66.61T	2.78T	85.14B	2.09T	0		96.86B	7.37T		0		2	21		0	711.76N	0	90.05q	298.18q	0	4			0		55.94Q				0	11678	1071024	67787	171945	571857		96.81N	1.07M			252163			0	702	640	652		2d 0h 2m 7s	10	5	24		99.26B				0			15.45T	258.96Q		15.92M	Scatter	127.09s		524862					0	2						497.9N					0					34.39M	945.91s	1124	213642	1	2282	9h 51m 40s	4700		843.42s		17K	759	0		2458		0			125.88K	0	336317		239242	7.98N			0	12	7069	1262736			2329			7594		1739
2026-03-13	11:35:00		farm		Mar 13, 2026 11:35			45		710933		37.08D	864		27	7.29B	4.62B	251.56K			19.48O					106.45T	247.61B	1.14T		96.34T	4.67T	139.5B	3.48T	0		162.35B	7T		0		5	24		0	238.49D	0	33.45q	259.85q	0	0			5.56O		88.19Q				168	63625	1560545	105310	271078	938463		32.47D	1.56M			428782			0	702	640	732		3d 4h 27m 24s	4	19	33		162.2B				0			0	653.47Q		23.89M	Ray	271.14s		830018					0	9						166.38D					0					48.22M	1.67S	1717	369634	1	4224	15h 11m 52s	7072		1.49S		24.28K	760	0		4064		579.8Q			183.72K	0	540077		402267	2.56D			0	11	12401	2039094			4113			11421		2634
2026-03-12	19:10:00		farm		Mar 12, 2026 19:10			6		202576		33.36N	279		9	33.11B	23.29B	60.79K			230.82O					27.03T	73.49B	182.01B		25.43T	700.92B	22.44B	551.56B	0		24.86B	6.33T		1		0	9		0	158.88N	0	150.36q	110.87q	0	4			0		2.3s				0	194	406962	14408	62555	195620		29.84N	422.48K			77978			0	702	640	769		20h 59m 37s	1	1	9		25.72B				0			15.45T	45.11Q		6.86M	Scatter	3.43S		185757					0	1						92.93N					0					22.21M	92.01S	483	65213	0	549	4h 16m 6s	2027		83.2S		8.27K	364	0		509		14.46s			52.7K	0	118930		80446	2.53N			0	14	1585	442822			527			3272		749
2026-03-12	14:15:00		farm		Mar 12, 2026 14:15			36		721675		44.82D	892		45	22.37B	15.43B	258.03K			23.93O					98.67T	237.83B	1.07T		89.31T	4.25T	131.86B	3.27T	0		152.12B	6.36T		0		4	42		0	290.14D	0	48.89q	289.53q	0	1			0		80.32Q				0	69960	1577989	106084	273634	956417		39.91D	1.58M			435978			0	702	640	656		3d 5h 34m 5s	8	12	24		151.57B				0			0	0		24.2M	Ray	274.17s		843197					0	8						202.12D					0					48.26M	1.59S	1739	377983	2	4147	15h 30m 21s	7149		1.42S		26.04K	560	0		4238		745.19Q			186.12K	1.44S	551120		409538	3.29D			0	11	12619	2078088			4234			11557		2656
2026-03-11	21:29:00		farm		Mar 11, 2026 21:29			6		190640		34.05N	277		18	13.93B	9.65B	60.33K			462.48O					25.29T	55.79B	173.04B		23.8T	655.79B	22B	517.64B	0		24.89B	5.44T		0		1	9		0	142.56N	0	94.59q	40.72q	0	3			0		2.02s				0	211	369484	3173	56878	191562		28.9N	394.86K			73929			0	689	640	731		21h 13m 30s	4	8	18		23.55B				0			15.45T	1.08Q		6.88M	Scatter	2.16S		175926					16.15T	2						77.96N					0					22.53M	84.07S	486	61219	0	567	4h 39m 1s	2065		76.22S	476	9.15K		1		538		41.07s			51.34K	0		117675	75172	1.18N			0	14	1625	419164			520			3289		757
2026-03-11	16:45:00		tournament	13	Mar 11, 2026 16:45			0		84575		941.79s	136		0	1.12B	934.88M	870			48.07S					105.64B	0	1.8B		98.35B	1.73B	64.71M	3.06B	0		259.68M	59.89B		0		0	0		0	56.47S	8	1.77q	2.62q	15.63q	0			0		294.36Q				0	12880	8046	0	9652	56459		721.85s	9.7K			17558			0	457	325	587		6h 59m 45s	2	0	0		199.24M				0			0	0		2.23M	Fast	23.37s		50498					16.15T	0						6.29S					0					198.05K	355.32s	171	12445	0	31	1h 45m 49s	657		41.1s	0	2.47K		0		28		27.08s			17.38K	0		10186	18177	41.97s			0	12	87	133859			28			850		26
2026-03-11	14:36:00		farm		Mar 11, 2026 14:36			42		711661		46.32D	897		36	9.85B	6.44B	246.92K			0					97.36T	223.31B	1.06T		88.07T	4.29T	128.03B	3.19T	0		149.48B	6.3T		0		3	30		0	338.75D	0	80.49q	324.96q	0	2			0		85.9Q				0	74424	1535181	109139	267868	942991		46.93D	1.54M			429125			0	702	640	667		3d 3h 43m 26s	9	8	57		149.9B				0			15.45T	0		24.24M	Scatter	278.31s		830001					12.17T	8						241.59D					0					46.98M	1.51S	1776	370061	0	4116	15h 27m 32s	7126		1.34S	560	26.46K		0		4331		0			186.38K	1.04S		515397	402857	3.91D			0	11	12588	2048734			4141			11597		2681
2026-03-10	23:06:00		farm		Mar 10, 2026 23:06			18		473575		107.19N	587		24	20.82B	13.88B	147.81K			90.96O					61.23T	149.6B	570.75B		56.31T	2.2T	68.71B	1.72T	0		79.82B	6.23T		0		2	18		0	807.71N	8	128.43q	300.8q	12.95Q	7			0		199.37Q				0	11421	1074732	65990	165914	554787		107.93N	1.08M			246872			0	702	640	671		2d 0h 24m 6s	10	12	27		80.34B				0			0	1.03s		15.97M	Scatter	320.56s		515331					9.3T	2						583.28N					0					30.3M	2.7S	1145	210304	2	2300	9h 49m 36s	4743		2.4S	437	18.27K		0		2323		4.75s			121.65K	0		300493	235101	9.22N			0	12	7041	1239343			2418			7625		1752
2026-03-10	13:08:00		farm		Mar 10, 2026 13:08			42		714414		42.09D	889		54	9.37B	5.86B	247.37K			8.85O					99.24T	245.95B	1.07T		89.81T	4.37T	130.18B	3.2T	0		150.79B	6.5T		0		4	39		0	282.23D	0	66.62q	290.15q	0	1			0		66.53Q				0	64381	1580584	109709	272884	934316		38.95D	1.58M			430021			0	634	581	689		3d 3h 25m 31s	8	13	51		155.83B				0			15.45T	583.49Q		24.19M	Scatter	262.73s		835735					9.3T	4						197.97D					0					47.68M	1.55S	1751	371096	1	4159	15h 16m 16s	7125		1.38S	680	22.94K		0		4175		2.68s			185.99K	0		508942	404722	3.23D			0	11	12562	2051413			4228			11545		2648
2026-03-09	22:01:00		farm		Mar 09, 2026 22:01			18		482375		112.83N	584		33	1.06B	291.16M	153.12K			1.04N					68.21T	169.6B	636.19B		62.58T	2.57T	77.67B	1.92T	0		90.88B	6.89T		0		1	24		0	770N	0	35.56q	236.53q	0	0			0		5.17s				0	31035	921100	47158	162458	601908		105.66N	921.52K			250110			0	702	640	672		2d 0h 19m 52s	9	7	24		89.7B				0			0	0		15.95M	Ray	20.84S		516455					9.3T	6						542.27N					0					44.71M	258.51S	1156	214436	1	2376	9h 53m 46s	4746		232.73S	483	17.16K		0		2319		193.53s			122.31K	67.53S		312338	238966	8.21N			0	12	7072	1259527			2377			7618		1753
2026-03-09	11:40:00		farm		Mar 09, 2026 11:40			33		719947		48.31D	906		42	3.16B	1.58B	249.27K			17.14O					96.66T	225.84B	1.05T		87.51T	4.18T	127.18B	3.17T	0		148.3B	6.25T		0		5	15		0	326.94D	0	81.85q	313.73q	0	2			0		79.82Q				0	97228	1582116	108406	277281	959176		44.9D	1.58M			437598			0	702	616	633		3d 5h 26m 43s	8	18	30		150.01B				0			0	0		24.26M	Scatter	282.92s		831046					9.3T	10						230.13D					0					47.61M	1.61S	1749	377710	1	4257	15h 27m 14s	7191		1.43S	680	25.32K		0		4249		3.6s			186.46K	1.22S		514586	409092	3.6D			0	11	12687	2078201			4181			11607		2687
2026-03-08	19:44:00		farm		Mar 08, 2026 19:44			9		225826		329.87N	325		3	741.55M	276.59M	78.58K			1.2N					34.03T	79.89B	228.93B		32.02T	900.26B	29.01B	685.76B	0		31.85B	6.75T		0		2	12		0	1.34D	0	86.95q	109.22q	0	4			0		1.82s				0	157	462881	8395	70862	233150		268.88N	491.05K			94840			0	504	315	690		1d 0h 18m 9s	2	2	18		31.79B				0			14.36T	4.79s		7.91M	Scatter	2.63S		218380					6.96T	0						723.75N					0					24.22M	72.03S	569	79622	0	701	5h 2m 18s	2336		65.24S	364	11.67K		2		705		43.24s			60.79K	0		138873	96381	18.82N			0	14	2108	520272			702			3776		867
2026-03-08	14:29:00		farm		Mar 08, 2026 14:29			3		65647		309.48S	89		3	3.26B	2.31B	3.94K			383.43q					1.46T	3.65B	10.45B		1.4T	10.88B	1.29B	29.76B	0		1.53B	955.97B		0		0	3		0	1.63O	0	2.1q	3.4q	0	2			0		97.37Q				0	155	99854	723	14534	53179		253S	107.47K			16320			0	683	640	706		6h 42m 46s	1	0	0		1.46B				0			14.36T	946.18q		2.17M	Scatter	8.58s		47211					6.96T	0						1.06O					0					5.1M	2.65S	149	12439	0	32	1h 31m 21s	646		2.37S	28	3.13K		0		32		11.22q			16.66K	0		28109	16910	12.96S			0	14	100	112584			36			1039		239
2026-03-08	12:42:00		farm		Mar 08, 2026 12:42			27		711151		24.94D	884		42	9.14B	5.97B	243.29K			8.38O					95.33T	214.75B	1.05T		86.11T	4.25T	128.05B	3.18T	0		147.85B	6.24T		0		3	42		0	168.73D	0	86.08q	255.46q	0	5			0		64.12Q				0	76646	1541584	103855	268251	930156		23.4D	1.54M			428059			0	702	640	610		3d 4h 32m 19s	6	19	30		151.63B				0			14.36T	0		23.89M	Scatter	244.72s		823801					6.96T	7						118.44D					0					46.27M	1.42S	1710	368646	0	4203	15h 17m 15s	7090		1.26S	620	23.86K		0		4118		428.14Q			183.67K	1.04S		508853	401911	1.95D			0	11	12364	2039394			4043			11408		2624
2026-03-07	20:43:00		farm		Mar 07, 2026 20:43			3		38613		9.27O	62		3	727.46M	482.96M	1.07K			3.19O					884.18B	1.79B	5.12B		856.15B	8.06B	601.92M	10.59B	0		693.01M	915.02B		0		0	3		0	59.98O	8	2.31q	2.51q	26.4q	2			0		430.05Q				0	3	52010	102	8451	27312		8.64O	61.72K			8819			0	446	321	464		4h 5m 29s	2	1	6		715.29M				0			0	0		1.32M	Fast	125.51s		26517					6.96T	3						38.33O					0					3.49M	39.49S	91	6004	0	9	57m 58s	386		35.53S	120	1.56K		0		15		8.79s			10.18K	0		14764	8712	521.91S			0	15	35	62786			11			634		145
2026-03-07	19:32:00		tournament	7	Mar 07, 2026 19:32			0		79974		3.82S	1180		0	1.37B	1.14B	965			418.75S					183.1B	0	3.11B		170.58B	2.91B	138.87M	5.28B	0		454.03M	93.21B		0		0	0		0	473.55S	8	2.04q	3.48q	18.25q	0			0		2.61s				0	16912	8718	13	12279	69293		6.87S	10.91K			27092			0	449	331	622		7h 51m 31s	2	0	0		336.84M				0			0	0		2.52M	Boss	71.67s		58783					4.6T	0						27.67S					0					486.61K	16.14S	1036	18789	0	33	1h 57m 51s	755		534.21s	0	15.23K		0		32		89.53s			19.65K	0		12948	27688	138.84s			0	12	99	156728			34			963		32
2026-03-07	17:26:00		farm		Mar 07, 2026 17:26			12		231817		317.02N	330		18	25.57B	17.75B	84.24K			7.06N					39.61T	88.85B	264.36B		37.29T	1.04T	33.53B	798.39B	0		37.17B	7.69T		0		0	0		0	1.57D	8	484.72q	47.79q	12.94Q	3			0		66.24s				0	175	483085	8009	75239	241266		271.28N	507.84K			98724			0	702	640	623		1d 0h 47m 28s	7	0	15		38.23B				0			0	0		8.08M	Ray	146.72S		226181					0	0						916.08N					1					24.53M	1.73O	586	82722	0	775	5h 9m 11s	2395		1.56O	280	12.67K		1		732		968.25s			61.71K	522.73S		143398	99805	54.63N			0	14	2220	537641			713			3864		893
2026-03-07	12:09:00		farm		Mar 07, 2026 12:09			33		727620		57.18D	894		45	53.94B	36.97B	242.07K			408.01O					97.4T	248.11B	1.06T		88.14T	4.25T	125.93B	3.19T	0		149.9B	6.37T		0		5	27		0	403.66D	8	71.11q	311.13q	35.47Q	2			0		220.73Q				0	75249	1700678	111092	271030	945023		51.38D	1.7M			442671			0	702	548	642		3d 5h 22m 19s	9	14	54		145.07B				0			0	0		24.4M	Scatter	756.64s		852420					0	2						290.89D					0					43.3M	4.02S	1757	381603	2	4325	15h 17m 38s	7205		3.57S	580	29.98K		0		4254		15.92s			187.53K	6.92S		498662	416168	4.21D			0	11	12733	2102035			4154			11659		2687
2026-03-06	20:56:00		farm		Mar 06, 2026 20:56			21		461800		35.19N	555		21	7.21B	4.62B	141.84K			96.88O					63.09T	161.31B	590.57B		57.89T	2.38T	72.87B	1.78T	0		83.03B	6.64T		0		0	24		0	243.13N	8	45.09q	169.47q	14.45Q	1			0		108.94Q				0	10672	1026809	56014	160136	534911		31.13N	1.03M			233097			0	702	609	694		1d 22h 39m 38s	9	6	27		82.69B				0			0	0		15.16M	Scatter	557.64s		492947					0	8						174.24N					0					31M	3.19S	1070	198814	1	2149	9h 30m 13s	4421		2.84S	667	16.04K		0		2135		6.6s			116.51K	4.46S		296246	224645	2.48N			0	12	6424	1185972			2140			7246		1669
2026-03-06	11:20:00		farm		Mar 06, 2026 11:20			33		718345		32.54D	877		36	47.43B	31.91B	232.22K			641.75O					92.69T	229.87B	1.02T		83.85T	4.05T	120.81B	3.04T	0		142.17B	5.96T		0		5	39		0	235.32D	8	68.41q	271.83q	45.1Q	2			0		398.78Q				0	79686	1664352	108750	267430	931691		28.82D	1.66M			434220			0	702	640	701		3d 5h 19m 54s	7	15	24		141.52B				0			0	2.98s		24.03M	Scatter	1.01S		833100					0	2						171.53D					0					42.07M	5.61S	1717	375125	1	4082	15h 33m 0s	7104		4.97S	680	25.32K		0		4265		11.36s			184.77K	0		491735	408454	2.44D			0	11	12457	2065758			4110			11479		2641
2026-03-05	20:07:00		farm		Mar 05, 2026 20:07			15		204677		37.21N	287		21	18.91B	13.21B	60.79K			1.97N					28.59T	65.28B	194.86B		26.89T	756.71B	23.79B	579.57B	0		28.25B	6.49T		0		0	12		0	187.54N	8	79.14q	9.88q	9.85Q	2			0		93.89s				0	189	407327	1897	60133	204747		27.44N	429.39K			80829			0	702	640	769		21h 28m 5s	3	5	12		26.38B				0			0	34.9s		6.99M	Ray	49.01S		189840					0	8						119.67N					0					20.39M	3.99O	510	66913	1	532	4h 24m 25s	2086		3.59O	224	10.6K		1		550		1.88S			53.75K	0		117377	82037	1.25N			0	14	1663	453224			581			3331		758
2026-03-05	15:07:00		farm		Mar 05, 2026 15:07			15		204677		37.21N	287		21	18.91B	13.21B	60.79K			1.97N					28.59T	65.28B	194.86B		26.89T	756.71B	23.79B	579.57B	0		28.25B	6.49T		0		0	12		0	187.54N	8	79.14q	9.88q	9.85Q	2			0		93.89s				0	189	407327	1897	60133	204747		27.44N	429.39K			80829			0	702	640	769		21h 28m 5s	3	5	12		26.38B				0			0	34.9s		6.99M	Ray	49.01S		189840					0	8						119.67N					0					20.39M	3.99O	510	66913	1	532	4h 24m 25s	2086		3.59O	224	10.6K		1		550		1.88S			53.75K	0		117377	82037	1.25N			0	14	1663	453224			581			3331		758
2026-03-05	14:13:00		farm		Mar 05, 2026 14:13			15		202692		39.01N	284		3	12.78B	8.82B	63.51K			625.05O					28.58T	73.67B	191.58B		26.9T	751.6B	24.07B	568.32B	0		27.48B	6.39T		0		0	9		0	154.54N	0	81.02q	27.95q	0	1			0		2.7s				0	208	399985	4399	60695	203185		30.29N	422.51K			79182			0	556	483	636		21h 18m 38s	4	0	18		25.92B				0			0	3.25s		6.93M	Ray	2.52S		187292					15.92T	0						83.46N					0					20.53M	121.03S	493	65542	0	547	4h 28m 23s	2013		109.57S	336	7.93K		1		540		105.84s			53.24K	0		117844	80199	1.16N			0	14	1605	445499			518			3304		755
2026-03-05	09:38:00		farm		Mar 05, 2026 9:38			15		483039		110.4N	588		27	12.76B	8.13B	150.65K			1.85N					62.81T	146.97B	588.23B		57.71T	2.31T	70.41B	1.76T	0		83.97B	6.27T		0		5	36		0	781.87N	8	57.58q	223.06q	8.18Q	1			0		15.06s				0	30121	1007612	53137	164021	579639		99.07N	1.01M			250856			0	702	640	679		2d 1h 30m 45s	5	20	18		85.24B				0			0	0		15.92M	Ray	60.78S		518942					15.92T	10						562.7N					0					34.5M	750.2S	1143	214370	1	2250	10h 1m 25s	4720		672.48S	529	16.33K		0		2395		310.34s			122.4K	238.73S		300861	240168	7.85N			0	12	7054	1265461			2409			7612		1756
2026-03-04	20:29:00		milestone		Mar 04, 2026 20:29			0		23351		3.22O	43		0	158.4M	131.75M	215			36.36O					70.61B	0	634.39M		68.03B	622.51M	40.6M	1.05B	0		92.38M	95.55B		0		0	0		0	59.71O	8	913.39T	1.74q	8.81q	0			0		986.49s				0	20	8850	27	3828	16937		3.51O	20.81K			4225			0	198	191	231		2h 57m 23s	1	0	0		84.96M				0			1.8T	0		815.38K	Ranged	431.58s		14202					15.92T	0						16.13O					0					1.13M	327.72S	45	2544	0	2	44m 20s	250		43.92S	0	990		0		4		430.79s			7.34K	0		2875	3811	164.04S			0	16	11	34150			5			312		7
2026-03-04	19:44:00		milestone		Mar 04, 2026 19:44			0		7478		32.97S	15		0	21.02M	16.73M	16			101.47Q					17.79B	0	163.27M		17.12B	166.16M	11.59M	268.92M	0		24.57M	67.99B		0		0	0		0	208.45S	8	210.71T	385.52T	1.98q	2			0		300.07Q				0	11	5473	57	1635	5293		50.87S	8.35K			919			0	71	66	71		1h 2m 46s	1	0	0		27.32M				0			0	0		286.83K	Basic	45.58s		4035					13.38T	0						97.75S					0					854.85K	23.79S	15	448	0	0	15m 42s	90		19.59S	0	495		0		0		383.41q			2.58K	0		1333	800	3.02S			0	16	1	9676			1			108		0
2026-03-04	18:43:00		tournament	6	Mar 04, 2026 18:43			0		103686		17S	1479		0	1.82B	1.56B	929			705.66S					194.99B	0	3.42B		181.35B	3.19B	104.19M	5.78B	0		503.93M	95.74B		0		0	0		0	777.44S	8	2.02q	4.06q	21.19q	0			14.81S		1.04s				653	12812	308	22	12411	89990		8.93S	16.14K			36982			0	440	328	631		8h 7m 30s	2	0	0		326.47M				0			0	0		2.59M	Boss	152.49s		81875					10.8T	0						4.28S					0					222.24K	25.73S	1299	25473	0	40	2h 2m 12s	783		480.92s	0	15.66K		0		42		107.49s			20.18K	0		11145	38096	766.03s			0	12	122	208245			40			962		6
2026-03-04	16:38:00		tournament		Mar 04, 2026 16:38			0		60746		44.74s	804		0	1.14B	987.78M	301			0					120.31B	0	2.14B		111.68B	1.99B	106.39M	3.61B	0		329.69M	93.95B		0		0	0		0	951.68s	8	1.4q	2.89q	14.59q	0			0		205.52Q				0	21129	348	93	10456	54096		49.08s	4.69K			18000			0	422	393	431		5h 7m 22s	0	0	0		258.98M				0			0	0		1.64M	Fast	40.01s		37352					6.85T	0						15.36s					0					697.08K	794.54s	748	11690	0	11	1h 16m 50s	497		458.69s	0	10.15K		0		9		0			12.72K	0		11260	17920	7.75s			0	12	34	110204			14			604		0
2026-03-04	15:17:00		farm		Mar 04, 2026 15:17			0		202207		28.31N	279		12	38.05B	26.55B	57.16K			5.82q					26.05T	68.06B	176.94B		24.51T	678.22B	20.6B	528.17B	0		24.44B	6.09T		0		0	9		0	145.61N	0	48.05q	110.55q	0	2			0		1.37s				0	137	410187	15907	60280	196817		21.88N	424.84K			79227			0	702	640	679		21h 2m 59s	5	0	21		24.67B				0			0	4s		6.88M	Ray	1.97S		186736					651.98B	0						94.09N					0					19.9M	45.58S	500	65649	1	580	4h 16m 34s	2044		41.02S	252	9.86K		1		527		554.29T			52.84K	0		101120	81033	1.34N			0	14	1605	445445			498			3283		754
2026-03-04	10:44:00		farm		Mar 04, 2026 10:44			48		719324		29.43D	883		30	58.99B	40.2B	208.15K			318.33N					76.95T	180.98B	838.2B		69.67T	3.37T	85.07B	2.5T	0		117.86B	5.01T		0		5	36		0	250.04D	8	54.89q	140.85q	119.34Q	0			0		146.63s				0	124793	1227629	27684	230902	923441		26.12D	1.23M			434491			0	702	640	750		3d 5h 10m 48s	7	12	36		105.8B				0			0	0		24.02M	Scatter	641.33S		820034					0	9						191.83D					0					34.83M	6.63O	1727	377222	0	4278	15h 21m 5s	7126		5.96O	840	22.96K		0		4163		4.96S			184.63K	3.73O		385717	409719	2.35D			0	11	12454	2076363			4013			11477		2645
2026-03-03	20:08:00		farm		Mar 03, 2026 20:08			12		221151		124.26N	310		18	22.68B	15.79B	65.33K			4.85N					25.45T	64.11B	173.88B		23.96T	656.25B	19.33B	515.7B	0		24.73B	5.39T		1		0	15		0	982.12N	8	77.23q	21.52q	20.49Q	2			0		155.61s				0	184	439206	2654	66420	228860		357.4N	469.94K			90543			0	702	640	673		23h 12m 15s	2	8	9		22.98B				0			0	2.29s		7.58M	Boss	281.51S		210665					134.47T	1						486.83N					0					19.87M	4.45O	540	75516	0	631	4h 43m 14s	2275		4.01O	308	9.6K		1		659		1.37S			58.28K	0		106699	92188	8.78N			0	14	1951	501784			661			3618		829
2026-03-03	15:07:00		farm		Mar 03, 2026 15:07			45		718089		25.68D	874		39	60.66B	40.27B	215.39K			24.64M					86.29T	211.77B	939.16B		78.13T	3.75T	101.92B	2.81T	0		131.96B	5.63T		0		1	36		0	230.15D	8	74.61q	303.57q	72.44Q	4			0		494.87Q				0	69760	1676347	113272	260548	931136		23.8D	1.68M			434960			0	702	640	658		3d 4h 43m 23s	8	1	15		129.14B				0			0	2.83s		23.98M	Scatter	1.01S		841183					133.38T	0						178.23D					0					40.37M	5.66S	1735	375013	1	4012	15h 20m 5s	7108		4.99S	720	24.52K		0		4184		0			184.34K	0		418276	408568	2.44D			0	11	12428	2070076			4232			11489		2671
2026-03-02	23:05:00		farm		Mar 02, 2026 23:05			24		485014		83.74N	592		12	7.13B	4.36B	142.69K			696.18O					58.11T	139.39B	552.03B		53.33T	2.17T	59.12B	1.65T	0		77.68B	5.8T		0		4	18		0	760.69N	8	97.57q	172.16q	216.96Q	5			0		2.65s				0	10070	1106864	35397	161642	573762		79.16N	1.11M			251116			0	702	640	658		2d 0h 0m 5s	9	19	33		75.91B				0			0	11.02s		15.92M	Scatter	6.08S		529001					133.38T	10						589.63N					0					28.2M	35.79S	1124	215550	1	2341	10h 0m 42s	4728		31.77S	644	14.85K		0		2338		73.67s			122.28K	0		251516	241894	7.45N			0	12	6991	1270706			2312			7611		1755
2026-03-02	12:49:00		farm		Mar 02, 2026 12:49			42		725565		35.11D	888		24	17.5B	10.95B	226.35K			2.91N					87.25T	210.45B	960.5B		78.93T	3.82T	104.58B	2.86T	0		135.68B	5.57T		0		4	48		0	313.41D	8	54.03q	289.36q	289.73Q	2			0		1.53s				0	75660	1684119	111320	263762	949380		32.79D	1.68M			439633			0	702	640	666		3d 5h 55m 20s	8	10	63		132.29B				0			0	0		24.23M	Scatter	4.1S		849504					133.38T	4						242.26D					0					40.73M	21.17S	1763	382008	2	4201	15h 40m 24s	7166		18.77S	660	22.92K		0		4247		93.25s			186.32K	43.5S		426433	415287	3.23D			0	11	12591	2097514			4143			11588		2677
2026-03-01	21:34:00		farm		Mar 01, 2026 21:34			6		197900		19.38N	273		3	37.93B	26.55B	53.65K			181.95O					20.86T	48.6B	139.84B		19.73T	449.8B	16.2B	417.55B	0		20.11B	4.89T		0		1	15		0	102N	1	198.48q	31.07q	0	13			2.59S		973.21Q				125	193	398772	7411	58203	194286		15.5N	412.76K			76770			0	579	561	687		20h 41m 35s	5	10	9		20.37B				0			0	36.3Q		6.71M	Scatter	1.4S		181960					133.38T	6						65.95N					1					18.58M	35.71S	481	63702	0	484	4h 15m 49s	2064		32.19S	224	9.21K		0		530		8.46s			51.58K	0		98129	77943	983.45O			0	14	1557	434210			543			3207		736
2026-03-01	16:30:00		farm		Mar 01, 2026 16:30			0		231067		273.98N	321		18	4.29B	2.81B	75.35K			8.34N					29.97T	81.16B	201.81B		28.24T	754.61B	22.45B	595.51B	0		28.62B	5.96T		1		0	3		0	1.58D	8	61.44q	37.02q	46.48Q	1			0		28.86s				0	168	468803	3202	72064	241120		343.49N	502.08K			97998			0	579	567	663		1d 0h 27m 15s	6	0	27		28.25B				0			0	374.14Q		7.98M	Ray	90.36S		223776					11.01T	0						943.57N					1					21.17M	1.27O	581	82261	0	769	5h 1m 44s	2347		1.15O	504	12.58K		0		717		866.65s			61.28K	0		113416	98418	11.27N			0	14	2200	534189			714			3805		870
2026-03-01	10:52:00		farm		Mar 01, 2026 10:52			30		731570		45.07D	901		30	56.92B	38.67B	225.56K			287.11N					80.78T	187.46B	891.41B		73.12T	3.49T	94.55B	2.66T	0		125.44B	5.13T		0		5	48		0	387.75D	8	40.2q	172.42q	194.84Q	0			0		247.64s				0	177480	1522160	73023	256738	970443		40.25D	1.52M			445028			0	702	640	662		3d 6h 33m 49s	8	18	21		118.42B				0			0	1.26S		24.45M	Ray	893.6S		814576					11.01T	10						298.18D					0					45.47M	8.38O	1768	384911	1	4212	15h 45m 8s	7220		7.52O	600	23.7K		0		4266		7.74S			187.94K	0		431486	419338	3.96D			0	11	12726	2118241			4248			11671		2682
2026-02-28	18:40:00		farm		Feb 28, 2026 18:40			6		232296		331.26N	325		15	39.7B	27.36B	80.13K			8.1N					32T	74.21B	217.56B		30.13T	825.71B	25.12B	646.86B	0		30.19B	6.27T		0		0	9		0	1.7D	8	58.4q	49.12q	39.26Q	0			0		27.37s				0	173	495499	13634	74955	242043		260.93N	512.21K			98700			0	702	640	698		1d 0h 36m 39s	5	2	9		31.13B				0			0	0		8.03M	Boss	100.55S		226370					8.18T	0						1.08D					1					22.68M	1.53O	572	83719	1	738	5h 6m 8s	2385		1.38O	168	9.92K		1		743		996.69s			61.68K	481.87S		120196	100675	13.41N			0	14	2227	540303			746			3852		898
2026-02-28	13:10:00		farm		Feb 28, 2026 13:10			30		724270		36.81D	895		36	46.74B	31.31B	224.63K			2.05N					87.23T	214.83B	963.1B		78.87T	3.85T	105.12B	2.87T	0		135.17B	5.59T		0		5	33		0	321.19D	8	61.94q	307.58q	205.06Q	3			0		1.46s				0	80218	1683905	109367	262323	943465		32.93D	1.68M			441443			0	702	640	643		3d 5h 46m 14s	10	14	21		132.62B				0			0	0		24.23M	Scatter	3.28S		844780					8.18T	8						248.08D					0					40.57M	17.31S	1750	380684	2	4127	15h 36m 18s	7115		15.36S	840	23.52K		0		4156		64.29s			186.24K	42.61S		424736	414683	3.37D			0	11	12593	2093415			4310			11602		2693
2026-02-27	21:38:00		tournament	15	Feb 27, 2026 21:38			0		66047		163.43s	890		0	1.32B	1.14B	773			17.81S					106.16B	0	1.87B		98.6B	1.77B	61.79M	3.2B	0		275.75M	64.59B		0		0	0		0	20.37S	8	3.03q	3.44q	18.2q	0			57.88s		3.21s				49	14348	7878	32	10810	52494		214.89s	9.67K			21256			0	490	369	550		6h 34m 26s	2	0	0		217.96M				0			0	0		2.11M	Boss	18.33s		46461					8.18T	0						1.34S					0					299.74K	634.27s	845	14148	0	33	1h 38m 37s	629		39.9s	0	9.72K		0		26		7.81s			16.39K	0		9675	21277	128.02s			0	12	86	125207			27			778		0
2026-02-27	19:44:00		farm		Feb 27, 2026 19:44			12		229690		239.31N	320		18	23.87B	16.75B	73.07K			8.6N					29.78T	69.71B	203.21B		28.03T	774.61B	22.68B	602B	0		28.73B	6.01T		1		0	18		0	1.26D	8	71.08q	18.07q	20.24Q	1			0		87.77s				0	117	457104	2212	70500	242151		198.28N	492.51K			97706			0	702	476	650		1d 0h 21m 15s	3	6	9		27.54B				0			0	0		7.96M	Boss	199.49S		222900					1.71T	2						784.36N					1					20.33M	4O	567	81705	0	739	4h 57m 3s	2364		3.6O	280	10.81K		0		717		1.52S			61.19K	898.19S		117599	98418	26.86N			0	14	2173	531914			717			3798		870
2026-02-27	14:37:00		farm		Feb 27, 2026 14:37			18		224137		164.96N	317		12	22.04B	15.25B	76.42K			4.69N					28.75T	70.38B	196.72B		27.06T	759.57B	22.58B	558.56B	0		28.06B	5.98T		0		0	12		0	845.82N	8	43.56q	21.03q	26.35Q	2			0		53.93s				0	170	468279	5486	69659	229252		127.04N	486.04K			93334			0	702	640	660		23h 37m 10s	7	0	15		27.93B				0			0	56.42s		7.72M	Ray	154.07S		214991					1.71T	0						545.88N					1					21.38M	2.85O	546	77796	0	715	4h 48m 25s	2298		2.57O	280	12.83K		1		652		1.16S			59.3K	0		114712	94669	3.25N			0	14	2046	511874			679			3693		854
2026-02-27	09:45:00		milestone		Feb 27, 2026 09:45			0		8522		3.75O	28		0	17.54M	13.06M	36			34.56O					19.94B	0	157.59M		19.27B	181.43M	10.85M	264.48M	0		23.92M	47.32B		0		0	0		1.73S	61.53O	8	2.04q	813.07T	8.16q	2			0		4.09s				0	1	2038	36	1220	5629		6.15O	6K			1220			0	111	92	131		1h 41m 8s	1	0	0		20.81M				0			0	0		447.13K	Boss	186.72s		4928					1.71T	0						15.91O					0					554.34K	596.56S	25	684	0	0	25m 17s	146		32.4S	0	510		0		1		2.57S			4.15K	0		914	1123	570.31S			0	17	2	11634			1			174		0
2026-02-27	09:19:00		milestone		Feb 27, 2026 09:19			0		6868		1.54O	23		0	10.64M	7.86M	15			14.43O					16.55B	0	132.08M		16B	150.48M	8.64M	217.7M	0		18.42M	47.57B		0		0	0		429.29s	25.01O	8	1.42q	649.15T	4.35q	1			0		5.16s				0	2	2859	21	1184	4393		2.44O	7.46K			1006			0	82	81	88		1h 23m 30s	1	0	0		15.15M				0			521.78B	0		352.96K	Ranged	93.87s		3937					933.7B	0						6.19O					0					606.96K	209.52S	20	547	0	1	20m 52s	117		12.94S	0	680		0		0		3.67S			3.42K	0		848	885	197.97S			0	17	1	9350			0			144		0
2026-02-27	08:50:00		farm		Feb 27, 2026 08:50			33		485850		89.28N	587		27	25.92B	17.67B	139.23K			5.04N					57.85T	143.67B	546.86B		53.1T	2.17T	57.84B	1.63T	0		79.12B	5.73T		0		0	18		0	759.74N	8	41.72q	59.35q	76.93Q	1			0		233.6s				0	62798	882739	21338	150320	602175		76.51N	883.13K			253803			0	702	640	647		2d 1h 51m 15s	5	12	24		70.5B				0			0	0		15.94M	Ray	847.83S		509292					0	3						582.77N					0					26.24M	8.38O	1161	215262	1	2359	10h 5m 32s	4709		7.49O	575	17.25K		0		2442		3.27S			122.54K	2.88O		249018	241358	6.12N			0	12	7075	1275333			2274			7617		1754
2026-02-26	22:47:00		farm		Feb 26, 2026 22:47			12		229280		237.2N	329		15	23.89B	16.61B	73.89K			8.04N					30.19T	64.64B	202.9B		28.48T	748.63B	22.53B	599.91B	0		29.34B	5.92T		0		5	6		0	1.23D	8	97.5q	23.51q	28.92Q	5			0		68.59s				0	149	465296	2486	71725	241926		185.52N	496.71K			96938			0	617	561	649		1d 0h 21m 44s	7	8	9		28.17B				0			0	0		7.93M	Ray	88.73S		223444					0	7						790.13N					1					20.28M	2.74O	580	81425	0	702	5h 5m 47s	2335		2.47O	392	10.93K		1		722		1.65S			59.12K	394.41S		113012	98304	9.27N			0	14	2131	530512			707			3793		877
2026-02-26	17:10:00		farm		Feb 26, 2026 17:10			6		204039		33.44N	286		15	15.19B	10.39B	55.88K			1.49N					27.67T	73.9B	185.33B		26.05T	717.27B	21.03B	553.72B	0		26.3B	6.39T		0		0	6		0	182.38N	8	13.9q	15.96q	15.86Q	0			0		74.39s				0	151	413050	2188	61157	201966		29.25N	430.57K			80249			0	569	600	695		21h 19m 33s	4	0	15		25.9B				0			0	0		6.95M	Ray	78.2S		189846					7.54T	0						110.93N					1					18.38M	3.46O	504	66950	0	550	4h 19m 59s	2008		3.12O	420	10.65K		0		559		1.83S			51.88K	0		100489	82545	7.27N			0	14	1626	452903			517			3333		775
2026-02-26	12:44:00		farm		Feb 26, 2026 12:44			39		720208		29.41D	893		42	51.51B	34.8B	232.19K			2.86N					85.21T	203.74B	940.14B		77.1T	3.71T	102.23B	2.81T	0		132.06B	5.56T		0		5	27		0	258.48D	8	57.53q	265.86q	336.55Q	2			0		1.88s				0	66263	1699197	108344	263555	930573		26.93D	1.7M			437294			0	702	573	667		3d 4h 46m 15s	10	15	66		127.46B				0			0	0		24.1M	Ray	6.53S		843651					7.54T	7						199.48D					0					40.9M	31.95S	1739	377250	1	4168	15h 19m 31s	7096		28.29S	720	25.08K		0		4149		125.69s			179.85K	73.42S		421935	410606	2.66D			0	11	12554	2076840			4237			11524		2661
2026-02-25	20:33:00		farm		Feb 25, 2026 20:33			3		207180		44.19N	291		21	22.57B	15.58B	60.9K			2.03N					27.78T	58.21B	187.42B		26.17T	719.2B	20.6B	560.85B	0		26.66B	6.04T		0		0	21		0	229.04N	8	23.76q	17.29q	19.1Q	1			0		63.32s				0	116	418895	1759	62107	209745		34.21N	441.15K			82847			0	579	557	650		21h 56m 16s	5	5	9		26B				0			0	0		7.12M	Ray	150.06S		195757					7.54T	3						147.01N					1					18.6M	2.28O	507	70016	0	538	4h 36m 0s	2118		2.06O	196	10.89K		0		592		819.31s			53.04K	0		103131	84790	1.61N			0	14	1765	465029			635			3416		795
2026-02-25	15:50:00		farm		Feb 25, 2026 15:50			6		218706		114.5N	304		12	49.55B	34.07B	68.95K			7.67Q					30.41T	78.21B	204.68B		28.63T	788.09B	23.85B	609.22B	0		28.55B	6.41T		1		0	6		0	598.16N	1	118.12q	154.91q	0	4			0		1.32s				0	100	456759	19749	68712	217699		94.1N	472.74K			90166			0	702	640	696		23h 6m 28s	5	0	6		29.32B				0			13.94T	5.55s		7.54M	Scatter	1.13S		209174					7.54T	0						380.07N					1					21.24M	51.71S	541	75381	0	618	4h 44m 49s	2230		46.53S	252	11.56K		0		649		38.44s			56.23K	0		112007	91597	9.48N			0	14	1933	496850			666			3620		846
2026-02-25	10:56:00		farm		Feb 25, 2026 10:56			27		484607		108.74N	587		3	5.84B	3.29B	140.95K			6.27N					56.74T	143.81B	542.44B		52.07T	2.12T	58.5B	1.61T	0		76.63B	5.59T		0		3	18		0	950.13N	8	73.4q	83.7q	44.1Q	2			0		110.96s				0	37278	1012689	36324	155506	585327		96.28N	1.01M			254120			0	702	640	667		2d 1h 35m 4s	5	1	15		73.57B				0			0	0		16.01M	Ray	460.46S		520680					6.66T	0						730.85N					0					30.65M	4.53O	1140	217433	0	2350	10h 8m 32s	4788		4.07O	529	16.19K		0		2347		2.87S			119.51K	1.63O		256532	243614	7.99N			0	12	7062	1276463			2365			7671		1781
2026-02-25	00:38:00		tournament	15	Feb 25, 2026 00:38			0		68998		4.13S	987		0	1.13B	956.57M	1.08K			240.33S					90.98B	0	1.55B		84.51B	1.54B	73.9M	2.74B	0		241.09M	43.21B		0		0	0		2.44s	272.56S	8	1.92q	4.28q	21.14q	0			13.03S		1.82s				1452	12267	293	31	10356	60587		3.54S	8.97K			23754			0	484	388	639		7h 48m 42s	3	0	0		180.92M				0			0	0		2.5M	Boss	62.49s		52895					6.66T	0						1.81S					0					386.34K	9S	833	16815	0	38	2h 6m 20s	766		183.57s	0	12.76K		0		54		96s			0	0		9482	24391	548.06s			0	12	118	137357			26			923		0
2026-02-24	22:25:00		farm		Feb 24, 2026 22:25			15		230946		308.37N	327		0	20.14B	13.92B	77.19K			10.4N					29.83T	64.92B	202.91B		28.11T	753.93B	22.59B	604.62B	0		28.64B	5.6T		0		2	9		0	1.67D	8	114.68q	27.18q	33.26Q	7			0		98.83s				0	186	468864	2682	71491	243393		271.05N	503.15K			98105			0	635	615	667		1d 0h 36m 31s	7	19	15		27.3B				0			0	953.31Q		8.02M	Boss	247.52S		225347					0	10						1.02D					0					20.82M	3.12O	576	82977	0	730	5h 19m 30s	2360		2.81O	392	11.39K		2		762		2.12S			59.85K	0		118367	100253	68.31N			0	14	2225	538147			733			3834		882
2026-02-24	15:53:00		farm		Feb 24, 2026 15:53			6		201552		25.12N	284		21	18.55B	12.73B	63.97K			0					24.92T	63.25B	169.71B		23.47T	627.98B	19.97B	504.15B	0		23.51B	5.62T		1		1	12		0	135.28N	8	69.84q	89.09q	113.13Q	1			0		34.24s				0	159	408144	13575	61960	195344		22.56N	423.32K			78741			0	702	640	661		21h 7m 50s	5	0	9		24.96B				0			0	0		6.88M	Scatter	38.15S		186089					99.97T	0						86.46N					0					19.1M	1.37O	484	65676	1	500	4h 25m 50s	2055		1.24O	196	8.41K		0		580		0			51.35K	2.71O		102053	80536	1.13N			0	14	1631	444520			551			3282		750
2026-02-24	10:56:00		farm		Feb 24, 2026 10:56			48		725355		37.84D	891		24	42.7B	28.59B	224.21K			258.94N					84.13T	194.18B	923.99B		76.18T	3.63T	98.82B	2.76T	0		131.23B	5.44T		0		1	36		0	342.12D	8	58.32q	209.54q	173.76Q	3			0		152.38s				0	183330	1524319	84826	252991	961433		35.64D	1.52M			441288			0	702	640	644		3d 5h 25m 25s	9	17	36		118.46B				0			0	0		24.3M	Scatter	551.58S		801901					99.36T	9						265.02D					0					44.19M	4.99O	1764	381020	0	4333	15h 27m 53s	7208		4.48O	780	23.04K		0		4109		7.81S			181.36K	3.09O		431299	413107	3.36D			0	11	12717	2093238			4275			11619		2682
2026-02-23	19:33:00		farm		Feb 23, 2026 19:33			21		231008		293.05N	330		12	28.17B	19.46B	76.61K			12.79N					28.88T	76.03B	193.97B		27.23T	710.79B	21.5B	579.9B	0		27.4B	5.6T		2		0	12		0	2.02D	8	77.93q	37.82q	42.7Q	3			0		80.31s				0	166	489822	3474	74525	243608		673.98N	509.3K			99020			0	619	552	647		1d 0h 39m 59s	6	3	18		25.42B				0			0	246.02s		8.05M	Boss	153.2S		226545					98.74T	1						1.01D					0					21.38M	4.13O	578	82903	1	698	5h 9m 16s	2386		3.72O	280	12.67K		0		799		2.78S			60.1K	0		116498	99566	24.87N			0	14	2245	539500			748			3843		880
2026-02-23	14:16:00		farm		Feb 23, 2026 14:16			0		112920		26.69O	156		0	5.89B	4B	13.42K			12.31O					4.03T	9.04B	28.01B		3.86T	45.85B	3.33B	78.86B	0		4.03B	1.67T		0		0	6		0	143.64O	8	2.09q	14.79q	277.3q	0			0		5.92s				0	191	185371	937	28247	97908		19.78O	203.92K			34005			0	702	640	646		11h 38m 6s	3	0	6		3.53B				0			0	39.17q		3.77M	Ray	789.83s		90271					98.12T	0						83.74O					0					9.13M	190.94S	262	27124	1	137	2h 25m 11s	1124		170.52S	84	5.51K		0		145		69.98s			28.14K	0		50333	35620	921.63S			0	14	417	214820			135			1807		418
2026-02-23	11:47:00		farm		Feb 23, 2026 11:47			21		724832		43.41D	896		42	17.64B	11.23B	234.3K			1.6N					83.71T	198.27B	935.32B		75.68T	3.66T	103.35B	2.8T	0		131.2B	5.37T		0		5	33		0	374.96D	8	64.8q	296.25q	233.98Q	2			0		1.11s				0	79841	1701490	112152	266923	939748		39.68D	1.7M			441666			0	702	640	636		3d 5h 45m 13s	5	16	45		119.95B				0			0	0		24.36M	Scatter	2.83S		846461					96.21T	8						288.05D					0					40.6M	14.01S	1754	381079	0	4292	15h 35m 43s	7216		12.42S	780	25.56K		0		4234		69.02s			181.77K	30.86S		437446	414099	3.82D			0	11	12705	2095837			4179			11636		2677
2026-02-22	19:21:00		farm		Feb 22, 2026 19:21			15		197455		27.88N	282		9	14.73B	10.3B	61.6K			1.15N					25.25T	62.99B	172.82B		23.75T	662.48B	20.75B	515.84B	0		23.86B	5.69T		1		0	9		0	163.35N	8	203.26q	31.67q	11.18Q	3			0		39.54s				0	137	385662	8666	58138	197197		33.82N	408.32K			77103			0	842	650	671		21h 4m 59s	6	4	18		20.56B				0			0	0		6.85M	Ray	57.35S		183057					93.7T	2						93.97N					0					20.11M	1.61O	480	64854	0	519	4h 26m 11s	2018		1.45O	364	10.12K		0		520		647.47s			51.06K	46.2S		108902	79252	6.53N			0	14	1619	435776			580			3267		747
2026-02-22	13:11:00		farm		Feb 22, 2026 13:11			9		200710		35.8N	286		12	13.6B	9.37B	65.48K			3.87Q					25.73T	67.61B	176.9B		24.21T	664.89B	21.64B	525.43B	0		24.65B	5.96T		0		1	9		0	139.29N	0	70.82q	107.54q	0	2			0		732.32Q				0	130	395503	15205	60606	194335		27.41N	419.27K			78527			0	843	650	615		21h 11m 9s	5	0	3		22.94B				0			13.94T	1.97s		6.9M	Scatter	191.18s		184755					93.7T	0						75.31N					0					19.54M	30.69S	492	65287	0	551	4h 18m 50s	2033		27.74S	364	9.04K		1		531		180.94q			51.49K	0		110385	80096	763.13O			0	14	1579	441246			497			3298		758
2026-02-21	22:27:00		farm		Feb 21, 2026 22:27			18		203910		30.5N	288		6	16.44B	11.37B	63.41K			7.49q					20.75T	48.04B	143.27B		19.58T	477.48B	16.66B	427.34B	0		19.88B	4.44T		0		0	12		0	170.77N	0	44.04q	96.62q	0	1			26.54N		762.67Q				20650	121	396013	14793	60114	197959		25.69N	422K			80604			0	843	650	644		21h 28m 56s	6	18	12		18.81B				0			0	2.36s		6.99M	Ray	823.92s		188687					93.7T	9						80.66N					0					18.96M	26.63S	500	67008	2	576	4h 40m 16s	2096		23.96S	252	11.41K		1		493		0			52.1K	0		100987	81978	7.38N			0	14	1646	449717			577			3332		762
2026-02-21	17:47:00		farm		Feb 21, 2026 17:47			18		204308		33.94N	288		9	15.68B	10.61B	58.33K			737.43O					27.31T	68.82B	184.88B		25.72T	698.51B	21.53B	548.02B	0		25.69B	5.98T		0		0	12		0	175.7N	8	68.26q	86.38q	10.08Q	2			0		13.24s				0	137	418444	15523	63885	200959		26.52N	433.24K			81165			0	516	572	611		21h 32m 58s	5	0	6		25.34B				0			0	0		7M	Ray	15.44S		191597					93.7T	0						112.6N					0					18.78M	512.06S	502	67430	0	517	4h 33m 52s	2053		461.48S	308	8.06K		1		583		307.46s			52.25K	11.78S		103526	83350	1.91N			0	14	1660	455761			560			3361		784
2026-02-21	13:11:00		farm		Feb 21, 2026 13:11			18		224619		177.38N	315		9	4.72B	3.07B	80.51K			4.75N					29.82T	76.67B	201.6B		28.13T	716.17B	24.43B	603.57B	0		28.14B	6.07T		0		0	9		0	924.6N	8	37.19q	49.78q	19.02Q	0			0		21.07s				0	112	460139	14170	73171	226060		154.34N	486.3K			93778			0	843	650	671		23h 48m 40s	5	0	12		27.29B				0			0	0		7.79M	Boss	67.02S		215174					93.7T	0						549.96N					0					21.92M	1.15O	570	78467	0	693	4h 54m 38s	2274		1.04O	308	9.76K		2		685		944.44s			58.06K	557.12S		126291	94610	38.16N			0	14	2070	513239			692			3717		852
2026-02-21	11:55:00		farm		Feb 21, 2026 11:55			33		475965		80.24N	589		36	9.16B	5.88B	145.74K			0					59.35T	138.47B	567.46B		54.46T	2.21T	65.63B	1.7T	0		81.11B	5.98T		0		5	33		0	541.23N	0	95.79q	264.41q	0	5			0		2.15s				0	39519	926331	57531	161724	587096		75.09N	926.74K			246457			0	837	650	603		2d 0h 57m 40s	3	20	18		74.07B				0			13.94T	18.75s		15.81M	Scatter	11.66S		506896					53.6T	10						379.7N					0					38.28M	110.83S	1131	211382	0	2378	9h 55m 46s	4677		99.42S	598	17.56K		0		2386		7.39B			117.93K	0		277848	236836	6.19N			0	12	6962	1245450			2198			7541		1728
2026-02-21	08:13:00		tournament		Feb 21, 2026 08:13			0		41826		322.58Q	588		3	609.46M	521.98M	180			87.83s					78.08B	157.37M	1.4B		72.26B	1.28B	85.28M	2.38B	0		207.61M	72.46B		0		0	3		0	128.19s	8	1.66q	4.83q	24.39q	0			208.76Q		78.92Q				16	3298	961	29	8785	32607		6.06s	7.57K			11389			0	336	303	335		4h 18m 36s	2	0	3		179.63M				0			0	0		1.37M	Boss	1.25s		29064					93.7T	0						2.79s					0					708.02K	29.07s	512	7184	1	7	1h 4m 39s	428		1.77s	46	7.15K		0		6		175.79Q			10.36K	0		13140	11256	400.27Q			0	12	25	72957			12			510		2
2026-02-20	19:40:00		tournament	12	Feb 20, 2026 19:40			0		35258		256.93Q	483		0	475.76M	405.87M	222			68.26s					73.01B	0	1.32B		67.73B	1.19B	75.83M	2.21B	0		192.16M	68.13B		0		0	0		42.24q	96.99s	8	5.3q	4.3q	24.49q	0			0		52.32Q				0	2493	1916	25	7266	27742		4.79s	14.55K			9802			0	345	322	355		4h 17m 11s	2	0	0		165.61M				0			0	0		1.36M	Fast	792.33Q		24813					53.6T	0						3.3s					0					593.19K	19.25s	449	6143	0	8	1h 4m 17s	430		1.04s	0	6.53K		0		5		128Q			0	0		11058	9544	163.2Q			0	12	25	61853			12			512		6
2026-02-20	17:56:00		farm		Feb 20, 2026 17:56			12		220033		111.75N	311		18	58.94B	40.71B	65.41K			17.37q					30.11T	77.23B	204.45B		28.35T	770.34B	23.85B	610.53B	0		28.61B	6.25T		1		0	9		0	707.56N	0	32.81q	107.61q	0	2			0		867.28Q				0	147	461487	20876	67041	223213		180.37N	476.82K			91041			0	600	628	646		23h 14m 8s	3	0	15		26.25B				0			0	1.83s		7.58M	Ray	484.1s		210602					15.97T	0						405.3N					0					20M	28.63S	541	75878	0	661	4h 48m 51s	2260		25.69S	588	11.12K		1		666		0			56.6K	0		110585	92493	10.14N			0	14	1994	501485			667			3623		832
2026-02-20	13:02:00		farm		Feb 20, 2026 13:02			12		230540		284.36N	323		9	10.18B	6.86B	74.15K			7.43N					26.17T	71.33B	175.14B		24.67T	652.5B	19.67B	511.28B	0		24.5B	5.13T		1		0	21		0	1.54D	8	64.33q	45.51q	49.24Q	1			0		65.03s				0	167	474653	3776	70988	240738		247.72N	503.17K			97640			0	601	481	675		1d 0h 36m 48s	4	0	15		21.7B				0			0	48.36s		8.03M	Scatter	97.06S		224416					15.97T	0						990.86N					0					20.11M	2.06O	580	82074	1	719	5h 5m 56s	2376		1.85O	448	11.45K		1		761		1.25S			59.93K	0		112020	98871	12.6N			0	14	2228	534751			748			3835		879
2026-02-20	07:49:00		farm		Feb 20, 2026 07:49			9		470170		39.98N	571		24	2.92B	845.55M	130.15K			1.59N					49.72T	123B	486.32B		45.55T	1.89T	52.93B	1.44T	0		69.25B	5.04T		0		3	33		0	357.55N	8	66.79q	166.48q	14.82Q	4			0		77.32s				0	32651	986686	51196	151198	557784		36.4N	987.11K			241636			0	843	650	634		2d 0h 15m 10s	2	13	30		55.16B				0			0	154.22s		15.52M	Ray	151.56S		498924					7.84T	5						276.09N					0					28.59M	1.29O	1108	206327	0	2323	9h 51m 49s	4582		1.15O	529	18.22K		0		2176		654.71s			115.76K	0		235132	231309	3.49N			0	12	6760	1220585			2261			7401		1694
2026-02-19	21:10:00		farm		Feb 19, 2026 21:10			15		225306		254.07N	325		15	12.34B	8.3B	76.42K			2.68N					28.95T	69.8B	195.28B		27.3T	707.11B	23.75B	583.79B	0		27.35B	5.74T		0		3	6		0	1.08D	8	81.01q	72q	11.21Q	2			0		7.68s				0	186	416492	7622	69533	235101		156.12N	488.2K			94538			0	844	650	625		1d 0h 15m 48s	7	10	3		21.68B				0			0	25.34s		7.89M	Boss	24.07S		218114					5.6T	8						665.5N					1					22.3M	319.3S	575	79291	0	723	5h 2m 38s	2348		287.98S	336	13.35K		1		688		117.05s			58.47K	0		124245	96534	5.71N			0	14	2122	518816			711			3762		860
2026-02-19	16:05:00		farm		Feb 19, 2026 16:05			6		225998		195.78N	319		9	31.9B	22.44B	73.46K			4.81N					27.09T	58.54B	189.11B		25.49T	698.34B	21.87B	564.32B	0		26.6B	5.53T		2		0	6		0	1.32D	8	98.45q	46.1q	27.07Q	1			0		59.71s				0	127	457245	11560	70574	230679		430.76N	491.53K			94173			0	634	578	654		23h 59m 12s	5	14	15		22.04B				0			0	0		7.83M	Boss	39.01S		217816					5.6T	7						674.41N					0					21.15M	1.77O	566	79018	0	718	4h 53m 53s	2328		1.6O	252	12.03K		0		642		1.22S			58.41K	2.09O		112815	95480	12.24N			0	14	2090	516467			730			3744		863
2026-02-19	10:41:00		farm		Feb 19, 2026 10:41			0		657461		35.41D	900		0	13.61B	8.62B	235.6K			182.04N					67.88T	0	754.81B		61.6T	2.94T	83.15B	2.25T	0		107.48B	4.35T		0		0	0		848.32O	363.09D	8	73.39q	256.56q	143.1Q	2			0		31.33s				0	143297	1302891	88719	221905	892259		27.82D	1.3M			404860			0	845	650	652		3d 5h 31m 39s	10	0	0		82.26B				0			0	0		24.4M	Scatter	167.99S		747672					5.49T	0						295.61D					0					49.92M	1.76O	1745	349548	0	4284	15h 35m 31s	7198		1.58O	0	27.02K		0		4201		3.04S			0	1.42O		400838	379031	4.07D			0	11	12764	1923357			4279			11658		2686
2026-02-18	18:41:00		farm		Feb 18, 2026 18:41			15		215904		104.38N	306		9	809.25M	324.57M	69.77K			3.3N					27.51T	64.11B	187.1B		25.91T	701.68B	21.99B	557.66B	0		26.37B	5.89T		1		0	15		0	947.41N	8	58.44q	20.9q	20.95Q	0			0		62.72s				0	56	440820	7266	68515	220155		429.46N	461.3K			88449			0	535	461	645		22h 52m 47s	5	3	12		22.04B				0			0	0		7.48M	Ray	138.97S		205829					4.75T	0						387.16N					0					19.88M	1.49O	536	74049	0	626	4h 40m 24s	2221		1.34O	392	12.48K		1		642		475.25s			55.77K	60.68S		110929	89622	23.11N			0	14	1918	489542			650			3591		839
2026-02-18	13:12:00		farm		Feb 18, 2026 13:12			33		717926		42.32D	898		24	34.89B	23.02B	233K			0					75.05T	179.38B	837.27B		67.98T	3.17T	94.77B	2.5T	0		117.16B	4.85T		0		5	42		0	308.48D	8	49.62q	291.85q	68.17Q	2			0		56.4Q				0	63309	1728293	118276	271678	923064		36.71D	1.73M			436331			0	846	650	624		3d 5h 54m 41s	10	16	39		98.58B				0			0	433.25Q		24.24M	Ray	356.74s		842895					3.24T	8						225.46D					0					40.44M	1.48D	1745	376679	2	4229	15h 28m 41s	7127		267.98s	700	25.06K		0		4179		6.16M			175.42K	0		420943	409590	2.51D			0	11	12650	2071670			4242			11594		2680
2026-02-17	21:52:00		tournament	6	Feb 17, 2026 21:52			0		75979		937.1s	141		0	1.01B	853.28M	738			57.94S					84.76B	0	1.51B		78.72B	1.4B	46.63M	2.55B	0		226.43M	47.33B		0		0	0		176.27Q	67S	8	1.44q	5.1q	24.99q	0			0		271.41Q				0	10061	14442	13	10362	53510		922.41s	16.3K			16259			0	534	339	583		7h 8m 50s	1	0	0		157.09M				0			0	0		2.29M	Fast	15.99s		47468					2.69T	0						6.71S					0					351.23K	453.3s	172	11896	0	30	1h 47m 26s	695		51.72s	0	2.47K		0		33		12.4s			0	0		7294	16637	9.78s			0	12	92	122000			29			856		10
2026-02-17	19:23:00		farm		Feb 17, 2026 19:23			12		473283		71.11N	589		36	1.79B	446.51M	144.17K			51.82O					52.66T	121.28B	500.01B		48.42T	1.89T	57.64B	1.49T	0		69.99B	5.24T		0		1	24		0	570.29N	8	58.34q	244.6q	142.86Q	3			0		165.46Q				0	8984	1103240	67996	166152	549576		61.68N	1.1M			245447			0	846	581	638		2d 0h 58m 36s	10	4	18		58.38B				0			0	1.47s		15.73M	Scatter	997.51s		515589					0	2						430.31N					0					27.96M	2.67N	1135	209377	0	2328	10h 3m 7s	4682		759.86s	667	18.21K		0		2282		9.45s			113.8K	0		255821	234607	4.46N			0	12	6904	1235485			2294			7538		1753
2026-02-17	15:05:00		farm		Feb 17, 2026 15:05			33		714178		34.05D	886		18	27.81B	18.49B	233.52K			29.22O					77.18T	189.28B	860B		69.88T	3.29T	99B	2.56T	0		120.98B	5.03T		0		4	42		0	268.16D	8	124.98q	291.78q	136.21Q	7			0		95.72Q				0	67906	1700742	113783	279261	929471		29.27D	1.7M			432639			0	846	650	719		3d 5h 50m 16s	3	20	30		101.02B				0			0	0		24.11M	Scatter	567.58s		835121					0	10						201.38D					0					42.04M	1.3D	1720	372912	1	4140	15h 20m 30s	7164		383.61s	620	23.86K		0		4187		4.47s			174.46K	2.34S		435243	406347	2.16D			0	11	12490	2058556			4163			11506		2640
2026-02-16	09:32:00		farm		Feb 16, 2026 09:32			36		716878		36.13D	895		24	21.65B	14.09B	236K			28.28O					75.44T	179.17B	852.61B		68.26T	3.2T	98.56B	2.55T	0		119.72B	4.79T		0		3	24		0	288.58D	8	114.28q	302.11q	137.95Q	3			0		52.89Q				0	98619	1665396	119696	277204	937623		31.76D	1.67M			434002			0	846	650	667		3d 6h 5m 10s	10	20	42		104.43B				0			0	632.21Q		24.2M	Scatter	499.1s		826009					0	10						217.13D					0					42.92M	1.29D	1748	374211	1	4168	15h 44m 42s	7260		340.93s	820	27.42K		0		4202		4.55s			175.11K	0		437997	407963	2.27D			0	11	12574	2065656			4204			11562		2662
2026-02-15	18:07:00		farm		Feb 15, 2026 18:07			33		471395		64.68N	571		30	31.27B	21.68B	142K			554.12B					51.16T	129.32B	505.14B		46.86T	1.93T	59.28B	1.5T	0		71.01B	5.23T		0		0	18		0	427.21N	8	118.97q	244.42q	12.44Q	2			0		14.65Q				0	8718	1098877	68368	164719	545900		55.95N	1.1M			242672			0	846	650	632		1d 23h 32m 7s	10	0	18		60.89B				0			0	86.21Q		15.63M	Scatter	74.58s		511459					0	0						301.31N					0					28.15M	1.84N	1126	207136	0	2339	9h 46m 40s	4594		71.33s	437	14.36K		0		2262		707.44Q			113.1K	0		259291	232678	3.43N			0	12	6777	1226431			2176			7454		1704
2026-02-15	13:08:00		farm		Feb 15, 2026 13:08			18		690502		10.58D	857		39	16.89B	10.87B	223.77K			0					72.9T	175.78B	813.75B		66.04T	3.05T	94.31B	2.43T	0		115.81B	4.88T		0		5	39		0	68.64D	0	63.59q	192.21q	0	1			0		12.05Q				0	72584	1560514	110340	265298	896186		9.28D	1.56M			413119			0	846	650	657		3d 1h 51m 17s	8	20	30		100.49B				0			13.53T	94.39Q		23.29M	Scatter	104.28s		796376					28.51T	10						47.93D					0					41.32M	287.21N	1669	355059	1	4025	14h 55m 30s	6876		85.94s	1K	24.52K		0		3967		0			168.5K	0		419600	386609	563.44N			0	11	11946	1970433			3954			11123		2558
2026-02-14	16:14:00		tournament		Feb 14, 2026 16:14			0		41583		285.25Q	85		0	449.33M	377.28M	298			62.9s					47.67B	0	860.3M		44.26B	782.25M	43.61M	1.43B	0		126.66M	44.06B		0		0	0		33.52q	85.18s	8	3.39q	4.06q	21.1q	0			171.98Q		59.12Q				8	2537	1399	27	7108	28308		4.38s	11.05K			7692			0	350	325	358		4h 18m 7s	2	0	0		91M				0			0	0		1.37M	Fast	630.87Q		25076					28.48T	0						3.26s					0					644.64K	13.34s	101	5060	0	9	1h 4m 55s	422		974.34Q	0	1.89K		0		8		67.63Q			0	0		9518	7565	82.79Q			0	12	28	62351			11			515		8
2026-02-14	15:06:00		farm		Feb 14, 2026 15:06			48		708011		24.17D	871		48	44.15B	28.84B	221.75K			14.23O					73.53T	175.12B	827.23B		66.52T	3.17T	91.25B	2.46T	0		116.31B	4.94T		0		5	39		0	176.63D	8	140.74q	246.51q	44.53Q	9			0		32.42Q				0	69007	1666180	112218	258464	913694		21.01D	1.67M			428365			0	846	650	635		3d 2h 35m 7s	9	10	39		94.97B				0			0	0		23.83M	Scatter	255.81s		827941					20.85T	5						129.32D					0					37.41M	785.52N	1720	369262	1	4062	14h 52m 55s	6952		181.48s	720	25.22K		0		4154		1.65s			172.43K	1.19S		398827	402045	1.35D			0	11	12288	2039020			4072			11424		2658
2026-02-13	22:53:00		farm		Feb 13, 2026 22:53			6		469579		59.06N	566		27	34.15B	23.38B	144.26K			5.17O					47.58T	109.39B	458.21B		43.77T	1.66T	53.48B	1.37T	0		63.14B	4.97T		0		0	42		0	425.18N	8	134.83q	242.95q	34.14Q	6			0		14.07Q				0	9020	1091979	68908	165279	533402		52.61N	1.09M			241960			0	846	650	642		1d 23h 3m 24s	10	10	24		54.78B				0			0	210.53Q		15.6M	Scatter	151.48s		509495					2.22T	5						308.14N					0					28.25M	1.96N	1134	206533	2	2303	9h 34m 9s	4595		120.16s	713	16.08K		0		2261		778.75Q			112.87K	0		258695	231638	3.4N			0	12	6792	1222136			2228			7458		1718
2026-02-13	13:02:00		farm		Feb 13, 2026 13:02			42		721557		51.52D	887		42	55.63B	37.35B	232.95K			30.31O					78.76T	197.76B	881.87B		71.26T	3.37T	99.99B	2.63T	0		123.98B	5.04T		0		4	18		0	418.58D	8	173.66q	327.61q	158.31Q	8			257.84B		78.07Q				62	65526	1737098	117219	277624	922902		45.84D	1.74M			439643			0	846	650	679		3d 5h 51m 7s	7	5	27		106.27B				0			0	0		24.39M	Ray	574.39s		849015					2.22T	2						315.78D					0					40.29M	2.05D	1771	379426	0	4187	15h 38m 11s	7150		374.4s	700	28.56K		0		4227		4.77s			176.45K	2.22S		426337	411528	3.39D			0	11	12733	2085793			4319			11671		2704
2026-02-12	21:34:00		farm		Feb 12, 2026 21:34			30		473328		75.79N	575		36	1.86B	705.02M	142.71K			33.65S					49.01T	117.92B	484.64B		44.95T	1.85T	56.63B	1.38T	0		67.41B	4.86T		0		1	21		0	493.8N	0	103.32q	256.68q	0	4			0		6.73Q				0	9428	1088863	70967	167833	544704		66.55N	1.09M			244928			0	846	650	630		2d 0h 36m 39s	9	15	15		57.88B				0			13.33T	43.84Q		15.72M	Scatter	50.38s		514565					2.22T	8						345.21N					0					29.84M	2.18N	1123	208781	0	2313	10h 4m 36s	4636		48.55s	621	17.73K		0		2325		15.83Q			113.79K	0		266289	233419	4.08N			0	12	6896	1234597			2258			7509		1725
2026-02-12	11:28:00		farm		Feb 12, 2026 11:28			30		709248		33.25D	879		30	21.46B	14.08B	235.94K			83.77S					73.39T	170.3B	838.45B		66.33T	3.16T	96.84B	2.5T	0		115.12B	4.77T		0		5	33		0	214.41D	0	122.3q	286.79q	0	4			11.62O		12.08Q				96	62690	1689763	112253	275312	868708		29.01D	1.69M			429341			0	846	650	620		3d 4h 47m 9s	9	20	33		100.46B				0			0	0		24.05M	Ray	101.63s		831655					2.22T	10						149.17D					0					42.02M	1.08D	1730	370925	0	4225	15h 22m 23s	7170		82.44s	620	26.24K		0		4169		33.99Q			174.01K	171.66s		435621	403224	1.89D			0	11	12538	2043827			4144			11494		2650
2026-02-11	19:55:00		tournament	15	Feb 11, 2026 19:55			0		73458		582.67s	136		0	1B	841.87M	533			31.37S					57.17B	0	986.81M		53.1B	954.97M	40.35M	1.75B	0		150.98M	29.52B		0		0	0		268.5Q	35.54S	8	2.71q	1.24q	9.46q	0			0		165.01Q				0	9943	2408	6	8788	48699		356.4s	2.72K			15209			0	511	398	575		6h 57m 21s	1	0	0		95.83M				0			4.37T	0		2.21M	Ranged	15.2s		44930					2.22T	0						2.89S					0					279.73K	318.98s	175	10969	0	24	1h 56m 12s	674		43s	0	2.47K		0		23		6.83s			0	0		7538	15836	8.36s			0	12	69	116478			22			830		11
2026-02-11	17:57:00		farm		Feb 11, 2026 17:57			15		433193		7.7N	520		24	4.33B	2.41B	121.59K			36.95B					40.48T	94.94B	404.73B		37.08T	1.51T	47.16B	1.2T	0		54.76B	4.49T		0		1	30		0	48.38N	0	296.45T	112.62q	0	0			0		4.42Q				0	8822	967503	53775	145702	458092		6.54N	967.91K			210706			0	846	650	633		1d 20h 18m 25s	8	0	24		47.64B				0			13.33T	37.87Q		14.29M		38.49s		453578					0	0						33.47N					0					25.84M	244.33O	1024	178506	0	1922	9h 0m 38s	4186		35.62s	667	14.15K		0		1911		3.7B			103.29K	0		229491	202520	431.19O			0	12	5840	1086247			2007			6833		1576
2026-02-11	14:17:00		tournament		Feb 11, 2026 14:17			0		71267		515.43s	134		0	911.45M	754.32M	596			28.56S					57.49B	0	993.66M		53.46B	946.9M	34.75M	1.73B	0		146.43M	33.76B		0		0	0		132.95Q	32.97S	8	1.18q	1.34q	8.54q	0			0		392.77Q				0	9444	6985	2	7818	47189		357.55s	7.99K			14882			0	503	350	579		6h 48m 39s	2	0	0		81.15M				0			0	0		2.17M	Boss	13.79s		43614					2.56T	0						3.2S					0					171.78K	288.82s	165	10639	0	24	1h 42m 9s	652		27.82s	0	3.34K		0		20		10.01s			0	0		7047	15385	21.49s			0	12	66	113101			22			828		27
2026-02-11	10:48:00		farm		Feb 11, 2026 10:48			39		714251		42.98D	893		48	19.17B	12.4B	240.5K			322.79Q					71.32T	163.36B	825.17B		64.4T	3.07T	95.48B	2.47T	0		112.31B	4.77T		0		4	42		0	281.09D	0	82.22q	292.98q	0	2			0		10.74Q				0	71929	1645531	116242	275592	886960		37.69D	1.65M			431973			0	846	650	689		3d 3h 39m 2s	10	20	39		100.31B				0			13.33T	93.44Q		24.13M	Ray	101.64s		834681					0	10						196.7D					0					43.08M	1.35D	1741	373386	1	4178	14h 57m 49s	7120		83.08s	880	23.7K		0		4266		0			174.59K	0		438908	406805	2.37D			0	11	12542	2059895			4098			11533		2659
2026-02-10	12:40:00		farm		Feb 10, 2026 12:40			57		722399		63.41D	897		33	19.15B	12.42B	246.33K			0					73.21T	174.04B	842.85B		66.1T	3.18T	97.01B	2.52T	0		114.8B	4.7T		0		3	48		0	407.05D	0	122.2q	321.64q	0	3			0		11.23Q				0	97144	1658414	111726	277322	890001		55.22D	1.66M			438655			0	846	617	649		3d 6h 37m 22s	6	14	48		100.31B				0			13.33T	0		24.44M	Scatter	103.35s		834326					0	8						283.15D					0					43.41M	1.93D	1766	379779	0	4239	15h 35m 27s	7130		83.32s	840	24.36K		0		4262		0			176.86K	210.79s		442017	411758	3.35D			0	11	12764	2085760			4263			11667		2679
2026-02-09	21:24:00		farm		Feb 09, 2026 21:24			0		72474		191.28q	88		3	2.28B	1.54B	1.01K			28.44B					528.61B	1.05B	6.43B		494.97B	7.69B	713.31M	15.65B	0		903.14M	314.84B		0		0	0		0	3.46Q	7.91	121.63B	0	121.63B	0			0		28.2q				0	51813	6665	0	10737	52043		113.48q	6.67K			15509			0	790	590	658		6h 42m 57s	3	5	9		599.09M				0			13.33T	0		2.18M		1.21Q		27553					0	2						61.42q					0					107.08K	1.85Q	137	11681	0	19	1h 40m 44s	644		322.86q	60	1.6K		0		27		98.02B			15.78K	0		27826	16230	2.02T			0	11	74	116959			28			1129		325
2026-02-09	18:21:00		farm		Feb 9, 2026 18:21			12		459605		39.65N	565		15	16.76B	11.31B	128.29K			22.7O					43.76T	108.54B	435.99B		40.07T	1.64T	49.17B	1.3T	0		59.79B	4.61T		0		2	36		0	256.99N	8	113.07q	179.57q	229.7Q	5			0		415.69Q				0	6042	812764	27280	145892	503586		35.13N	813.19K			233729			0	846	650	661		1d 22h 59m 54s	8	1	21		50.89B				0			0	986.9Q		15.22M	Scatter	392.89s		498029					8.7T	0						179.16N					0					24.31M	550.17s	1092	198582	0	2175	9h 28m 54s	4510		490.22s	483	15.56K		0		2240		9.65s			110.14K	0		233145	224475	3.03N			0	12	6543	1189430			2128			7281		1682
2026-02-09	08:44:00		farm		Feb 09, 2026 08:44			15		449873		25.8N	545		0	39.21B	26.53B	122.72K			0					44.98T	102.02B	441.43B		41.29T	1.63T	51.29B	1.32T	0		59.98B	4.71T		0		3	36		0	165.12N	8	102.57q	204.13q	261.1Q	6			0		29.79Q				0	13291	957000	61250	156858	496487		22.3N	957.41K			226511			0	846	650	640		1d 22h 18m 18s	2	20	27		52.06B				0			0	0		14.9M	Scatter	265.91s		479092					8.7T	10						114.97N					0					27.96M	320.03s	1077	192588	2	2078	9h 33m 12s	4386		283.14s	460	14.67K		0		2093		0			107.78K	288.04s		249462	216898	2.05N			0	12	6282	1153101			2111			7157		1678
2026-02-09	05:13:00		milestone		Feb 09, 2026 05:13			0		111862		658.16O	303		0	2.64B	2.34B	21.75K			5.3N					678.56B	0	8.77B		630.64B	12.35B	653.95M	23.09B	0		1.26B	118.45B		1		0	0		90.21S	10.3N	8	160.32T	55.05q	2.79Q	0			0		752.16s				0	222	59957	225	21814	106726		952.94O	95.07K			40866			0	511	401	693		1d 2h 23m 38s	6	0	0		925.68M				0			12.62T	0		7.42M		20.23S		102673					8.18T	0						3.18N					0					3.47M	132.18O	443	34121	0	480	5h 43m 43s	2161		3.02O	0	9.92K		0		453		39.82S			0	2.59O		21781	42102	75.2O			0	14	1427	244179			494			2732		0
2026-02-08	13:51:00		milestone		Feb 08, 2026 13:51			0		4660		1.72O	25		0	10.07M	6.54M	85			14.15O					11.49B	0	90.65M		11.1B	110.38M	6.32M	150.17M	0		14.19M	30.34B		0		0	0		698.66s	26.41O	8	1.87q	630.01T	5.34q	3			0		973.23Q				0	0	1447	28	801	2918		3.09O	4K			705			0	98	94	106		1h 30m 51s	1	0	0		9.37M				0			0	0		367.16K	Boss	38.4s		2638					4.3T	0						6.69O					0					447.95K	379.57S	25	426	0	1	22m 42s	123		11.59S	0	340		0		0		420.24s			0	0		577	656	377.32S			0	17	3	6500			2			162		6
2026-02-08	12:57:00		milestone		Feb 08, 2026 12:57			0		10021		1.73O	42		0	38.06M	28.49M	251			12.12O					27.23B	0	254.17M		26.17B	268.26M	19.66M	425.38M	0		36.91M	38.29B		0		0	0		1.11S	26.09O	8	2.07q	1.46q	8.8q	0			0		6.16s				0	3	6248	54	1829	6714		2.03O	11.99K			1826			0	190	171	202		2h 52m 45s	0	0	0		30.53M				0			0	0		796.38K	Fast	63.56s		6169					3.06T	0						9.67O					0					962.78K	325.69S	41	1178	0	6	42m 40s	243		19.66S	0	825		0		1		389.4s			0	0		1751	1726	204.39S			0	16	13	14877			6			301		4
2026-02-08	12:07:00		farm		Feb 08, 2026 12:07			48		717287		46.06D	890		39	8.51B	5.03B	239.53K			1.23O					73.73T	171.45B	849.11B		66.59T	3.18T	98.21B	2.54T	0		116.02B	4.79T		0		3	30		0	297.56D	0	66.85q	298.61q	0	3			0		33.91Q				0	81559	1662853	112859	273779	883146		40.18D	1.66M			433611			0	846	650	683		3d 5h 56m 6s	9	12	45		103.23B				0			13.33T	0		24.2M	Scatter	82.02s		833234					2.05T	2						207.55D					0					43.8M	1.36D	1732	374380	1	4176	15h 23m 38s	7148		67.62s	740	24.26K		0		4248		183.29Q			175.11K	693.07s		444620	407781	2.41D			0	11	12585	2065763			4161			11559		2659
2026-02-07	20:41:00		farm		Feb 07, 2026 20:41			21		468729		61.75N	574		18	11.68B	7.66B	145.31K			0					48.74T	118.59B	485.06B		44.66T	1.8T	56.86B	1.45T	0		65.77B	5.07T		0		0	33		0	400.38N	0	69.1q	238.06q	0	2			0		18.83Q				0	8719	1045287	66610	166869	520431		54N	1.05M			242317			0	846	650	625		1d 23h 9m 47s	8	8	27		59.77B				0			13.33T	117.79Q		15.61M	Scatter	42.56s		509761					2.05T	8						279.64N					0					30.13M	1.77N	1129	206679	0	2231	9h 37m 15s	4581		46.86s	506	14.14K		0		2230		3.7B			112.97K	0		262135	231892	3.22N			0	12	6783	1220528			2322			7451		1708
2026-02-07	10:40:00		tournament	7	Feb 07, 2026 10:40			0		83145		4.85S	151		0	1.18B	997.51M	744			148.48S					78.78B	0	1.42B		73.1B	1.3B	56.23M	2.44B	0		209.61M	40.67B		0		0	0		897.57Q	197.68S	8	1.83q	2.78q	13.64q	0			0		956.64Q				0	10218	13243	1	10456	57629		3.93S	15.4K			17991			0	508	413	617		7h 44m 55s	3	0	0		125.96M				0			0	0		2.46M	Fast	24.23s		52264					2.05T	0						40.03S					0					396.1K	244.44s	188	13521	0	33	1h 56m 13s	738		109.08s	0	4.5K		0		27		35.03s			0	0		8067	18453	82.13s			0	12	87	134283			27			923		11
2026-02-07	07:41:00		farm		Feb 07, 2026 7:41			24		465280		54.86N	567		9	37.82B	25.94B	144.81K			0					47.19T	119.27B	471.77B		43.25T	1.72T	55.14B	1.41T	0		64.25B	4.72T		0		3	24		0	353.28N	0	44.67q	219.77q	0	2			0		19.48Q				0	7907	1043801	65239	175197	510591		47.56N	1.04M			239410			0	846	650	641		2d 0h 27m 58s	5	7	21		59.87B				0			13.33T	127.95Q		15.5M	Scatter	34.87s		504014					0	5						246.36N					0					30.07M	1.6N	1122	203655	2	2199	9h 59m 52s	4552		36.94s	690	18.09K		0		2227		0			110.98K	0		264886	227946	2.91N			0	12	6677	1206408			2251			7386		1687
2026-02-06	21:23:00		farm		Feb 06, 2026 21:23			12		457866		34.92N	563		18	7.39B	4.69B	136.02K			0					45.95T	111.1B	465.54B		42.04T	1.72T	53.83B	1.39T	0		62.59B	4.82T		0		2	24		0	226.23N	0	36.18q	185.93q	0	0			0		14.45Q				0	8682	1016749	59121	171518	498037		30.38N	1.02M			232573			0	846	650	640		1d 21h 56m 50s	10	13	12		57.77B				0			0	0		15.23M	Ray	37.5s		491937					0	5						157.93N					0					29.42M	1.12N	1090	198141	0	2149	9h 31m 48s	4521		38.47s	437	16.39K		0		2107		0			109.02K	320.88s		255018	223572	1.88N			0	12	6512	1178946			2256			7255		1653
2026-02-06	09:34:00		farm		Feb 06, 2026 09:34			24		695217		15.59D	854		54	8.93B	5.1B	230.42K			106.18M					71.83T	172.11B	820.7B		64.95T	3.05T	94.47B	2.45T	0		112.38B	4.76T		0		3	30		0	99.98D	0	66.87q	211.54q	0	3			0		29.21Q				0	55534	1593358	108615	286785	855643		13.44D	1.59M			418154			0	846	650	647		3d 3h 39m 40s	8	16	39		102.61B				0			13.12T	298.45Q		23.5M	Scatter	79.8s		812252					0	10						69.64D					0					42.4M	475.48N	1680	360050	2	4084	15h 5m 57s	6930		66.57s	680	23.78K		0		4027		3.09Q			168.32K	0		427762	392225	835.04N			0	11	12093	1991861			3982			11249		2608
2026-02-05	18:43:00		farm		Feb 05, 2026 18:43			30		462716		51.47N	566		24	5.78B	3.27B	139.01K			323.97S					47.94T	115.07B	475.01B		43.95T	1.75T	55.43B	1.42T	0		64.88B	4.96T		0		1	39		0	331.94N	0	10.24q	230.34q	0	0			0		26.45Q				0	7724	1035926	65930	177402	508225		45.01N	1.04M			238236			0	846	650	702		1d 23h 28m 10s	9	4	15		60.43B				0			12.64T	140.88Q		15.42M	Ray	36.78s		501708					0	0						231.22N					0					29.72M	1.49N	1111	201764	0	2221	9h 39m 42s	4518		37.96s	368	16.61K		0		2153		29.97Q			108.95K	0		257382	227421	2.74N			0	12	6632	1198814			2258			7370		1698
2026-02-05	15:00:00		farm		Feb 05, 2026 15:00			30		698942		36.48D	877		36	43.59B	29.44B	239.05K			656.88S					69.63T	164.18B	810.18B		62.89T	2.96T	93.63B	2.42T	0		110.49B	4.52T		0		5	30		0	231.15D	0	105.14q	265.93q	0	6			0		22.43Q				0	52604	1597520	103323	292350	867721		31.29D	1.6M			424604			0	846	650	674		3d 5h 17m 28s	8	20	30		102.34B				0			12.64T	0		23.95M	Scatter	76.73s		824811					0	10						160.25D					0					42.7M	1.2D	1725	365973	0	4153	15h 24m 46s	7047		70.63s	560	23.8K		0		4187		125.49Q			148.5K	677.1s		431703	397905	1.94D			0	11	12429	2018202			4089			11477		2668
2026-02-04	17:52:00		tournament	14	Feb 04, 2026 17:52			0		58183		12.79s	112		0	663.64M	536.42M	463			1.99S					52.01B	0	937.84M		48.27B	844.93M	53.76M	1.58B	0		136.06M	28.64B		0		0	0		1.46Q	2.43S	8	1.5q	4.26q	21.66q	1			0		129.82Q				0	2289	4654	9	9635	38410		116.03s	25.37K			11867			0	460	345	490		5h 41m 38s	2	0	0		101.94M				0			0	0		1.82M	Fast	2.11s		37021					46.14T	0						239.52s					0					790.44K	72.79s	138	7899	0	16	1h 48m 57s	530		11.22s	0	2.61K		0		18		651.71Q			0	0		9994	11778	1.83s			0	12	49	90563			15			691		19
2026-02-04	15:04:00		farm		Feb 04, 2026 15:04			45		694982		31.11D	882		27	43.76B	29.99B	236.19K			717.02S					71.95T	162.95B	828.52B		65.03T	3.06T	96.1B	2.48T	0		113.53B	4.67T		0		3	18		0	196.72D	0	74.13q	264.98q	0	3			0		36.36Q				0	48264	1610663	86310	293127	861830		26.43D	1.61M			421520			0	847	650	674		3d 5h 22m 35s	7	20	33		103.51B				0			12.64T	314.85Q		23.99M	Scatter	75.07s		823440					0	10						136.68D					0					43.28M	869.86N	1729	363897	1	4207	15h 23m 28s	7068		66.66s	500	23.18K		0		4197		79.88Q			143.24K	0		432767	396250	1.63D			0	11	12478	2007645			4074			11449		2629
2026-02-03	17:51:00		farm		Feb 03, 2026 17:51			30		458183		57.98N	572		27	6.42B	3.79B	137.08K			1.16T					49.76T	122.81B	487.05B		45.67T	1.79T	57.22B	1.46T	0		66.57B	5.02T		0		4	18		0	376.6N	0	61.27q	241.44q	0	1			0		19.27Q				0	8395	1037040	66937	176782	504835		51.02N	1.04M			236722			0	847	650	659		2d 0h 8m 46s	6	0	21		61.63B				0			12.64T	107.61Q		15.46M	Scatter	34.1s		462183					433.79B	0						262.51N					0					29.92M	1.79N	1099	201176	0	2286	9h 54m 54s	4581		38.27s	506	14.57K		0		2224		823q			94.14K	0		259424	225525	3.29N			0	12	6678	1191908			2168			7415		1728
2026-02-03	07:54:00		farm		Feb 03, 2026 7:54			36		694171		29.45D	871		42	13.49B	8.67B	220.84K			8.27O					63.59T	152.48B	727.89B		57.5T	2.7T	80.58B	2.18T	0		99.15B	4.19T		0		1	24		0	190.28D	0	40.32q	270.39q	0	1			339.88s		50.64Q				75061	30193	1339994	71168	264440	835326		25.71D	1.34M			419572			0	847	650	703		3d 4h 7m 15s	9	20	57		87.57B				0			12.64T	0		23.89M	Scatter	99.73s		769179					433.79B	10						132.85D					0					35.61M	760.92N	1712	362380	2	3985	15h 11m 39s	7056		93.35s	900	24.42K		0		4169		2.15s			139.91K	637.94s		384039	392540	1.5D			0	11	12316	2002053			4162			11418		2633
2026-02-02	16:50:00		farm		Feb 02, 2026 16:50			15		451545		36N	566		21	13.25B	8.61B	137.42K			132.78S					45.68T	121.44B	465.26B		41.78T	1.7T	54.37B	1.39T	0		62.63B	4.78T		0		1	24		0	231.28N	0	50.82q	192.07q	0	3			0		16.32Q				0	6929	1012862	63335	175321	491608		31.48N	1.01M			229453			0	847	650	650		1d 23h 15m 39s	6	0	21		58.39B				0			12.64T	0		15.19M	Scatter	27.57s		452036					433.79B	0						160.75N					0					29.53M	1.12N	1084	194989	0	2191	9h 33m 10s	4457		38.89s	575	16.96K		0		2202		30.81Q			92.74K	336.48s		254229	220430	1.93N			0	12	6463	1165985			2070			7267		1679
2026-02-02	07:00:00		farm		Feb 02, 2026 07:00			18		459826		63.27N	573		30	8.99B	5.85B	142.83K			0					44.14T	108.66B	452.63B		40.41T	1.61T	53.07B	1.35T	0		61.37B	4.51T		0		0	30		0	401.56N	0	46.36q	231.21q	0	0			0		6.84Q				0	7422	1032016	65012	180135	510723		54.48N	1.03M			237103			0	847	650	670		2d 0h 27m 30s	2	10	12		57.36B				0			0	0		15.56M	Ray	32.57s		462406					0	8						278.53N					0					30.04M	1.91N	1116	201971	2	2259	9h 47m 38s	4586		36.97s	759	14.68K		0		2234		0			93.57K	346.16s		265100	226356	3.38N			0	12	6756	1195745			2263			7424		1700
2026-02-01	21:09:00		farm		Feb 01, 2026 21:09			12		448471		40.31N	556		12	48.8B	33.77B	140.86K			0					44.04T	109.21B	449.52B		40.32T	1.61T	52.91B	1.34T	0		61.52B	4.7T		0		0	24		0	260.9N	0	71.05q	197.36q	0	4			0		9.82Q				0	7184	1004913	62723	170644	495050		35.08N	1.01M			229564			0	847	650	639		1d 22h 7m 23s	10	10	21		56.91B				0			0	0		15.26M	Scatter	30.64s		451148					0	2						182.34N					0					29.53M	1.11N	1092	195583	0	2179	9h 22m 2s	4484		34.53s	299	18.13K		0		2180		0			83.99K	325.57s		252132	220896	2.06N			0	12	6555	1163347			2196			7305		1691
2026-02-01	09:05:00		farm		Feb 01, 2026 09:05			27		677944		8.82D	857		24	46.32B	30.67B	204.64K			1.23B					62.79T	154.04B	745.01B		56.62T	2.7T	84.27B	2.23T	0		100.65B	4.24T		0		5	27		0	59.73D	0	66.67q	234.86q	0	3			0		26.23Q				0	52332	1525573	111967	279620	832068		8.03D	1.53M			404209			0	848	650	624		3d 2h 5m 11s	4	19	42		93.29B				0			0	220.42Q		23.2M	Boss	66.31s		734222					121.32T	10						42.09D					0					40.93M	72.46s	1653	350042	0	4055	14h 48m 47s	6878		64.03s	820	25.6K		0		3896		1.12T			141.15K	0		406203	380694	793.09N			0	11	11884	1937831			3933			11070		2539
2026-01-31	18:27:00		farm		Jan 31, 2026 18:27			3		219186		188.08N	317		12	21.53B	14.91B	76.1K			4.25N					15.59T	37.89B	114.91B		14.68T	361.16B	12.76B	337.53B	0		15.71B	2.91T		1		0	6		0	931.06N	8	77.7q	31.21q	37.06Q	1			0		49.37s				0	221	424129	7431	64834	216430		123.71N	478.1K			91883			0	596	534	670		23h 53m 8s	7	1	24		12.62B				0			0	0		7.78M	Scatter	40.85S		196776					121.32T	0						601.96N					1					18.74M	1.06O	548	77164	1	729	5h 20m 54s	2265		959.63S	420	11.88K		0		675		1.05S			45.94K	1.36O		105995	94047	13.06N			0	14	2103	504697			699			3715		854
2026-01-31	12:26:00		farm		Jan 31, 2026 12:26			3		69434		569.41S	98		12	3.17B	2.22B	3.92K			0					1.24T	2.88B	9.65B		1.18T	12.73B	1.16B	24.26B	0		1.37B	731.82B		0		1	0		0	2.61O	8	31.83q	4.64q	131.87q	4			0		811.35Q				0	195	98272	937	15694	53315		343.18S	117.49K			18169			0	759	650	635		7h 19m 0s	2	0	9		1.02B				0			0	0		2.38M	Scatter	43.98s		47694					120.88T	0						1.67O					0					4.52M	6.57S	161	14106	0	41	1h 41m 18s	684		5.85S	112	2.59K		0		37		0			13.84K	0		25353	18846	26.84S			0	14	126	122007			48			1133		257
2026-01-31	10:36:00		tournament		Jan 31, 2026 10:36			0		59105		461.21s	857		0	896.7M	765.39M	754			28.48S					79.15B	0	1.5B		73.21B	1.31B	59.68M	2.56B	0		223M	45.45B		0		0	0		55.12Q	29.79S	8	3.05q	3.89q	19.55q	0			0		439.47Q				0	11229	395	20	9287	48584		365.38s	9.2K			19573			0	488	357	557		6h 49m 38s	1	0	0		140.54M				0			0	0		2.18M	Boss	19.52s		40044					14.11T	0						236.6s					0					395.64K	151.9s	738	13168	0	37	1h 44m 28s	673		58.55s	0	10.44K		0		34		13.21s			0	0		8602	19914	58.47s			0	12	94	114384			23			812		5
2026-01-31	08:48:00		farm		Jan 31, 2026 08:48			15		449291		33N	557		24	30.78B	20.93B	138.54K			29.56B					42.64T	107.89B	429.33B		39.11T	1.51T	49.98B	1.28T	0		57.52B	4.49T		0		2	21		0	215.26N	0	25.73q	189.06q	0	1			0		29.57Q				0	7769	986690	63476	170834	491844		29.08N	987.12K			226551			0	848	650	640		1d 22h 45m 58s	5	12	24		54.18B				0			12.44T	169.62Q		15.15M	Scatter	33.25s		447148					11.26T	0						150.33N					0					30.52M	1.03N	1089	193345	1	2157	9h 29m 39s	4509		51.88s	483	14.84K		0		2138		0			90.15K	0		253293	218187	1.83N			0	12	6455	1155227			2160			7245		1673
2026-01-30	23:12:00		tournament	15	Jan 30, 2026 23:12			0		59064		436.46s	870		0	1.07B	906.67M	770			28.6S					80.83B	0	1.5B		74.87B	1.31B	60.33M	2.58B	0		221.83M	47.64B		0		0	0		55.94Q	29.82S	8	903.48T	3.85q	17.69q	0			0		833.33Q				0	10225	311	14	9111	48091		346.9s	7.83K			19264			0	523	380	544		6h 47m 13s	2	0	0		145.55M				0			0	0		2.18M	Boss	16.69s		37129					11.26T	0						229.88s					0					421.56K	146.66s	738	13104	0	37	1h 41m 48s	665		60.32s	0	11.17K		0		33		16.73s			0	0		8629	19652	25.63s			0	12	93	113708			23			813		9
2026-01-30	21:12:00		farm		Jan 30, 2026 21:12			21		455536		57.33N	560		18	6.29B	3.83B	139.88K			205.08S					41.87T	105.98B	428.25B		38.33T	1.53T	49.17B	1.28T	0		57.03B	4.22T		0		3	27		0	380.56N	0	95.44q	246q	0	7			210.91S		20.87Q				163317	6298	871552	69932	164667	500690		51.23N	871.94K			235349			0	848	650	659		1d 22h 46m 35s	8	8	33		52.94B				0			12.44T	129.11Q		15.49M	Scatter	32.95s		426721					8.41T	10						267.34N					0					30.45M	1.52N	1102	201197	1	2217	9h 55m 20s	4622		45.15s	644	16.88K		0		2321		37.97Q			91.06K	0		247681	225549	3.14N			0	12	6699	1190820			2161			7415		1717
2026-01-30	11:09:00		farm		Jan 30, 2026 11:09			36		693992		19.46D	870		42	12.54B	7.72B	227.48K			92.96S					65.21T	158.59B	785.68B		58.72T	2.82T	90.78B	2.35T	0		107.25B	4.21T		0		3	42		0	125.61D	0	46.57q	250.58q	0	3			0		48.48Q				0	48631	1584859	115384	289605	850424		16.83D	1.59M			417830			0	848	650	626		3d 4h 30m 6s	10	13	30		99.02B				0			0	304Q		23.79M	Ray	68.43s		700908					8.41T	8						87.59D					0					44.33M	597.34N	1699	361570	0	4098	15h 30m 10s	7033		72.84s	620	24K		0		4157		33.5Q			143K	0		428636	392787	1.12D			0	11	12297	1995656			4042			11348		2597
2026-01-29	17:55:00		farm		Jan 29, 2026 17:55			48		692413		29.94D	885		51	32.69B	21.46B	235.15K			49.27M					68.26T	163.31B	802.03B		61.63T	2.89T	92.09B	2.4T	0		109.41B	4.48T		0		3	27		0	190.33D	0	65.27q	265.89q	0	2			51.75s		30.46Q				141	43423	1597551	104547	291387	854947		25.5D	1.6M			420471			0	848	650	636		3d 4h 57m 54s	10	16	27		100.8B				0			12.44T	297Q		23.93M	Scatter	67s		705160					354.32B	6						132.25D					0					45.23M	958.4N	1731	362037	2	4116	15h 14m 49s	7094		78.07s	580	25.5K		0		4159		0			142.83K	0		427802	394275	1.68D			0	11	12462	2000132			4187			11447		2645
2026-01-28	19:43:00		farm		Jan 28, 2026 19:43			24		442194		22.28N	545		15	25.16B	16.64B	124.57K			368.31S					42.57T	100.7B	437.73B		38.94T	1.58T	51.25B	1.3T	0		59.58B	4.54T		0		3	12		0	146.07N	0	48.62q	202.37q	0	1			0		11.43Q				0	6561	971440	65274	168485	479400		19.31N	971.79K			220936			0	849	650	675		1d 21h 45m 34s	8	4	24		56.37B				0			12.44T	0		14.87M	Scatter	29.58s		405424					2.05T	4						102.31N					0					30.02M	679.5O	1076	188025	0	2090	9h 22m 23s	4381		42.58s	690	15.63K		0		2135		103.49Q			89.32K	153.92s		246203	211442	1.49N			0	12	6266	1131094			2041			7097		1628
2026-01-28	10:11:00		tournament	11	Jan 28, 2026 10:11			0		78919		3S	146		0	907.26M	768.58M	788			98.55S					74.35B	0	1.42B		68.76B	1.23B	49.39M	2.41B	0		208.44M	39.21B		0		0	0		661.87Q	107.3S	8	4.16q	3.22q	18.47q	1			0		217.32Q				0	7661	684	32	10458	54907		2.44S	14.77K			17248			0	519	340	622		7h 26m 48s	1	0	0		142.29M				0			0	0		2.38M	Fast	13.72s		43337					2.05T	0						1.71S					0					555.41K	1.24S	181	12603	0	25	1h 53m 46s	708		412.08s	0	3.34K		0		40		20.26s			0	0		7010	17442	320.33s			0	12	94	127729			29			879		3
2026-01-28	08:10:00		farm		Jan 28, 2026 08:10			51		681665		12.74D	863		39	45.66B	31.27B	228.28K			33.77S					65.29T	164.25B	784.17B		58.8T	2.83T	90.22B	2.35T	0		107.58B	4.37T		0		2	36		0	81.51D	0	77.76q	199.91q	0	6			0		26.85Q				0	44941	1535656	104556	282370	844291		10.98D	1.54M			408666			0	849	650	638		3d 2h 48m 33s	10	20	30		97.97B				0			12.44T	0		23.42M	Scatter	65.96s		687872					0	10						56.71D					0					43.75M	383.35N	1684	353344	2	4143	14h 56m 16s	6979		77.06s	660	22.08K		0		3979		4.99Q			137.35K	541.26s		423603	385340	695.3N			0	11	11996	1954002			3874			11173		2562
2026-01-27	16:49:00		farm		Jan 27, 2026 16:49			15		457585		38.09N	559		33	35.04B	23.59B	138.17K			153.97S					44.76T	111.8B	454.63B		41.01T	1.61T	53.3B	1.36T	0		61.16B	4.64T		0		1	33		0	245.76N	0	59.95q	213.82q	0	2			0		34.89Q				0	6793	1022104	67027	173161	501769		33.17N	1.02M			232515			0	849	650	640		1d 23h 23m 59s	5	0	30		57.27B				0			12.44T	152.48Q		15.23M	Scatter	28.41s		422912					400.66B	0						171.2N					0					30.9M	1.13N	1115	199009	1	2174	9h 38m 44s	4503		41.2s	529	18.8K		0		2233		17.24Q			105.65K	0		259118	222377	2.17N			0	12	6535	1182064			2128			7293		1693
2026-01-27	07:15:00		farm		Jan 27, 2026 7:15			15		464370		53.12N	571		42	35.01B	23.89B	142.59K			127.98S					45.35T	106.12B	466.46B		41.51T	1.67T	54.44B	1.38T	0		62.9B	4.61T		0		3	18		0	342.41N	0	87.36q	233.08q	0	7			0		15.33Q				0	7279	1035296	67555	176754	513981		45.98N	1.04M			239068			0	849	650	627		2d 0h 1m 37s	4	9	18		58.39B				0			0	0		15.48M	Ray	32.25s		432218					0	6						238.72N					0					31.3M	1.64N	1113	203289	0	2188	9h 50m 37s	4569		42.2s	667	17.63K		0		2321		38.94Q			107.45K	342.43s		262824	227733	2.95N			0	12	6748	1207457			2239			7393		1699
2026-01-26	21:19:00		farm		Jan 26, 2026 21:19			9		461353		48.42N	558		45	2.78B	1.35B	138.62K			1.09O					43.98T	111.57B	452.18B		40.25T	1.6T	52.67B	1.35T	0		61.23B	4.56T		0		1	27		0	328.09N	0	57.22q	225.8q	0	1			493.57B		15.52Q				71	8899	1024547	66025	173750	507261		44.41N	1.02M			236356			0	849	650	669		1d 23h 3m 4s	8	11	9		55.84B				0			12.44T	0		15.41M	Scatter	36.75s		425360					19.95T	4						231.09N					0					30.99M	1.41N	1116	200389	0	2197	9h 38m 3s	4490		45.87s	621	16.57K		0		2199		208.21Q			106.92K	301.1s		255828	224939	2.76N			0	12	6669	1192786			2273			7358		1691
2026-01-26	11:23:00		farm		Jan 26, 2026 11:23			33		708075		34.11D	883		48	8.92B	5.31B	226.69K			3.06O					59.83T	145.7B	716.93B		53.94T	2.55T	79.93B	2.15T	0		97.27B	3.82T		0		3	30		0	231.74D	0	72.57q	275.26q	0	3			0		56.51Q				0	34526	1386015	71623	269003	852735		31.34D	1.39M			427402			0	850	650	652		3d 4h 7m 51s	8	9	27		87.15B				0			12.44T	246.88Q		23.98M	Ray	89.53s		720308					19.95T	5						163.09D					0					38.36M	1.15D	1738	368907	2	4233	15h 38m 41s	7057		97.16s	520	23.2K		0		4112		1.33s			166.41K	0		399159	400995	2.04D			0	11	12453	2037829			4108			11461		2641
2026-01-25	20:00:00		farm		Jan 25, 2026 20:00			24		466051		54.25N	571		24	41.9B	28B	141K			655.38S					42.09T	101.15B	429.94B		38.6T	1.48T	49.67B	1.28T	0		57.44B	4.36T		0		2	33		0	359.84N	0	54.9q	238.52q	0	1			0		16.24Q				0	7337	1035410	66275	173298	513093		47.99N	1.04M			237763			0	850	650	614		1d 22h 57m 38s	9	11	27		53.96B				0			12.44T	143.28Q		15.55M	Scatter	34.5s		430790					18.75T	5						253N					0					31.36M	1.58N	1113	204222	0	2269	9h 39m 50s	4549		50.17s	506	16.17K		0		2209		126.86Q			107.88K	0		258254	228334	3.01N			0	12	6739	1206807			2261			7419		1701
2026-01-25	08:52:00		farm		Jan 25, 2026 08:52			24		703363		27.33D	871		30	11.84B	7.31B	232.12K			1.19O					66.98T	164.43B	792.69B		60.46T	2.83T	90.94B	2.37T	0		108.61B	4.39T		0		5	24		0	179.22D	0	40.32q	271.19q	0	2			0		53.19Q				0	69560	1609913	112436	286244	865615		24D	1.61M			425793			0	850	650	610		3d 4h 15m 48s	10	20	42		99B				0			0	304.45Q		23.92M	Scatter	70.89s		703365					6.87T	10						125.54D					0					44.62M	828.15N	1737	366749	2	4090	15h 15m 24s	6958		75.55s	780	25.7K		0		4059		117.89Q			165.99K	0		429237	398866	1.53D			0	11	12407	2022821			4258			11437		2640
2026-01-24	17:52:00		tournament	9	Jan 24, 2026 17:52			0		83053		2.05S	153		0	1.23B	1.04B	1.02K			177S					85.64B	0	1.66B		79.15B	1.39B	65.05M	2.79B	0		246.33M	38.06B		0		0	0		1.2s	188.31S	8	1.53q	4.67q	22.11q	0			0		778.07Q				0	8573	684	38	11662	59287		5.17S	15.05K			17746			0	465	383	621		7h 42m 10s	2	0	0		188.24M				0			0	0		2.46M	Boss	18.49s		45076					6.87T	0						1.27S					0					1.02M	2.35S	187	13311	0	54	2h 15m 0s	745		754.04s	0	3.19K		0		40		6.72s			0	0		7342	18363	456.77s			0	12	128	134065			34			918		7
2026-01-24	15:13:00		tournament		Jan 24, 2026 15:13			0		81922		1.32S	149		0	967.57M	827.08M	1.1K			124.16S					79.17B	0	1.54B		73.13B	1.3B	52.56M	2.6B	0		223.79M	41.84B		0		0	0		582.05Q	131.23S	8	1.1q	3.68q	15.78q	0			0		1.14s				0	8288	463	19	11230	57068		3.38S	11.54K			17397			0	516	362	618		7h 32m 58s	2	0	0		170.87M				0			0	0		2.42M	Boss	12.79s		44658					4.67T	0						877.85s					0					798.4K	1.32S	180	12935	0	49	1h 53m 30s	719		346.7s	0	3.19K		0		38		9.79s			0	0		7374	17954	145.83s			0	12	121	131703			34			894		0
2026-01-24	13:15:00		tournament		Jan 24, 2026 13:15			0		78365		1.22S	142		0	1B	799.42M	950			101.05S					85.87B	0	1.52B		79.88B	1.28B	59.71M	2.57B	0		218.72M	43.44B		0		0	0		325.8Q	107.18S	8	874.05T	3.44q	14.83q	0			0		180.18Q				0	7995	468	30	10839	54624		2.9S	10.9K			16553			0	508	327	610		7h 17m 4s	2	0	0		184.31M				0			0	0		2.33M	Boss	10.64s		42537					2.3T	0						751.69s					0					818.52K	1.04S	181	12163	0	45	1h 58m 35s	719		369.72s	0	4.21K		0		32		9.46s			0	0		7279	17084	191.88s			0	12	107	125492			30			900		39
2026-01-24	11:03:00		farm		Jan 24, 2026 11:03			36		694637		18.06D	871		27	43.51B	28.84B	212.04K			683.63S					64.97T	158.91B	785.39B		58.52T	2.8T	90.23B	2.35T	0		107.78B	4.34T		0		4	42		0	113.64D	0	56.68q	257.53q	0	2			0		27.36Q				0	45718	1594223	116026	288676	855916		15.62D	1.59M			418570			0	850	650	659		3d 3h 26m 46s	8	12	36		97.4B				0			11.93T	270.03Q		23.59M	Scatter	66.2s		702487					0	3						78.41D					0					43.92M	544.9N	1702	361437	0	4003	14h 58m 37s	6983		74.62s	820	23.92K		0		4081		139.63Q			163.68K	0		429008	393738	1D			0	11	12136	1998828			4052			11279		2604
2026-01-23	20:20:00		farm		Jan 23, 2026 20:20			24		455932		37.74N	562		24	49.76B	34.11B	137.88K			29.56B					42.66T	101.58B	441.21B		39.04T	1.55T	51.95B	1.32T	0		59.69B	4.46T		0		1	24		0	239.67N	0	50.43q	199.18q	0	3			0		19.37Q				0	7035	1004463	49095	170629	499476		32.8N	1M			231221			0	850	650	668		1d 22h 43m 10s	9	8	15		55.09B				0			11.74T	0		15.18M	Scatter	29.84s		420868					0	7						165.93N					0					30.47M	1.19N	1085	197368	0	2157	9h 34m 26s	4436		44.22s	529	17.93K		0		2219		0			105.34K	445.82s		257039	221687	2N			0	12	6508	1176047			2132			7270		1686
2026-01-23	10:30:00		farm		Jan 23, 2026 10:30			42		693019		14.03D	865		54	7.29B	4.28B	225.53K			741.59S					63.78T	147.2B	761.85B		57.56T	2.68T	87.56B	2.28T	0		104.58B	4.24T		0		5	42		0	88.93D	0	83.47q	210.54q	0	7			0		19.88Q				0	50778	1576583	106097	286015	856679		12.19D	1.58M			415607			0	850	650	639		3d 2h 28m 21s	7	16	48		93.53B				0			11.74T	0		23.47M	Scatter	68.8s		697615					728.77B	7						61.54D					0					43.72M	416.57N	1671	358708	2	4080	15h 2m 4s	6906		70.85s	680	22.66K		0		4031		122.31Q			162.87K	527.94s		425444	390585	758.75N			0	11	12088	1984765			3977			11227		2596
2026-01-22	19:28:00		farm		Jan 22, 2026 19:28			42		697952		26.42D	879		30	14B	8.72B	230.8K			0					64.02T	153.45B	773.62B		57.7T	2.72T	89.55B	2.31T	0		105.97B	4.24T		0		2	27		0	160.15D	0	77.7q	255.74q	0	3			0		44.35Q				0	40847	1601607	45478	268226	856506		22.13D	1.6M			419877			0	850	650	745		3d 4h 2m 49s	7	4	27		94.12B				0			0	0		23.72M	Scatter	63.79s		707380					0	3						109.4D					0					44.47M	776.69N	1714	361371	1	4029	15h 4m 57s	6958		67.86s	760	23.16K		0		4150		0			157.68K	532.54s		431799	394101	1.42D			0	11	12215	2003642			4036			11357		2635
2026-01-22	04:21:00		farm		Jan 22, 2026 04:21			33		670043		6.04D	840		36	45.61B	29.72B	200.57K			983.18M					58.66T	141.49B	706.57B		52.9T	2.48T	80.89B	2.1T	0		96.28B	4.13T		0		1	21		0	38.05D	0	32.99q	191.95q	0	1			0		23.28Q				0	49814	1520275	99055	258917	819618		5.15D	1.52M			399534			0	850	650	663		2d 23h 17m 54s	8	20	18		81.74B				0			11.74T	0		22.86M	Ray	63.22s		671450					0	10						26.28D					0					42.36M	177.73N	1640	342843	0	3857	14h 11m 22s	6721		70.36s	840	23.8K		0		3861		10.5B			151.92K	245.87s		410715	376250	388.34N			0	11	11612	1912472			3894			10915		2508
2026-01-21	14:03:00		tournament	20	Jan 21, 2026 14:03			0		56014		270.85s	815		0	861.96M	699.02M	443			16.26S					74.89B	0	1.36B		69.56B	1.14B	52.55M	2.32B	0		201.23M	45.86B		0		0	0		64.91Q	17.25S	8	1.7q	2.83q	12.79q	0			0		151.61Q				0	8939	318	42	8560	45378		226.99s	7.41K			18064			0	499	280	560		6h 30m 51s	2	0	0		129.33M				0			0	0		2.08M	Boss	7.19s		35135					6.64T	0						159.07s					0					367.83K	262.75s	662	12158	0	23	1h 37m 58s	643		50.78s	0	10.15K		0		12		5.13s			0	0		6694	18498	58.57s			0	12	53	106580			18			794		26
2026-01-21	12:01:00		farm		Jan 21, 2026 12:01			39		670358		8.65D	859		18	20.83B	12.96B	210.14K			761.73S					58.38T	137.22B	705.39B		52.67T	2.43T	80.77B	2.11T	0		96.17B	3.87T		0		4	57		0	60.87D	0	78.77q	199.56q	0	7			0		34.46Q				0	48951	1504585	112172	256100	813910		8.49D	1.51M			398113			0	850	650	652		3d 0h 8m 42s	6	11	36		84.99B				0			11.56T	234.23Q		23.22M	Scatter	66.92s		670631					4.6T	4						42.85D					0					42.14M	313.34N	1664	343797	0	4037	15h 4m 50s	6868		68.42s	700	24.36K		0		3957		137.43Q			154.36K	0		408642	374269	572.41N			0	11	11861	1911614			3867			11091		2553
2026-01-20	20:53:00	Forgot to set ending farming run, so this ended early due to no slow/stun	farm		Jan 20, 2026 20:53			30		312108		10.63N	382		12	90.2B	62.96B	73.39K			100.14S					26.93T	62.36B	239.83B		24.98T	816.43B	28.15B	714.3B	0		32.42B	4.12T		0		1	18		0	70.15N	0	46.48q	121.27q	0	4			0		19.25Q				0	372	657266	34567	97116	295042		9.59N	657.59K			128482			0	850	650	670		1d 7h 36m 41s	7	9	9		28.9B				0			11.56T	0		10.35M	Scatter	10.69s		255504					4.6T	6						48.82N					0					21.7M	378.11O	753	108444	2	1200	6h 31m 53s	3011		26.87s	500	10.7K		0		1084		36.06Q			68.81K	75.59s		157498	127020	739.44O			0	13	3377	711678			1093			4951		1144
2026-01-20	14:12:00		farm		Jan 20, 2026 14:12			45		681976		11.4D	852		36	76.53B	52.13B	217.98K			1.61O					59.97T	151.55B	730.42B		54.02T	2.55T	84.05B	2.18T	0		99.27B	4.04T		0		4	36		0	74.98D	0	37.74q	206.43q	0	1			0		33.06Q				0	45505	1553198	107759	264329	836758		10.34D	1.55M			407904			0	850	650	671		3d 1h 45m 44s	7	0	42		87.84B				0			11.37T	0		23.35M	Scatter	71.78s		684719					4.6T	0						52.2D					0					43.34M	380.33N	1698	352387	1	4062	14h 50m 36s	6835		75.54s	840	28K		0		3943		328.28Q			155.22K	417.56s		419604	383070	673.56N			0	11	11990	1950551			3985			11157		2572
2026-01-19	23:38:00		farm		Jan 19, 2026 23:38			9		458405		44.44N	558		24	43.44B	29.85B	139.47K			1.15O					40.63T	100.25B	425.29B		37.18T	1.45T	50.26B	1.27T	0		57.82B	4.1T		0		1	15		0	293.51N	0	40.57q	218.88q	0	2			0		19.97Q				0	9223	1014660	65556	163330	499848		40.6N	1.02M			233778			0	850	650	663		1d 22h 26m 51s	10	20	33		53.07B				0			11.37T	138.48Q		15.37M	Ray	32.12s		423291					4.6T	10						204.84N					0					30.58M	1.24N	1107	198499	0	2167	9h 54m 35s	4557		42.56s	598	16.11K		0		2183		261.2Q			102.13K	0		257796	223922	2.4N			0	12	6630	1184212			2280			7328		1677
2026-01-19	13:11:00		farm		Jan 19, 2026 13:11			24		675544		8.69D	851		51	87.88B	58.96B	202.46K			415.07S					58.46T	142.56B	708.72B		52.71T	2.46T	81.08B	2.12T	0		96.38B	4.01T		0		2	24		0	58.04D	0	60.16q	211.22q	0	5			0		16.94Q				0	56114	1531840	113350	260352	824836		7.95D	1.53M			402982			0	850	650	658		3d 1h 21m 31s	6	4	42		84.29B				0			11.37T	247.59Q		23.05M	Scatter	65.64s		675816					4.6T	5						40.57D					0					42.52M	279.19N	1667	348722	1	3922	14h 34m 31s	6812		71.82s	780	23.74K		0		3911		80.01Q			153.24K	0		409555	380122	537.91N			0	11	11763	1932716			3930			11043		2566
2026-01-18	22:42:00		farm		Jan 18, 2026 22:42			15		433333		6.34N	528		36	5.65B	3.46B	104.19K			66.78O					33.86T	74.74B	358.9B		30.96T	1.23T	38.61B	1.07T	0		49.67B	3.7T		0		3	12		0	55.49N	8	38.94q	122.97q	157.47Q	2			0		14.88s				0	42307	769585	42728	130049	480261		5.74N	769.99K			212761			0	850	650	637		1d 20h 23m 29s	4	16	15		40.24B				0			0	312.78s		14.31M	Vampire	60.51S		379312					4.6T	5						42.66N					0					21.08M	354.45S	1047	180682	1	1950	9h 9m 35s	4166		314.3S	713	13.33K		0		1949		25.72s			95.16K	0		201070	204114	684.79O			0	12	5870	1094485			1971			6851		1586
2026-01-18	13:14:00		farm		Jan 18, 2026 13:14			27		699713		22.44D	873		42	33.2B	22.29B	227.2K			273.87S					61.69T	146.97B	754.1B		55.57T	2.62T	87.07B	2.25T	0		102.94B	4.1T		0		4	21		0	148.44D	0	130q	265.07q	0	7			0		33.44Q				0	45041	1595493	111167	268761	863953		20.8D	1.6M			422324			0	648	550	637		3d 3h 21m 19s	9	5	33		90.11B				0			11.37T	0		23.83M	Scatter	67.51s		707334					4.6T	2						103.47D					0					44.3M	79.69s	1718	363508	2	4087	15h 2m 30s	7066		70.65s	680	25.04K		0		4111		168.46Q			158.4K	409.27s		432570	395794	1.73D			0	11	12337	2012030			4139			11381		2618
2026-01-17	22:13:00		farm		Jan 17, 2026 22:13			15		442424		17.06N	547		21	18.65B	12.45B	129.99K			128.99S					38.96T	95.75B	405.15B		35.7T	1.37T	47.78B	1.21T	0		55.54B	4.26T		0		2	24		0	110.14N	0	92.68q	159.34q	0	6			0		14.07Q				0	10307	966757	61562	156358	481958		15.36N	967.18K			220299			0	673	627	644		1d 20h 37m 41s	10	15	21		50.42B				0			0	106.09Q		14.76M	Scatter	29.95s		402478					4.6T	8						76.43N					0					29.55M	44.06s	1060	188146	0	2082	9h 9m 20s	4422		39.19s	437	17.69K		0		2033		60.53Q			98.16K	0		248115	212022	1.3N			0	12	6174	1128383			2059			7056		1626
2026-01-17	12:43:00	Tested with enemy balance card instead of  Energy Net to see if I can get the DW Health bonus higher. Got to x5.11 or so vs my usual x3.2-3.5, but it didnt translate into many more waves (just 17 more than prior attempt with my usual setup). Other folks in guild in late champs are getting x9 hp bonus with the EB card, not sure why theyre having such a bigger impact.	tournament	16	Jan 17, 2026 12:43			0		64617		35.28s	122		0	750.51M	624.91M	530			5.87S					76.96B	0	1.52B		71.13B	1.2B	66.27M	2.51B	0		217.84M	49.41B		0		0	0		12.2Q	6.91S	8	2.58q	3.57q	16.48q	0			0		321.85Q				0	2406	6301	25	11690	43994		462.69s	25.77K			13356			0	467	307	552		6h 11m 45s	2	0	0		180.32M				0			0	0		1.98M	Fast	1.17s		35670					4.6T	0						411.43s					0					1.25M	123.99s	155	9533	0	20	1h 33m 26s	617		37.84s	0	2.76K		0		20		388.1Q			0	0		8389	13343	5.73s			0	12	66	101784			26			747		14
2026-01-17	10:44:00		tournament		Jan 17, 2026 10:44			0		35839		18.17s	119		0	243.08M	197.43M	628			2.82S					44.91B	0	892.32M		41.43B	733.06M	39.95M	1.48B	0		129.92M	29.5B		0		0	0		24.03Q	3.45S	8	1.1q	1.96q	11.03q	1			0		50.91Q				0	863	4232	12	6772	24644		253.78s	15.98K			7362			0	482	380	496		6h 5m 20s	2	0	0		119.78M				0			0	0		1.92M	Fast	484.03Q		19918					3.69T	0						277.57s					0					836.67K	81.1s	155	4997	0	18	1h 31m 20s	588		21.49s	0	1.74K		0		19		263.84Q			0	0		4972	7452	1.27s			0	12	62	56552			25			730		13
2026-01-17	08:25:00		farm		Jan 17, 2026 08:25			51		681092		5.73D	854		33	28.34B	19.04B	192.86K			5.82N					54.18T	133.29B	652.93B		48.92T	2.24T	68.98B	1.95T	0		89.81B	3.76T		0		3	54		0	48.74D	8	40.36q	180.61q	231.05Q	3			0		55.5s				0	172655	1278047	78879	233219	846863		5.09D	1.28M			407302			0	684	600	647		3d 0h 35m 9s	10	20	21		71.87B				0			0	0		22.98M	Vampire	128.22S		638134					0	10						37.35D					0					32.01M	605.74S	1652	350779	2	3946	14h 24m 26s	6680		537.23S	700	23.1K		0		3865		746.76s			152.76K	995.02S		373932	383406	568.97N			0	11	11744	1947248			3933			11007		2557
2026-01-16	17:53:00		farm		Jan 16, 2026 17:53			18		212612		94.46N	301		3	24.88B	16.83B	63.59K			728.81O					17T	44.47B	126.05B		16.01T	390.95B	14.66B	370.53B	0		17.15B	3.67T		0		1	18		0	502.43N	8	56.55q	65.6q	83.53Q	2			0		9.97s				0	92	439442	16396	66851	203689		82.38N	456.77K			86932			0	539	406	695		22h 34m 41s	6	0	6		15.34B				0			0	93.9s		7.41M	Scatter	4.68S		172966					0	0						304.18N					0					16.7M	154.27S	532	72544	0	635	4h 38m 3s	2183		138.44S	224	8.9K		2		628		293.58s			49.23K	0		102463	87902	20.69N			0	14	1924	481197			661			3555		830
2026-01-16	12:52:00		farm		Jan 16, 2026 12:52			33		701965		19.78D	877		36	8.21B	4.84B	229.78K			5.35O					58.5T	138.66B	727.92B		52.64T	2.48T	84.5B	2.17T	0		98.87B	3.84T		0		2	66		0	153.12D	0	43.69q	252.56q	0	3			0		33.43Q				0	50001	1602534	115530	270727	859693		17.01D	1.6M			423317			0	638	576	623		3d 4h 47m 34s	7	14	30		90.09B				0			11.37T	387.81Q		23.86M	Ray	83.38s		707003					0	2						114.31D					0					44.05M	735.32N	1726	364544	1	4185	15h 15m 3s	7032		87.56s	660	26.98K		0		4053		1.47s			158.6K	0		431512	395942	1.28D			0	11	12345	2015057			4107			11379		2606
2026-01-15	21:54:00		farm		Jan 15, 2026 21:54			51		698713		17.9D	879		30	19.13B	12.52B	228.24K			9O					60.59T	148.71B	734.61B		54.68T	2.49T	84.75B	2.19T	0		101.13B	4.11T		0		1	21		0	147.43D	0	33.15q	243.98q	0	0			0		35.21Q				0	53731	1600890	109515	265032	858537		15.66D	1.6M			421060			0	850	650	656		3d 1h 44m 24s	10	6	39		87.45B				0			0	0		23.76M	Vampire	103.53s		702583					0	8						111.99D					0					43.93M	703.84N	1739	363468	0	4095	14h 44m 32s	7021		98.18s	800	25.02K		0		4056		2.02s			157.94K	1.17S		431984	395724	1.18D			0	11	12289	2007863			4138			11366		2629
2026-01-15	11:49:00		farm		Jan 15, 2026 11:49			39		675937		7.23D	836		30	24.93B	16.28B	207.61K			2.82O					53.12T	121.86B	653B		47.85T	2.24T	73.17B	1.95T	0		89.05B	3.67T		0		5	30		0	45.97D	0	39.34q	178.26q	0	2			0		42.35Q				0	36239	1295335	71108	236162	808672		6.33D	1.3M			402603			0	850	650	665		3d 0h 29m 23s	3	20	30		76.8B				0			11.18T	0		22.94M	Ray	88.78s		682545					1.95T	10						31.76D					0					36.1M	228.48N	1650	346996	1	3911	14h 28m 29s	6749		89.68s	640	23.88K		0		3956		2.04s			152.5K	418.34s		378219	379484	416.45N			0	11	11726	1932520			3859			10979		2544
2026-01-14	15:23:00		tournament	14	Jan 14, 2026 15:23			0		70339		4.11S	147		0	486.76M	407.19M	906			76.31S					68.5B	0	1.36B		63.27B	1.1B	50.61M	2.27B	0		195.83M	36.34B		0		0	0		1.18s	124.23S	8	1.52q	1.62q	7.83q	0			0		234.75Q				0	4301	38525	8	10108	48955		3.38S	38.58K			15425			0	493	341	632		7h 32m 26s	2	0	0		134.9M				0			0	0		2.4M	Fast	9.84s		39408					1.95T	0						39.35S					0					403.97K	1.05S	183	11344	0	36	1h 53m 6s	723		232.68s	0	3.48K		0		29		11.89s			0	0		5499	16041	9.18s			0	12	99	114389			34			893		6
2026-01-14	13:17:00		farm		Jan 14, 2026 13:17			21		673790		8D	843		48	53.38B	34.06B	204.06K			23.71M					57T	138.47B	690.34B		51.46T	2.34T	78.67B	2.06T	0		94.07B	3.88T		0		4	30		0	51.31D	0	53.53q	225.27q	0	2			0		15.18Q				0	56204	1519298	109988	260381	827733		6.91D	1.52M			402705			0	850	650	661		3d 1h 23m 38s	6	0	36		82.12B				0			11.18T	0		23.01M	Scatter	63.92s		675296					215.78B	5						35.65D					0					42.16M	226.53N	1649	348115	0	3921	14h 42m 32s	6734		70.86s	680	22.8K		0		3967		12.62Q			147.9K	182.51s		410564	379749	523.95N			0	11	11760	1931753			3872			11019		2557
2026-01-13	22:51:00		farm		Jan 13, 2026 22:51			21		446184		27.37N	553		24	3.32B	1.74B	130.62K			1.88O					39T	94.88B	413.91B		35.67T	1.4T	49.25B	1.23T	0		56.91B	4.05T		0		1	27		0	196.1N	0	62.61q	190.26q	0	4			0		7.45Q				0	6499	993756	64488	158172	487640		23.55N	994.15K			225724			0	850	650	682		1d 22h 39m 31s	10	20	18		47.94B				0			11.18T	166.62Q		15.03M	Scatter	34.83s		411550					0	5						142.75N					0					30.02M	835.42O	1095	192500	2	2177	9h 38m 25s	4377		42.32s	299	13.49K		0		2133		636.45Q			96.57K	0		252952	216477	1.59N			0	12	6365	1149021			2055			7198		1670
2026-01-13	12:48:00		farm		Jan 13, 2026 12:48			36		693462		17.68D	876		51	24.36B	15.82B	225.91K			6.94O					59.26T	142.26B	724.43B		53.44T	2.46T	83.69B	2.17T	0		99.65B	3.93T		0		4	39		0	140.38D	0	62.15q	242.6q	0	5			17.39q		63.16Q				261	51383	1583522	115423	265449	855256		15.3D	1.58M			417606			0	851	650	665		3d 4h 17m 3s	8	10	36		78.08B				0			11.18T	418.45Q		23.68M	Scatter	91.07s		699498					0	6						105.49D					0					43.79M	715.81N	1700	362341	0	4022	15h 4m 25s	7019		90.87s	580	24.66K		0		4073		1.55s			152.17K	0		430014	393406	1.19D			0	11	12207	1996096			4112			11343		2636
2026-01-12	21:45:00		farm		Jan 12, 2026 21:45			18		700947		24.86D	883		27	20.38B	13.25B	225.48K			5.65O					59.74T	143.15B	733.54B		53.85T	2.49T	84.61B	2.19T	0		100.23B	3.96T		0		1	48		0	195.39D	0	58.82q	270.28q	0	1			0		29.46Q				0	43782	1619649	118575	271777	859226		21.74D	1.62M			423302			0	852	650	691		3d 3h 23m 12s	10	10	39		79.32B				0			11.18T	392.67Q		23.93M	Scatter	85.35s		711776					4.59T	4						146.25D					0					44.58M	955.04N	1701	366612	0	4032	15h 6m 13s	7088		87.11s	660	24.46K		0		4118		1.1s			153.82K	0		432364	398195	1.59D			0	11	12393	2020376			4243			11424		2623
2026-01-12	06:47:00		farm		Jan 12, 2026 06:47			42		681673		8.81D	850		27	10.26B	6.23B	222.75K			3.18O					56.76T	133.47B	688.85B		51.23T	2.33T	79.51B	2.06T	0		94.29B	3.72T		0		5	30		0	65.29D	0	52.63q	204.66q	0	3			0		31.1Q				0	43041	1538181	111707	261786	828877		7.74D	1.54M			407420			0	852	650	651		3d 1h 58m 33s	9	20	42		75.68B				0			0	323.05Q		23.25M	Scatter	75.1s		686711					4.59T	10						47.88D					0					42.62M	300.3N	1668	350553	1	3884	15h 14m 23s	6855		74.47s	640	19.54K		0		4013		765.11Q			149.41K	0		413064	382824	559.24N			0	11	11888	1949454			3991			11113		2563
2026-01-11	14:30:00		farm		Jan 11, 2026 14:30			39		694756		17.31D	869		39	23.82B	15.01B	219.74K			6.09O					59.78T	147.01B	734.19B		53.87T	2.5T	84.61B	2.19T	0		100.52B	3.99T		0		3	30		0	137.33D	0	66.89q	255.79q	0	5			0		55.66Q				0	53603	1573515	118547	269121	858224		15.08D	1.57M			418792			0	852	650	644		3d 4h 9m 44s	9	2	42		80.66B				0			11.18T	439.36Q		23.74M	Scatter	89.58s		701873					4.59T	0						103.15D					0					43.62M	653N	1714	362957	1	4012	14h 59m 59s	7057		90.59s	820	24.34K		0		4137		1.34s			152.54K	0		431262	394532	1.14D			0	11	12264	2002510			4115			11346		2618
2026-01-10	23:41:00		farm		Jan 10, 2026 23:41			42		451722		24.11N	555		15	12.27B	8.1B	132.6K			3.73O					35.37T	84.94B	376.47B		32.37T	1.23T	44.02B	1.13T	0		51.12B	3.68T		0		2	15		0	185.73N	0	45.14q	191.34q	0	3			308.42s		8.87Q				97455	6278	919808	65813	149666	491053		20.94N	920.23K			228014			0	852	650	626		1d 22h 17m 36s	10	18	18		41.4B				0			0	210.46Q		15.11M	Ray	43.19s		415888					4.59T	10						138.23N					0					29.31M	894.32O	1087	193119	0	2147	9h 35m 54s	4442		46.28s	552	17.08K		0		2169		1.46s			97.09K	0		245543	218760	1.55N			0	12	6404	1161032			2088			7207		1649
2026-01-10	13:01:00		tournament	9	Jan 10, 2026 13:01			0		39043		180.22s	127		0	279.14M	232.15M	539			5.82S					30.72B	0	606.94M		28.33B	531.09M	25.34M	1.03B	0		89.18M	18.87B		0		0	0		82.45Q	7.62S	8	2.87q	392.12T	5.31q	0			0		29.83Q				0	2719	6025	7	5042	26158		144.07s	6.69K			8163			0	503	354	533		6h 30m 47s	2	0	0		51.49M				0			1.89T	0		2.07M	Ranged	1.07s		21337					22.51T	0						1.36S					0					311.98K	105.26s	159	5551	0	25	1h 37m 41s	611		24.19s	0	2.61K		0		20		1.2s			0	0		3888	8200	1.33s			0	12	65	61846			20			767		0
2026-01-10	09:41:00		farm		Jan 10, 2026 09:41			24		679626		9.59D	851		45	8.49B	5.06B	220.35K			90.98O					54.37T	130.25B	672.58B		48.98T	2.27T	77.06B	2.01T	0		93.89B	3.62T		0		3	51		0	60.92D	0	35.45q	188.36q	0	0			0		1.09s				0	136665	1375134	99806	235696	855095		8.41D	1.38M			407752			0	637	574	623		3d 2h 8m 9s	9	20	21		69B				0			0	13.67s		23.22M	Scatter	3.93S		651931					22T	10						42.09D					0					44.33M	295.8N	1653	352167	2	4031	15h 1m 15s	6920		6S	720	26.62K		0		3947		9.01s			149.29K	0		423509	382549	528.48N			0	11	11910	1947346			3932			11096		2553
2026-01-09	19:00:00		milestone		Jan 09, 2026 19:00			0		7342		585.19S	32		0	21.34M	15.5M	120			1.33O					13.44B	0	139.01M		12.87B	145.22M	9.33M	230.12M	0		19.98M	24.23B		0		0	0		145.96s	5.18O	8	1.29q	798.6T	4.46q	2			0		541.85Q				0	0	5192	37	1151	4642		563.92S	9.63K			1240			0	143	140	158		2h 13m 8s	1	0	0		13.78M				0			0	0		550.42K	Fast	32.14s		3849					21.03T	0						2.56O					0					730.22K	67.81S	32	750	0	2	33m 17s	189		8.4S	0	825		0		1		11.96s			0	0		970	1172	72.59S			0	16	7	10605			4			229		0
2026-01-09	17:04:00		milestone		Jan 09, 2026 17:04			9		226280		8.02D	358		6	10.96B	9.94B	54.9K			2.15N					3.44T	8.47B	42.26B		3.21T	43.7B	4.84B	121.28B	0		5.75B	590.1B		0		0	18		0	52.97D	8	213.39q	272.81q	344.49Q	3			0		3.97s				0	17	393044	14759	65050	206599		8.17D	465.31K			86051			0	482	281	677		1d 3h 36m 26s	6	0	12		4.47B				0			0	17.23s		7.79M	Scatter	3.87S		176114					15.8T	0						35.78D					2					20.38M	399.85N	439	70916	0	598	5h 49m 49s	2313		112.48S	420	10.42K		0		587		115.61s			58.12K	0		97317	87480	601.32N			0	15	1765	490474			580			2865		0
2026-01-09	09:52:00		farm		Jan 09, 2026 09:52			30		683171		8.2D	854		51	22.9B	14.98B	220.03K			48.9S					52.25T	119.31B	647.45B		47.08T	2.18T	73.17B	1.93T	0		88.26B	3.55T		0		5	36		0	59.32D	0	51.72q	198.73q	0	3			0		13.63Q				0	44022	1525631	112562	221887	832838		6.32D	1.53M			408059			0	852	650	637		3d 2h 6m 51s	8	19	42		63.43B				0			0	211.71Q		23.16M	Scatter	66.61s		688110					0	8						44D					0					42.14M	269.78N	1651	352943	0	3929	14h 44m 1s	6874		63.77s	820	23.08K		0		3993		1.26s			148.89K	0		413348	384047	517.26N			0	11	11861	1954755			3939			11071		2552
2026-01-08	19:12:00		farm		Jan 08, 2026 19:12			12		207517		110.95N	302		3	18.31B	12.52B	66.2K			181.24S					10.94T	24.45B	82.89B		10.37T	177.08B	10.29B	244.91B	0		11.14B	2.24T		0		2	6		0	436.16N	0	42.95q	174.83q	0	3			0		6.9Q				0	10	413645	20745	62823	194016		86.15N	442.68K			83925			0	774	474	695		22h 23m 36s	6	1	15		8.95B				0			0	0		7.32M	Scatter	4.58s		169156					0	2						231.13N					1					15.72M	2.97N	529	70130	0	612	4h 52m 54s	2176		13.36s	588	10.97K		0		640		94.09Q			47.1K	241.98s		113845	85790	4.97N			0	14	1858	468668			606			3503		807
2026-01-08	13:51:00		farm		Jan 08, 2026 13:51			9		211679		123.46N	305		0	16.74B	11.52B	67.43K			54.02s					14.02T	33.05B	110.29B		13.18T	312.82B	13.34B	327.21B	0		15.26B	2.94T		0		0	9		0	483.98N	0	50.49q	102.99q	0	1			0		8.83Q				0	18	426668	21166	66093	200018		95.03N	454.29K			86358			0	591	486	651		22h 48m 42s	6	0	18		12.16B				0			0	0		7.46M	Boss	927.25Q		172646					2.76T	0						256.43N					0					15.97M	3.28N	536	72198	1	634	4h 45m 59s	2218		18.6s	420	10.95K		2		650		696.44q			47.94K	134.64s		109377	88148	5.77N			0	14	1936	480099			652			3573		828
2026-01-08	07:15:00		farm		Jan 08, 2026 07:15			30		683917		12.78D	865		48	2.46B	739.2M	222.39K			34.67S					48.99T	116.1B	609.23B		44.12T	2.07T	70.65B	1.82T	0		68.37B	3.31T		0		3	27		0	80.46D	0	27.78q	213.29q	0	0			0		26.09Q				0	62139	1558104	111422	249255	603918		11.15D	1.56M			408237			0	853	650	677		3d 2h 13m 44s	6	20	45		64.5B				0			0	229.11Q		23.34M	Scatter	68.79s		681642					2.76T	10						55.4D					0					43.79M	405.2N	1667	352089	1	4038	14h 48m 51s	6869		73.78s	640	23.04K		0		3915		37.77Q			149.99K	0		421953	385612	730.76N			0	11	11924	1954321			3971			11157		2575
2026-01-07	15:15:00		tournament	10	Jan 07, 2026 15:15			0		39556		526.21s	130		0	320.83M	247.56M	822			11.43S					32.19B	0	611.27M		29.83B	524.8M	33.44M	1.01B	0		74.6M	19.45B		0		0	0		200.23Q	12.94S	8	3.68q	2.47q	13.72q	0			0		411.47Q				0	2179	633	8	5231	20048		409.14s	9.17K			8395			0	530	383	561		6h 37m 6s	2	0	0		46.81M				0			0	0		2.11M	Boss	1.07s		22426					2.76T	0						296.45s					0					485.69K	236.45s	159	5895	0	26	1h 39m 16s	646		59.48s	0	3.34K		0		36		1.09s			0	0		5097	8550	31.97s			0	12	86	63751			24			810		31
2026-01-07	13:26:00		farm		Jan 07, 2026 13:26			39		693475		19.96D	874		45	49.02B	33.15B	221.87K			269.03S					49.06T	118.67B	614.46B		44.14T	2.08T	71.01B	1.84T	0		68.06B	3.26T		0		3	30		0	126.24D	0	55.38q	246.09q	0	5			0		19.54Q				0	56016	1599645	119321	255208	604138		17.23D	1.6M			418440			0	853	650	647		3d 4h 0m 6s	9	10	57		65.15B				0			10.6T	239.39Q		23.69M	Scatter	67.84s		697660					0	6						87.41D					0					44.23M	572.3N	1707	360394	1	4009	15h 3m 11s	6909		72.34s	740	27.34K		0		4090		112.34Q			152.25K	0		427201	390685	1.08D			0	11	12180	1992768			4081			11316		2603
2026-01-06	22:30:00		farm		Jan 06, 2026 22:30			36		692775		21D	874		45	31.48B	21.09B	225.27K			214.15S					48.76T	119.66B	607.71B		43.9T	2.06T	70.1B	1.82T	0		67.93B	3.22T		0		5	48		0	130.6D	0	79.02q	242.31q	0	7			215.94Q		27.92Q				1252	43555	1597373	103139	256748	607117		18.03D	1.6M			418074			0	853	650	662		3d 4h 49m 0s	10	10	18		63.14B				0			10.53T	0		23.68M	Ray	66.32s		701762					0	4						89.75D					0					44.47M	670.76N	1688	360582	1	4055	15h 10m 1s	6957		72.75s	760	22.74K		0		4045		114.6Q			152.2K	378.23s		427954	392277	1.15D			0	11	12169	1991692			4069			11321		2610
2026-01-06	12:31:00		farm		Jan 06, 2026 12:31			39		683025		12.63D	866		54	3.84B	1.76B	223.73K			128.62S					47.91T	114.51B	608.9B		43.04T	2.07T	70.77B	1.82T	0		67.83B	3.22T		0		2	36		0	79.31D	0	68.73q	219.12q	0	4			0		13.24Q				0	49022	1562373	108616	249328	598751		10.87D	1.56M			408661			0	853	650	739		3d 2h 20m 50s	9	20	24		64.43B				0			10.2T	0		23.32M	Scatter	64.79s		687242					0	10						54.69D					0					43.6M	404.65N	1689	353222	2	3954	14h 51m 51s	6968		68.74s	560	24.64K		0		3950		110.81Q			149.81K	345.88s		424792	384208	712.05N			0	11	11934	1954707			4030			11131		2557
2026-01-05	20:06:00	Phone died towards end of run, couldnt recover	farm		Jan 05, 2026 20:06			33		657417		2.67D	825		36	16.62B	10.11B	201.6K			33.18S					44.2T	104.58B	567.7B		39.68T	1.91T	65.7B	1.69T	0		63.58B	3.09T		0		1	30		0	16.86D	0	14.56q	139.14q	0	0			0		15.83Q				0	40337	1478683	45	239323	575094		2.3D	1.48M			387784			0	853	650	655		2d 23h 54m 32s	6	0	39		58.94B				0			10.07T	0		22.47M	Fast	57.78s		655535					58.67B	6						11.64D					0					41.85M	81.3N	1617	334360	0	3748	14h 18m 32s	6649		65.09s	620	24.84K		0		3696		13.67Q			144.36K	231.1s		402346	364902	172.27N			0	11	11304	1863330			3860			10716		2454
2026-01-04	22:30:00		farm		Jan 04, 2026 22:30			42		679650		9.12D	848		39	22.07B	14.52B	220.58K			177.35S					46.57T	115.79B	595.55B		41.82T	2T	68.91B	1.78T	0		67.12B	3.2T		0		7	42		0	56.98D	0	24.4q	196.18q	0	0			0		36.32Q				0	41738	1541336	81974	249594	596294		7.84D	1.54M			405510			0	854	611	648		3d 0h 29m 38s	10	20	51		63.27B				0			0	0		23.15M	Ray	61.95s		684843					0	4						39.26D					0					42.22M	268.85N	1663	350666	0	3955	14h 33m 50s	6799		70.43s	780	26.96K		0		3949		125.93Q			148.7K	333.17s		417218	381146	489.67N			0	11	11830	1942439			3926			11059		2544
2026-01-04	05:53:00		farm		Jan 04, 2026 05:53			39		679239		8.95D	858		30	83.43B	56.73B	216.18K			267.19S					45.26T	108.68B	579.68B		40.65T	1.94T	67.21B	1.73T	0		64.08B	3.04T		0		2	39		0	56.12D	0	37.47q	191.86q	0	0			0		14.97Q				0	59944	1550579	114391	247803	590941		7.66D	1.55M			404373			0	854	650	638		3d 2h 13m 26s	3	20	30		60.37B				0			9.56T	217.5Q		23.14M	Boss	63.64s		677067					1.36T	10						38.7D					0					40.35M	288.97N	1659	350541	0	3964	14h 52m 11s	6832		60.49s	920	22.34K		0		3941		197.78Q			148.76K	0		416949	382063	516.18N			0	11	11830	1941625			3925			11060		2548
2026-01-03	13:23:00		farm		Jan 03, 2026 13:23			42		685450		13.59D	860		36	13.72B	8.72B	221.27K			81.74S					46.42T	115.7B	597.63B		41.67T	1.99T	69.32B	1.79T	0		66.66B	3.11T		0		4	39		0	86.29D	0	17.2q	227.01q	0	0			0		25.22Q				0	42770	1564157	110718	250128	607195		11.82D	1.56M			411396			0	855	600	629		3d 3h 18m 22s	10	9	33		64.5B				0			0	0		23.42M	Ray	51.19s		691771					0	6						59.73D					0					40.85M	401.6N	1685	353851	0	3987	14h 54m 34s	6875		51.04s	880	23.42K		0		4066		34.03Q			150.51K	272.23s		424130	386498	756.38N			0	11	12011	1966250			3958			11202		2590
2026-01-02	22:26:00		farm		Jan 02, 2026 22:26			12		315495		12.06N	377		3	32.83B	22.28B	73.15K			0					20.33T	47.38B	186.6B		18.86T	597.63B	21.82B	553.76B	0		20.29B	3.17T		0		1	21		0	75.49N	0	31.05q	112.04q	0	4			1.23S		9.06Q				50953	218	622365	36473	91175	211425		10.36N	622.69K			130175			0	855	637	637		1d 7h 21m 54s	8	11	15		19.83B				0			9.56T	33.31Q		10.37M	Ray	9.19s		230155					0	4						51.95N					0					19.89M	384.5O	756	110300	3	1156	6h 25m 17s	3081		19.84s	275	10.33K		0		1133		0			66.58K	0		155048	129358	731.59O			0	13	3401	722645			1112			4948		1135
2026-01-02	12:45:00		farm		Jan 02, 2026 12:45			18		670908		405.34D	837		36	3.3B	1.35B	215.27K			6.89S					43.79T	105.21B	555.3B		39.41T	1.82T	64.47B	1.65T	0		60.99B	3.04T		0		3	27		0	2.62aa	0	53.8q	174.48q	0	4			0		12.73Q				0	40920	1571985	113997	245581	578522		358.67D	1.57M			398366			0	855	464	656		2d 22h 32m 44s	10	11	42		58.73B				0			9.38T	0		22.89M	Scatter	43.19s		599919					0	5						1.82aa					0					40.81M	11.92D	1636	345392	1	3830	14h 24m 31s	6716		47.57s	540	22.38K		0		3967		6.3Q			147.15K	213.71s		414437	375602	23.7D			0	11	11623	1916498			3826			10947		2528
2026-01-01	22:07:00		farm		Jan 01, 2026 22:07			42		682426		932.15D	858		21	3.28B	1.35B	222.33K			48.03S					46.82T	117.66B	596.62B		42.09T	1.98T	69.24B	1.78T	0		66.4B	3.25T		0		3	36		0	5.94aa	0	31.36q	227.02q	0	2			0		16.93Q				0	32692	1604068	115116	252759	594549		806.73D	1.6M			409931			0	855	650	653		2d 22h 13m 40s	10	9	36		63.58B				0			0	0		23.36M	Ray	47.18s		617810					0	5						4.12aa					0					41.69M	29.27D	1690	353715	2	4030	14h 23m 18s	6886		52.8s	640	24.16K		0		4045		48.7Q			144.98K	235.24s		423222	386417	54.95D			0	11	12014	1961369			3939			11170		2578
2026-01-01	06:42:00		farm		Jan 01, 2026 06:42			18		669748		412.07D	830		39	10.88B	6.8B	214.96K			0					44.63T	113.38B	577.52B		40.06T	1.91T	66.92B	1.73T	0		63.3B	3.08T		0		3	36		0	2.58aa	0	58.91q	168.63q	0	5			0		26.42Q				0	36985	1568402	114024	248383	576896		351.81D	1.57M			397712			0	855	650	657		3d 1h 13m 31s	10	20	33		61.56B				0			0	162.68Q		22.88M	Scatter	41.16s		598781					0	10						1.78aa					0					40.88M	12.95D	1630	343310	0	3892	14h 30m 38s	6756		47.53s	540	22.38K		0		3843		6.16M			141.96K	0		414255	374132	23.97D			0	11	11630	1907509			3895			10940		2527
2025-12-31	16:15:00		tournament	11	Dec 31, 2025 16:15			0		28605		64.46s	493		0	282.56M	221.53M	485			2.79S					46.47B	0	920.9M		43.01B	709.78M	50.53M	1.5B	0		109.71M	32.24B		0		0	0		26.03Q	4.14S	8	655.5T	2.65q	11.86q	0			0		72.63Q				0	867	6807	17	5680	16967		256.28s	16.67K			8740			0	474	368	509		5h 45m 54s	2	0	0		85.16M				0			0	0		1.84M	Fast	420.1Q		16777					1.47T	0						805.67s					0					859.16K	222.97s	370	5828	0	22	1h 26m 28s	544		22.64s	0	8.27K		0		21		162.02Q			0	0		5483	8789	1.74s			0	12	55	53507			12			707		25
2025-12-31	14:29:00		farm		Dec 31, 2025 14:29			27		672949		539.98D	854		27	2.28B	681.03M	208.9K			1.38O					42.19T	103.83B	536.69B		37.94T	1.78T	60.89B	1.61T	0		58.35B	2.87T		0		3	30		0	3.41aa	0	33.14q	189.54q	0	2			0		32.5Q				0	28735	1403673	7181	227612	566193		468.03D	1.4M			400592			0	855	650	676		3d 0h 53m 33s	7	6	24		54.18B				0			0	214.7Q		23.06M	Scatter	61.28s		605485					0	3						2.35aa					0					36.57M	17.49D	1660	344998	0	3867	14h 41m 29s	6850		72.08s	680	24.76K		0		3918		1.35s			143.07K	0		391746	375675	32.09D			0	11	11681	1920082			3896			11025		2544
2025-12-30	22:22:00		farm		Dec 30, 2025 22:22			18		436151		248.29N	538		24	31.3B	21.17B	125.25K			3.08S					25.74T	62.39B	284.79B		23.54T	881.75B	33.54B	849.88B	0		31.19B	2.85T		0		4	24		0	1.56D	0	31.19q	158.76q	0	1			0		16.19Q				0	4436	969061	63818	144828	329916		214.32N	969.47K			216707			0	855	650	677		1d 20h 13m 49s	10	14	18		29.89B				0			0	0		14.63M	Scatter	18.41s		354254					1.92T	7						1.08D					0					27.78M	7.4N	1056	183496	2	2003	9h 2m 0s	4300		25.7s	552	16.36K		0		2055		434.58q			90.74K	133.19s		245041	207237	14.18N			0	12	6076	1109608			2018			7000		1621
2025-12-30	10:20:00		farm		Dec 30, 2025 10:20			33		670048		447.81D	835		24	23.28B	15.64B	213.38K			256.71Q					43.61T	107.17B	563.18B		39.17T	1.84T	65.31B	1.68T	0		62.44B	2.99T		0		1	36		0	2.8aa	0	53.19q	172.97q	0	4			0		21.93Q				0	32986	1567651	115120	243641	577425		381.23D	1.57M			400167			0	855	650	646		3d 1h 53m 51s	10	16	39		59.13B				0			9.38T	145.66Q		22.93M	Scatter	42.43s		602416					0	8						1.93aa					0					40.73M	12.56D	1682	343950	0	3922	14h 36m 27s	6755		51.1s	520	21.66K		0		3894		268.02B			142.26K	0		410621	375482	25.51D			0	11	11621	1913927			3805			10958		2526
2025-12-29	19:43:00	First Second Wind triggered at w2400 or maybe 2500, my SW recharge is every 1k waves. Updated labs to kick off next 1-2 levels of SW recharge since next lvl will drop it to 750 waves and one after that lowers it to something like 550. Its only like 4 days to research 2 lvls, and i figure if i had that i would have been able to recharge my SW and survived the second Fleet enemy, letting me break past w3500, potentially unlocking the ability to farm T14...though it is still very perk dependent.	farm		Dec 29, 2025 19:43			12		206212		487.57N	301		6	20.84B	14.26B	65.52K			91.86S					12.06T	27.89B	95.8B		11.34T	265.29B	11.81B	284.57B	0		10.3B	2.53T		1		2	12		0	1.9D	0	58.25q	95.43q	0	1			0		7.79Q				0	9	412335	19733	61539	135953		378.56N	440.4K			83200			0	616	419	675		22h 24m 51s	7	4	9		10.17B				0			9.38T	0		7.28M	Ray	1.88s		149045					213.51T	2						999.3N					0					14.63M	13.31N	529	70116	0	620	4h 45m 38s	2165		11.4s	280	9.58K		0		606		45.92Q			45.27K	81.64s		112083	85112	23.19N			0	14	1834	464918			608			3495		810
2025-12-29	14:53:00	Poor luck on perks, didnt get any defense or +12 sec bh, so died early	farm		Dec 29, 2025 14:53			9		68058		1.39O	97		9	1.98B	1.32B	3.99K			3.71S					550.02B	1.3B	4.53B		529.86B	3.24B	546.35M	9.22B	0		479.66M	354.81B		0		0	3		0	5.32O	0	45.04q	6.93q	0	2			0		4.46Q				0	9	106689	1272	15615	35242		1.09O	115.73K			17778			0	619	472	645		7h 17m 26s	3	0	3		439.32M				0			9.38T	0		2.36M	Scatter	171.82Q		37911					213.51T	0						2.73O					0					4.57M	46.16S	164	13718	0	49	1h 33m 0s	690		5.51s	112	2.59K		0		40		27.27Q			14.64K	1.47s		28431	18186	67.08S			0	14	132	119291			43			1127		255
2025-12-29	12:45:00		farm		Dec 29, 2025 12:45			24		668663		234.93D	834		12	30.4B	20.48B	208.62K			0					41.99T	106.39B	535.4B		37.8T	1.73T	59.79B	1.6T	0		58.48B	2.92T		0		2	42		0	1.94aa	0	45.05q	152.79q	0	2			0		15.3Q				0	50601	1602268	112497	236317	567237		204.76D	1.6M			398236			0	855	650	683		3d 0h 31m 13s	7	8	33		55.16B				0			9.2T	155.64Q		22.67M	Scatter	30.94s		593876					0	6						1.48aa					0					37.38M	7.95D	1644	341831	1	3678	14h 24m 18s	6744		33.53s	640	19.82K		0		3903		729.55q			140.67K	0		382575	374446	15.49D			0	11	11447	1907661			3866			10838		2501
2025-12-28	22:30:00		farm		Dec 28, 2025 22:30			27		435299		148.31N	536		12	31.04B	20.94B	125.02K			186.5S					26.12T	61.63B	287.99B		23.87T	925.54B	32.49B	859.48B	0		31.09B	2.8T		0		0	33		0	1.22D	0	34.93q	130.98q	0	2			0		9.08Q				0	4649	992880	59124	129753	325913		128.74N	993.32K			215575			0	856	650	679		1d 19h 52m 56s	9	12	15		28.04B				0			9.2T	78.19Q		14.48M	Ray	16.32s		351206					0	4						930.31N					0					25.1M	5.53N	1023	182752	1	2005	9h 19m 39s	4297		22.12s	529	18.51K		0		1927		72.97Q			89.88K	0		223005	206619	10.38N			0	12	5965	1102675			2033			6934		1607
2025-12-28	18:26:00		farm		Dec 28, 2025 18:26			30		669926		264.69D	838		42	1.61B	248.79M	209.89K			348.23S					39.97T	99.67B	511.88B		35.98T	1.65T	56.72B	1.52T	0		55.62B	2.77T		0		1	48		0	2.26aa	0	38.02q	154.37q	0	4			91.21O		11.75Q				164	36953	1600598	111091	215641	567554		240.16D	1.6M			397930			0	856	650	688		3d 1h 5m 59s	6	10	30		49.32B				0			0	166.77Q		22.66M	Ray	31.77s		597891					0	6						1.72aa					0					36.84M	10.24D	1611	343479	2	3854	14h 26m 36s	6633		35.62s	780	22.2K		0		3765		128.13Q			140.67K	0		378496	374199	19.51D			0	11	11484	1906345			3865			10862		2525
2025-12-28	04:15:00		farm		Dec 28, 2025 04:15			27		321863		97.47N	389		15	7.66B	4.77B	79.86K			987.48s					16.36T	36.27B	154.56B		15.2T	455.47B	17.54B	453.44B	0		16.66B	2.44T		0		5	27		0	787.82N	0	64.36q	118.16q	0	5			0		7.36Q				0	186	694332	38040	85800	214480		84.69N	694.67K			134122			0	856	650	666		1d 8h 5m 56s	6	10	21		15.34B				0			9.03T	26.16Q		10.55M	Scatter	5.39s		237080					0	4						593.66N					0					18.31M	4.39N	757	113631	0	1222	6h 42m 3s	3082		11.04s	425	13.33K		0		1181		18.01q			65.46K	0		150445	133659	7.61N			0	13	3542	742214			1139			5048		1167
2025-12-27	21:26:00		tournament	17	Dec 27, 2025 21:26			0		31438		21.59s	107		0	205.09M	163.77M	385			901.01s					28.96B	0	606.46M		26.69B	476.34M	31.56M	981.05M	0		72.27M	21.08B		0		0	0		13.48Q	1.27S	8	2.01q	1.92q	9.51q	0			0		11.17Q				0	775	6411	9	5042	15678		77.28s	14.62K			6254			0	432	368	479		5h 26m 19s	2	0	0		45.77M				0			0	0		1.72M	Boss	178.79Q		15396					0	0						241.45s					0					789.82K	32.13s	129	4302	0	14	1h 22m 25s	529		9.43s	0	2.47K		0		14		108.72Q			0	0		4714	6196	871.5Q			0	12	38	48880			10			660		19
2025-12-27	19:52:00		farm		Dec 27, 2025 19:52			30		650707		131.23D	814		27	14.05B	8.89B	203.6K			0					40.52T	97.85B	525.55B		36.41T	1.71T	60.76B	1.56T	0		58.13B	2.87T		0		4	33		0	828.72D	0	18.75q	126.29q	0	1			0		25.75Q				0	29084	1508875	106791	220850	556457		113.76D	1.51M			382986			0	856	650	693		2d 23h 20m 24s	7	11	42		52.76B				0			0	0		22.18M	Ray	37.46s		579936					0	1						572.88D					0					39.38M	3.62D	1598	328627	2	3701	14h 6m 50s	6523		45.24s	660	22.36K		0		3741		12.88q			137.6K	185.37s		395218	361195	7.23D			0	11	11114	1842778			3672			10619		2463
2025-12-27	03:36:00		farm		Dec 27, 2025 03:36			15		428279		124.96N	529		18	69.16B	47.59B	120.02K			44.34B					26.07T	58.52B	289.58B		23.81T	933.66B	34.02B	859.02B	0		31.49B	2.84T		0		1	24		0	786.26N	0	33.13q	123.94q	0	3			0		9.33Q				0	4406	945295	59989	130169	322469		108.02N	945.71K			209114			0	856	650	648		1d 20h 17m 41s	7	9	9		28.32B				0			0	0		14.29M	Ray	17.75s		344865					0	9						542.56N					0					27.11M	3.47N	1023	178389	2	1968	9h 11m 19s	4229		25.75s	598	13.5K		0		1951		3.7B			88.74K	109.81s		237915	201477	7.25N			0	12	5866	1080123			1947			6846		1586
2025-12-26	18:27:00		farm		Dec 26, 2025 18:27			27		665713		352.29D	844		39	18.18B	11.74B	210.68K			2.86S					41.73T	103.37B	543.4B		37.48T	1.77T	63.16B	1.61T	0		59.89B	2.87T		0		4	30		0	2.21aa	0	39.86q	164.24q	0	2			34.1N		10.84Q				108	27665	1559317	109139	223543	577264		302.15D	1.56M			395017			0	856	650	643		3d 1h 25m 44s	7	7	33		53.76B				0			8.85T	0		22.79M	Scatter	39.96s		597872					0	7						1.52aa					0					40.81M	10.85D	1635	340654	0	3814	14h 32m 26s	6719		47.28s	760	23.58K		0		3820		282.57q			136.35K	205.55s		411870	372675	20.87D			0	11	11517	1896253			3883			10892		2512
2025-12-26	02:45:00		farm		Dec 26, 2025 02:45			30		426692		123.36N	521		12	2.72B	757.84M	110.67K			0					25.38T	61.78B	288.71B		23.14T	919.7B	33.77B	853.51B	0		31.75B	2.77T		0		0	27		0	772.31N	0	23.9q	135.39q	0	0			0		9.32Q				0	6363	947908	61049	126503	319998		103.97N	948.26K			207223			0	856	650	670		1d 20h 14m 30s	7	13	24		27.74B				0			8.85T	0		14.25M	Scatter	16.29s		341967					0	3						532.82N					0					27.14M	3.99N	1016	177210	0	1914	9h 9m 18s	4250		26.26s	437	16.97K		0		1947		0			85.3K	46.96s		235211	200385	8.17N			0	12	5812	1074606			1951			6822		1579
2025-12-25	17:37:00		farm		Dec 25, 2025 17:37			27		668262		429.97D	848		45	21.3B	14.05B	213.89K			36.71S					41.76T	100.07B	542.7B		37.51T	1.77T	63.04B	1.61T	0		59.25B	2.86T		0		2	27		0	2.85aa	0	46.19q	177.36q	0	3			0		18.21Q				0	29494	1566227	113699	219258	573966		372.64D	1.57M			397914			0	856	650	678		3d 1h 43m 10s	5	15	33		53.08B				0			8.85T	166.06Q		22.92M	Scatter	38.41s		600245					1.05T	6						2aa					0					40.7M	14.22D	1646	344301	2	3930	14h 35m 16s	6763		46.53s	820	23.36K		0		3825		47.16Q			137.16K	0		413559	374668	26.91D			0	11	11619	1907789			3864			10947		2517
2025-12-25	02:51:00		farm		Dec 25, 2025 02:51			12		423551		99.55N	528		27	62.29B	42.28B	110.91K			0					16.15T	41.35B	181.57B		14.76T	576.29B	21.26B	534.18B	0		437.65M	1.76T		0		2	18		0	627.67N	0	31.64q	127.35q	0	2			0		1.06Q				0	4203	940897	60758	128211	29982		84.73N	941.28K			205770			0	856	650	656		1d 20h 2m 22s	4	5	18		18.03B				0			8.85T	0		14.2M	Scatter	1.37s		340518					1.05T	4						434.14N					0					26.57M	2.86N	1038	175821	0	1900	9h 9m 50s	4124		2.38s	414	15.64K		0		1934		723.49T			84.94K	4.27s		231008	198933	6.39N			0	12	5732	1067213			1898			6785		1563
2025-12-24	17:40:00		tournament	12	Dec 24, 2025 17:40			0		28425		9.94s	98		0	207.23M	169.57M	343			302.96s					20.25B	0	440.32M		18.59B	358.61M	18.18M	708.1M	0		50.25M	16.24B		0		0	0		5.06Q	373.89s	8	418.89T	2.49q	10.52q	0			0		9.32Q				0	1638	3687	27	3515	13581		6.41s	4.99K			5528			0	395	357	445		4h 59m 6s	2	0	0		38.35M				0			1.43T	0		1.57M	Ranged	124.69Q		13425					1.05T	0						44.95s					0					340.02K	8.84s	120	3751	0	7	1h 14m 46s	488		2.08s	0	2.03K		0		14		204.37Q			0	0		3716	5359	459.06Q			0	12	36	43681			15			590		3
2025-12-24	10:05:00		farm		Dec 24, 2025 10:05			51		664265		382.66D	841		36	22.01B	14.38B	213.26K			22.94S					40.7T	103.42B	529.92B		36.57T	1.72T	61.62B	1.56T	0		58.76B	2.81T		0		4	33		0	2.4aa	0	23.91q	167.6q	0	1			0		21.43Q				0	28960	1560665	113579	223034	568882		329.67D	1.56M			395183			0	856	650	661		3d 0h 51m 44s	8	19	27		53.17B				0			8.67T	0		22.78M	Vampire	33.75s		577395					0	9						1.65aa					0					38.3M	11.13D	1636	340451	2	3803	14h 27m 57s	6735		38.57s	620	24.42K		0		3892		76.29Q			136.3K	173.07s		409502	371317	21.53D			0	11	11566	1894741			3871			10898		2520
2025-12-24	01:41:00		tournament		Dec 24, 2025 01:41			0		28896		10.5s	100		0	196.7M	160.49M	313			408.57s					17.92B	0	367.79M		16.49B	316.36M	14.3M	617.11M	0		43.26M	14.2B		0		0	0		12.69Q	510.96s	8	2.25q	1.87q	9.89q	0			0		3.15Q				0	1475	2745	25	3729	13437		10.77s	3.71K			5584			0	377	333	425		5h 2m 54s	1	0	0		35.99M				0			0	0		1.61M	Fast	126.33Q		13431					0	0						68.09s					0					330.08K	11.91s	119	3903	0	7	1h 15m 43s	471		2.59s	0	1.6K		0		14		185.24Q			0	0		2634	5486	781.64Q			0	12	36	44480			15			607		12
2025-12-23	18:21:00		farm		Dec 23, 2025 18:21			27		426507		126.83N	534		15	39.19B	26.96B	116.87K			192.82S					24.68T	63.64B	281.3B		22.5T	895.58B	32.89B	826.55B	0		31.15B	2.81T		0		2	21		0	800.22N	0	33.27q	129.71q	0	3			0		5.13Q				0	2486	874527	46268	119128	317222		109.49N	874.93K			210171			0	856	524	640		1d 19h 8m 57s	8	1	21		26.92B				0			8.67T	71.41Q		14.31M	Scatter	19.45s		333468					0	1						552.64N					0					23.73M	3.78N	1021	177305	0	1935	8h 47m 7s	4221		27.93s	575	16.96K		0		1916		503.74Q			85.64K	0		229931	200954	7.48N			0	12	5836	1077123			1985			6851		1586
2025-12-23	15:07:00		farm		Dec 23, 2025 15:07			27		673935		619.98D	848		36	10.02B	6.15B	216.89K			38.8S					38.71T	91.3B	517.8B		34.71T	1.65T	59.77B	1.52T	0		56.45B	2.57T		0		1	30		0	3.88aa	0	46.03q	188.25q	0	3			0		13.87Q				0	30455	1577314	112411	220639	577886		530.87D	1.58M			402456			0	856	622	669		3d 2h 38m 0s	8	20	21		50.02B				0			0	0		23.1M	Scatter	31.62s		589249					0	10						2.68aa					0					38.62M	18.62D	1680	347384	2	3958	15h 2m 13s	6847		39.1s	740	25.24K		0		3898		71.72Q			138.2K	156s		412381	378241	35.94D			0	11	11822	1926300			3966			11040		2545
2025-12-22	18:13:00		farm		Dec 22, 2025 18:13			15		305373		57.2N	373		6	28.64B	19.09B	71.62K			0					18.79T	46.58B	177.87B		17.4T	569.02B	21.19B	519.17B	0		19.09B	2.97T		0		2	9		0	359.43N	0	32.69q	99.49q	0	2			0		5.28Q				0	236	648175	35979	81754	204387		49.6N	648.51K			125688			0	856	650	666		1d 6h 39m 42s	4	0	9		17.45B				0			8.52T	17.89Q		10.12M	Scatter	6.35s		216537					103.49B	0						246.43N					0					18.83M	2.4N	731	105945	1	1043	6h 19m 58s	2987		17.29s	425	11.83K		0		1123		0			60.53K	0		157794	124552	3.8N			0	13	3262	698299			1096			4841		1120
2025-12-22	11:26:00		farm		Dec 22, 2025 11:26			33		658901		249.59D	835		21	6.36B	3.53B	208.54K			0					39.56T	104.11B	523.3B		35.48T	1.71T	60.41B	1.53T	0		58.34B	2.73T		0		3	39		0	1.55aa	0	52.39q	146.31q	0	6			0		13.33Q				0	41477	1532386	108936	215630	563463		212.55D	1.53M			389383			0	856	539	670		3d 0h 23m 4s	7	15	39		50.07B				0			8.52T	0		22.55M	Scatter	30.46s		567822					0	0						1.07aa					0					37.81M	7.14D	1614	336893	1	3832	14h 28m 24s	6663		34.76s	520	20.96K		0		3751		0			134.95K	145.06s		401288	368224	13.98D			0	11	11371	1873234			3788			10781		2487
2025-12-21	21:11:00		farm		Dec 21, 2025 21:11			21		436919		259.79N	539		27	10.72B	6.87B	124.5K			11.52S					25.56T	61.74B	288.82B		23.32T	923.23B	33.93B	842.47B	0		31.75B	2.77T		0		0	15		0	1.64D	0	64.18q	156.63q	0	7			0		12.66Q				0	3945	977091	60994	125540	331812		224.8N	977.51K			217051			0	856	564	664		1d 20h 20m 44s	10	5	21		27.18B				0			8.52T	0		14.67M	Scatter	13.51s		342469					2.04T	10						1.13D					0					26.39M	7.68N	1056	184691	0	2050	9h 13m 2s	4407		23.66s	506	15.59K		0		2001		33.14Q			87.75K	79.28s		247488	208153	14.88N			0	12	6087	1111237			2036			7017		1622
2025-12-21	10:43:00		farm		Dec 21, 2025 10:43			27		670031		506.82D	853		27	37.59B	25.2B	210.17K			34.62S					40.38T	97.79B	535.26B		36.22T	1.74T	62.32B	1.56T	0		58.78B	2.73T		0		2	33		0	3.15aa	0	42.38q	179.68q	0	2			0		15.19Q				0	27332	1586274	109581	214716	575354		434.92D	1.59M			400552			0	856	681	657		3d 2h 0m 42s	9	15	48		51.84B				0			0	0		22.98M	Scatter	32.99s		584108					0	7						2.16aa					0					38.99M	15.5D	1648	344443	0	3910	14h 46m 43s	6788		37.74s	540	24.48K		0		3805		252.08Q			137.43K	151.36s		413398	375836	28.29D			0	11	11662	1912395			3947			10985		2536
2025-12-20	19:49:00		farm		Dec 20, 2025 19:49			3		194593		193.68N	283		15	17.4B	11.72B	55.23K			592.43S					9.41T	20.92B	77.23B		8.85T	215.42B	9.53B	213.98B	0		8.35B	2.13T		0		1	12		0	746.74N	0	38.13q	61.59q	0	4			0		81.81Q				0	28	381094	18174	51136	126414		145.76N	407.65K			76805			0	856	501	661		21h 13m 35s	5	5	6		7.14B				0			0	162.55q		6.9M	Ray	42.44s		133453					1.24T	3						395.76N					0					15.48M	3.9N	486	63676	0	516	4h 24m 38s	2061		192.22s	280	10.36K		1		559		49.14Q			41.26K	0		103934	78078	7.64N			0	14	1622	431794			547			3289		752
2025-12-20	15:17:00		farm		Dec 20, 2025 15:17			21		200853		325.11N	285		9	23.33B	16.2B	58.17K			399.35s					11.1T	27.05B	93.92B		10.41T	253.28B	11.63B	273.45B	0		10.76B	2.41T		0		0	24		0	1.24D	0	60.99q	84.33q	0	5			0		3.91Q				0	15	399385	18934	53502	131787		243.36N	426.7K			80515			0	856	484	630		21h 51m 45s	7	0	12		9.36B				0			8.37T	0		7.11M	Scatter	1.6s		139639					1.24T	0						662.12N					1					13.42M	3.71N	520	67101	0	569	4h 36m 8s	2077		5.75s	364	8.73K		0		580		2.79Q			42.55K	13.39s		105962	82003	10.64N			0	14	1727	449912			578			3406		790
2025-12-20	10:16:00		tournament	15	Dec 20, 2025 10:16			0		30280		16.14s	104		0	183.08M	148.19M	361			640.82s					16.23B	0	346.69M		14.89B	303.63M	16.48M	565.35M	0		41.49M	12.38B		0		0	0		9.9Q	846.34s	8	4.08q	2.06q	12.22q	1			0		2.83Q				0	1608	5397	63	3755	14083		22.46s	6.29K			5992			0	420	345	457		5h 14m 29s	2	0	0		28.01M				0			1.01T	0		1.67M	Ranged	158.87Q		14064					826.72B	0						138.69s					0					334.49K	17.93s	131	4034	0	17	1h 18m 37s	523		4.46s	0	1.6K		0		13		222.41Q			0	0		2774	6051	9.91s			0	12	43	46956			13			624		4
2025-12-19	21:20:00		farm		Dec 19, 2025 21:20			24		677954		3.34aa	851		21	41.8B	27.94B	220.65K			16.12S					40.56T	100.95B	540.04B		36.37T	1.76T	62.71B	1.56T	0		59.82B	2.76T		0		3	51		0	21.04aa	0	359.07q	337.67q	0	0			0		10.93Q				0	30018	1603026	114479	215107	585846		2.87aa	1.6M			405834			0	856	800	689		3d 0h 54m 15s	10	11	39		51.48B				0			0	0		23.26M	Vampire	34.11s		593282					0	7						14.53aa					0					39.24M	100.98D	1669	349592	2	3950	14h 40m 32s	6848		38.25s	780	23.88K		0		3945		520.86Q			139.16K	151.81s		419462	382467	196.09D			0	11	11873	1941609			3978			11097		2543
2025-12-19	11:33:00		farm		Dec 19, 2025 11:33			24		671192		3.74aa	850		24	17.72B	11.27B	212.85K			0					40.05T	97.55B	534.34B		35.91T	1.74T	61.91B	1.55T	0		58.82B	2.74T		0		3	48		0	23.55aa	0	75.15q	353.12q	0	4			0		11.82Q				0	25757	1602351	118740	214619	578736		3.23aa	1.6M			401428			0	856	800	716		3d 1h 49m 58s	4	20	33		50.39B				0			0	0		23.17M	Scatter	31.58s		589420					17.24T	10						16.24aa					0					39.48M	114.63D	1673	347400	1	3941	14h 38m 18s	6887		36.2s	1.08K	24.88K		0		4027		618.57Q			138.62K	148.17s		416804	377474	220.91D			0	11	11878	1925131			3910			11104		2585
2025-12-18	14:54:00		farm		Dec 18, 2025 14:54			48		779751		34.99aa	982		51	12.08B	7.45B	230.55K			838.56K					36.95T	89.77B	578.29B		32.53T	1.85T	67.11B	1.67T	0		63.65B	2.11T		1		1	42		0	268.97aa	0	186.83q	163.79q	0	1			0		13.61Q				0	71331	1795769	130205	246371	696790		65.25aa	1.8M			490818			0	857	564	658		3d 15h 20m 37s	10	8	33		52.59B				0			0	0		27.02M	Scatter	41.08s		691485					11.35T	5						165.58aa					1					43.01M	1.07aa	1957	424131	1	4715	17h 31m 58s	7918		44.62s	656	29.22K		0		4687		610.56Q			161.65K	180.17s		506199	459424	2.08aa			0	10	14055	2303800			4653			12894		2959
2025-12-17	21:52:00		farm		Dec 17, 2025 21:52			9		327262		539.24N	399		18	11.61B	7.8B	79.8K			26.19S					19.52T	46.17B	189.3B		18.06T	604.93B	22.59B	543.49B	0		20.6B	2.89T		0		2	15		0	3.35D	0	282.45q	237.48q	0	0			0		3.3Q				0	198	705581	40685	83521	221377		464.61N	705.92K			138123			0	857	800	676		1d 8h 56m 17s	8	12	12		17.36B				0			8.08T	24.22Q		10.84M	Ray	6.18s		235507					11.35T	5						2.29D					0					20.23M	18.81N	791	116459	1	1250	6h 45m 34s	3165		15.35s	500	12.5K		0		1266		139.97Q			64.85K	0		170177	137227	35.7N			0	13	3757	760577			1241			5179		1191
2025-12-17	14:45:00		tournament	11	Dec 17, 2025 14:45			0		97557		898.61s	185		0	700.69M	573.38M	1.46K			24.72S					42.97B	0	1.07B		38.89B	867.14M	58.83M	1.76B	0		130.49M	18.17B		0		0	0		197.8Q	37.52S	8	2.69q	3.1q	15.67q	2			1.82S		18.05Q				1835	8811	22635	498	12206	49368		1.1S	22.69K			22056			0	548	569	688		9h 27m 38s	3	0	0		82.31M				0			0	0		3.02M	Fast	3.39s		47525					11.35T	0						8.57S					0					919.55K	203.9s	218	16753	0	68	2h 21m 54s	890		143.87s	0	3.36K		0		63		1.92s			0	0		12411	22917	214.37s			0	11	187	161634			56			1117		3
2025-12-17	12:08:00		farm		Dec 17, 2025 12:08			39		682150		3.19aa	854		33	75.4B	50.41B	211.35K			0					35.41T	85.05B	481B		31.72T	1.54T	54.66B	1.39T	0		52.81B	2.38T		0		4	42		0	24.43aa	0	585.49q	371.24q	0	1			0		15.98Q				0	28079	1615245	119896	189872	584805		2.55aa	1.62M			408617			0	857	575	643		3d 3h 19m 29s	8	12	27		41.15B				0			7.93T	107.63Q		23.32M	Scatter	32.35s		597534					0	8						18.33aa					0					39.32M	119.22D	1682	354311	1	4057	14h 53m 53s	6879		36.79s	420	21.28K		0		3958		12.32M			134.35K	0		403630	385726	236.29D			0	11	11945	1957301			3930			11149		2572
2025-12-16	21:16:00		farm		Dec 16, 2025 21:16			24		449505		1.79D	557		18	44.4B	29.94B	129.25K			20.02S					24.44T	60.92B	288.59B		22.23T	907.6B	34.44B	835.37B	0		31.67B	2.53T		0		1	27		0	11.01D	0	53.55q	301.95q	0	0			0		6.56Q				0	4015	1019574	66425	124504	349995		1.53D	1.02M			228104			0	857	800	659		1d 23h 22m 8s	8	8	21		26.63B				0			7.93T	0		15.2M	Vampire	14.52s		358094					0	2						7.54D					0					27.41M	53.55N	1090	193741	0	2178	9h 40m 28s	4500		22.63s	460	15.54K		0		2131		81.63Q			87.57K	69.22s		255617	218832	100.42N			0	12	6474	1159057			2165			7268		1678
2025-12-16	17:05:00		farm		Dec 16, 2025 17:05			15		638200		294.05D	806		33	6.37B	3.61B	195.23K			0					33.39T	78.72B	462.84B		29.84T	1.47T	54.52B	1.34T	0		51.54B	2.38T		0		5	45		0	1.81aa	0	18.88q	170.25q	0	0			0		17.86Q				0	27844	1474659	104398	176201	545061		251.02D	1.48M			373533			0	857	800	674		2d 21h 38m 35s	7	11	24		38.91B				0			7.78T	0		21.84M	Vampire	27.65s		547960					0	5						1.24aa					0					36.78M	9.25D	1558	321216	1	3558	14h 0m 6s	6444		33.4s	760	24.7K		0		3602		0			125.84K	123.38s		392453	349908	16.71D			0	11	10808	1798072			3648			10431		2398
2025-12-15	20:58:00		farm		Dec 15, 2025 20:58			18		641028		369.21D	806		45	8.45B	5.06B	196.17K			0					32.82T	76.4B	458.63B		29.31T	1.46T	53.89B	1.33T	0		48.86B	2.33T		0		3	36		0	2.27aa	0	169.05q	182.54q	0	1			0		7.13Q				0	28919	1484303	107382	176518	543833		313.91D	1.48M			374732			0	857	800	659		2d 22h 15m 10s	8	9	36		40.01B				0			7.78T	0		21.98M	Vampire	28.45s		552798					0	5						1.55aa					0					36.97M	10.67D	1551	324440	1	3599	14h 6m 3s	6469		36.08s	740	23.42K		0		3632		0			126.62K	127.23s		392237	353999	20.67D			0	11	10939	1810097			3708			10502		2419
2025-12-15	12:31:00		farm		Dec 15, 2025 12:31			33		673650		3.45aa	863		18	6.89B	3.98B	214.22K			0					33.48T	77.5B	468.22B		29.93T	1.46T	55.17B	1.35T	0		47.78B	2.26T		0		2	36		0	21.15aa	0	26.44q	323.94q	0	0			0		12.58Q				0	28857	1594200	111628	185560	577533		2.94aa	1.59M			403161			0	857	631	665		3d 2h 52m 43s	9	20	33		39.73B				0			7.78T	0		23.23M	Scatter	32.84s		587986					2.07T	10						14.46aa					0					39.42M	110D	1679	347298	1	3969	14h 49m 37s	6877		36.92s	720	22.28K		0		3819		545.19Q			133.85K	140.92s		415188	379519	201.94D			0	11	11909	1926565			4121			11098		2555
2025-12-14	14:16:00		farm		Dec 14, 2025 14:16			30		677581		3.86aa	865		24	24.11B	15.96B	211.01K			12.3S					35.08T	87.32B	488.27B		31.34T	1.55T	57.81B	1.41T	0		50.12B	2.41T		0		0	42		0	23.9aa	0	226.51q	375.53q	0	0			0		13.49Q				0	28105	1618264	117543	190810	583438		3.33aa	1.62M			406921			0	858	527	628		3d 0h 20m 48s	10	7	36		42.41B				0			7.78T	0		23.34M	Scatter	32.5s		594133					0	1						16.37aa					0					39.82M	115.44D	1671	351395	0	3916	14h 31m 52s	6846		35.06s	860	24.52K		0		4010		34.82Q			134.47K	139.21s		417669	382240	224.54D			0	11	11947	1945302			4021			11159		2575
2025-12-13	23:32:00		farm		Dec 13, 2025 23:32			36		444450		1.5D	562		30	22.06B	14.29B	120.63K			9.06S					18.25T	45.97B	219.94B		16.61T	657.99B	26.44B	631.29B	0		16.89B	1.92T		0		5	9		0	9.08D	0	296.77q	292.66q	0	0			0		3.04Q				0	3359	1017694	65895	113872	227488		1.27D	1.02M			224586			0	819	493	639		1d 22h 50m 22s	8	13	21		18.97B				0			7.78T	0		15.09M	Vampire	10.69s		354467					22.28T	9						6.19D					0					27.3M	41.88N	1098	192361	2	2204	9h 31m 38s	4484		14.01s	322	16.71K		0		2084		12.37Q			86.89K	34.99s		252460	215249	83.22N			0	12	6433	1144335			2145			7216		1668
2025-12-13	16:22:00		farm		Dec 13, 2025 16:22			33		674252		4.23aa	845		39	10.3B	6.23B	210.47K			3.67S					30.73T	75.19B	429.24B		27.46T	1.36T	51.17B	1.24T	0		32.45B	2.06T		0		4	27		0	25.78aa	0	381.86q	371.69q	0	3			0		5.06Q				0	24417	1626673	121684	187582	388723		3.59aa	1.63M			405544			0	858	626	711		3d 2h 59m 30s	7	19	36		36.48B				0			7.78T	63.09Q		23.26M	Boss	21.19s		592657					0	9						17.61aa					0					39.91M	110.86D	1667	348866	2	3929	14h 56m 45s	6915		24.67s	780	20.1K		0		4034		16.87Q			134K	0		423589	381128	229.94D			0	11	11903	1937742			3940			11140		2588
2025-12-13	13:33:00		tournament	12	Dec 13, 2025 13:33			0		91215		289.01s	175		0	639.22M	535.25M	1.18K			9.54S					50.86B	0	1.38B		45.87B	1.01B	70.25M	2.19B	0		110.55M	22.7B		0		0	0		49.79Q	14.52S	8	4.43q	3.67q	19.88q	0			212.38s		8.43Q				578	2242	16281	287	13230	30490		1.19S	48.59K			20061			0	530	451	676		8h 57m 40s	2	0	0		106.73M				0			0	0		2.86M	Fast	2.31s		45521					22.28T	0						3S					0					2.68M	237.76s	208	15248	0	46	2h 14m 25s	841		141.07s	0	3.78K		0		57		357.07Q			0	0		16003	20913	55.21s			0	11	157	149682			54			1066		5
2025-12-13	00:49:00		farm		Dec 13, 2025 00:49			24		645734		593.29D	826		30	33.12B	22.08B	200.74K			0					27.01T	67.12B	377.9B		24.16T	1.17T	45.22B	1.09T	0		27.01B	1.91T		0		4	39		0	3.61aa	0	329.83q	209.17q	0	0			0		4.39Q				0	27510	1516425	109135	175454	366806		502.92D	1.52M			380982			0	858	800	644		2d 22h 59m 7s	7	7	27		31.79B				0			0	0		22.22M	Ray	20.81s		558340					0	8						2.46aa					0					37.61M	16.25D	1608	327138	1	3713	14h 8m 57s	6558		21.9s	740	23.42K		0		3698		1.86Q			128.02K	83.42s		397862	357796	32.93D			0	11	11133	1829070			3722			10629		2457
2025-12-11	20:51:00		farm		Dec 11, 2025 20:51			33		445126		1.36D	554		21	24.69B	16.61B	126.18K			1.92S					18.98T	46.8B	234.82B		17.2T	726.9B	28.48B	678.15B	0		16.89B	1.98T		0		2	30		0	8.37D	0	353.06q	283.7q	0	2			5.04O		5.36Q				156	3024	1024898	46151	112109	226456		1.17D	1.03M			225605			0	858	800	673		1d 21h 57m 28s	9	14	21		20.15B				0			7.78T	30.12Q		15.04M	Ray	9.87s		354859					0	3						5.73D					0					27.41M	41.88N	1082	191075	1	2085	9h 34m 55s	4399		14.06s	644	17.03K		0		2212		2.08Q			86.63K	0		253300	214600	75.56N			0	12	6387	1146965			2090			7181		1649
2025-12-11	15:43:00		farm		Dec 11, 2025 15:43			27		673480		2.86aa	848		42	30.23B	20.13B	213.93K			459.94s					28.4T	69.5B	403.01B		25.37T	1.24T	48.31B	1.16T	0		28.9B	1.92T		0		5	33		0	17.63aa	0	99.69q	343.68q	0	4			0		3.27Q				0	24944	1608970	119812	187122	385568		2.45aa	1.61M			401547			0	859	800	660		3d 2h 30m 35s	7	20	36		34.36B				0			7.78T	70.51Q		23.16M	Scatter	21.25s		588159					2.22T	10						12.08aa					0					39.73M	83.34D	1658	346849	0	3889	14h 49m 19s	6807		24.61s	840	26.04K		0		4001		657.63q			133.43K	0		419190	377220	166.16D			0	11	11839	1926051			3949			11056		2540
2025-12-10	19:49:00		farm		Dec 10, 2025 19:49			36		674896		2.64aa	853		45	86.41B	57.55B	205.68K			47.84S					27.33T	67.12B	391.79B		24.39T	1.21T	47.02B	1.13T	0		25.94B	1.83T		0		3	24		0	17.19aa	0	260.39q	337.18q	0	3			0		4.15Q				0	25202	1614459	118331	187170	384400		2.4aa	1.61M			401956			0	859	800	667		3d 2h 0m 22s	8	9	45		32.75B				0			7.63T	69.98Q		23.17M	Scatter	22.89s		589633					4.47T	7						11.91aa					0					39.5M	84.7D	1663	346462	0	3944	14h 55m 44s	6771		24.93s	460	25.38K		0		3866		125.72Q			133.48K	0		416639	379962	161.01D			0	11	11825	1927146			4015			11057		2538
2025-12-10	18:57:00		tournament	13	Dec 10, 2025 18:57			0		70187		13.23S	209		0	582.91M	452.13M	2.09K			100.69S					24.83B	0	628.47M		22.46B	516.83M	42.72M	1.03B	0		48.3M	9.35B		0		0	0		4.22s	342.54S	8	2.34q	3.96q	17.75q	0			341.91s		21Q				1	5231	36502	36	8481	24433		20.48S	36.57K			15622			0	552	479	700		10h 37m 26s	3	0	0		43.42M				0			0	0		3.41M	Fast	6.46s		34654					2.22T	0						203.43S					0					1.32M	4.01S	257	12139	0	89	2h 39m 21s	1032		742.49s	0	4.76K		0		73		38.83s			0	0		11461	16469	311.37s			0	11	239	117208			77			1296		40
2025-12-09	22:52:00		tournament	13	Dec 09, 2025 22:52			0		72388		13.46S	215		0	546.36M	438.55M	1.99K			127.52S					24.78B	0	663.18M		22.29B	540.38M	42.04M	1.08B	0		48.4M	9.02B		0		0	0		6.52s	380.31S	8	2.17q	3.59q	16.13q	0			0		278.86Q				0	4876	41239	35	8873	24983		21.77S	41.3K			16405			0	583	483	699		10h 59m 24s	3	0	0		54.52M				0			0	0		3.51M	Boss	7.12s		36142					4.47T	0						212.79S					0					1.21M	4.41S	258	12591	0	92	2h 44m 51s	1052		664.6s	0	4.48K		0		76		17.49s			0	0		11052	17445	322.06s			0	11	249	121698			81			1297		1
2025-12-09	19:55:00		farm		Dec 09, 2025 19:55			15		444598		1.37D	560		21	9.75B	6.28B	122.68K			122.22S					17.7T	44.29B	221.7B		16.04T	682.66B	27.05B	628.16B	0		14.73B	1.86T		0		2	21		0	8.59D	0	95.8q	287.3q	0	0			43.8T		4.96Q				56	2027	962669	54906	109032	225097		1.2D	963.08K			224016			0	859	784	685		1d 22h 23m 5s	8	11	27		19.46B				0			7.63T	50Q		15.05M	Ray	15.69s		353331					0	3						5.9D					0					25.88M	44.95N	1078	190010	1	2133	9h 30m 27s	4433		18.05s	322	18.88K		0		2158		372.51Q			86.68K	0		246191	215324	82.52N			0	12	6424	1143721			2133			7199		1666
2025-12-09	10:20:00		farm		Dec 09, 2025 10:20			36		671847		2.94aa	850		39	14.18B	9.1B	206.76K			16.32S					26.7T	62.81B	383.99B		23.84T	1.17T	46.63B	1.1T	0		25.14B	1.81T		0		5	21		0	18.35aa	0	65.64q	347.11q	0	4			0		8.84Q				0	25154	1613492	118380	188996	383492		2.56aa	1.61M			402513			0	859	800	638		3d 2h 2m 44s	7	13	24		33.25B				0			7.63T	0		23.22M	Vampire	21.28s		588913					0	9						12.59aa					0					39.8M	90.73D	1669	345641	0	3958	14h 42m 58s	6866		22.48s	720	24.24K		0		3988		26.16Q			128.65K	88.63s		420829	378313	174.46D			0	11	11879	1924793			3933			11078		2539
2025-12-08	19:38:00		farm		Dec 08, 2025 19:38			18		444217		1.45D	549		18	40.49B	27.33B	124.16K			10.97S					16.97T	42.76B	209.96B		15.41T	633.11B	25.5B	597.06B	0		12.77B	1.8T		0		2	24		0	8.98D	0	209.86q	281.29q	0	1			0		5.52Q				0	1850	957670	59918	111096	223543		1.25D	958.09K			224101			0	859	800	709		1d 21h 30m 12s	10	7	21		18.13B				0			0	0		15.05M	Ray	10.39s		352931					0	1						6.16D					0					25.74M	44.2N	1077	190269	1	2128	9h 24m 7s	4450		16.38s	322	17.58K		0		2139		76.62Q			83.35K	44.76s		244372	214330	80.85N			0	12	6416	1141873			2149			7182		1649
2025-12-08	09:42:00		farm		Dec 08, 2025 09:42			24		669744		2.73aa	857		36	10.39B	6.11B	207K			15.97S					25.72T	62.32B	370.4B		22.97T	1.12T	44.85B	1.06T	0		22.51B	1.75T		0		2	24		0	16.64aa	0	37.63q	313.11q	0	0			0		6.34Q				0	26684	1578660	114239	185400	383981		2.31aa	1.58M			400439			0	859	607	662		3d 2h 35m 39s	5	18	27		31.7B				0			7.34T	55.92Q		23.11M	Ray	20.61s		585654					0	8						11.36aa					0					38.96M	84.25D	1669	344467	1	4032	14h 43m 16s	6811		25.7s	760	24K		0		3824		36.7Q			128.02K	0		414602	376205	156.06D			0	11	11843	1912843			3987			11038		2540
2025-12-07	21:50:00		farm		Dec 07, 2025 21:50			0		22053		1.13O	38		0	291.49M	194.78M	188			0					92.93B	155.85M	779.07M		89.62B	551.75M	101.16M	1.53B	0		49.31M	144.45B		0		1	0		0	4.93O	0	635.37T	663.17T	0	0			0		2.57Q				0	3	29259	146	3564	6604		1.1O	33.04K			4333			0	268	252	296		2h 34m 24s	1	0	0		73.43M				0			1.64T	0		831.49K	Scatter	102.4Q		10319					2.17T	0						2.63O					0					1.84M	25.36S	58	2774	0	1	38m 36s	254		7.43s	90	1.37K		0		3		0			4.6K	0		8121	4116	33.96S			0	15	5	33457			1			400		92
2025-12-07	21:11:00		farm		Dec 07, 2025 21:11			0		16860		260.07S	29		6	188.35M	116.64M	88			12.38Q					61.65B	94.84M	476.49M		59.63B	347.18M	61.4M	931.56M	0		29.68M	123.81B		0		0	3		0	1.13O	0	275.72T	195.28T	0	1			0		590.55q				0	1	21415	46	2176	5003		257.41S	24.22K			2918			0	199	215	225		1h 59m 29s	1	0	0		31.7M				0			1.19T	0		639.03K	Fast	72.12Q		7535					1.26T	0						596.68S					0					1.41M	6.29S	44	1881	0	1	29m 52s	190		5.28s	30	830		0		0		238.42q			3.55K	0		5962	2765	6.45S			0	15	2	24499			1			312		74
2025-12-07	19:16:00		farm		Dec 07, 2025 19:16			9		150211		5.95N	211		9	4.78B	3.09B	31.33K			0					3.82T	8.6B	34.08B		3.59T	92.11B	4.19B	84.52B	0		2.09B	1.13T		1		1	3		0	69.77N	0	136.94q	12.47q	0	7			0		9.76Q				0	25	270608	9509	31340	60492		52.25N	292.74K			51670			0	600	497	685		16h 15m 39s	5	2	9		2.97B				0			0	0		5.26M	Scatter	1.72s		95053					25.37T	2						11.42N					0					11.79M	18.96O	373	42445	0	285	3h 23m 28s	1549		68.85s	224	6.42K		0		292		0			29.1K	762.36s		69964	53150	127.56O			0	14	907	307418			330			2515		580
2025-12-07	13:58:00	I manually selected perks, not sure why the run ended ~1k early since i had the bh, defense, regen, hp perks	farm		Dec 07, 2025 13:58			18		151608		4.17N	217		9	8.76B	5.96B	32.59K			46.82S					2.99T	7.12B	27.14B		2.8T	63.27B	3.33B	76.8B	0		1.62B	850.97B		1		0	0		0	29.83N	0	77.91q	13.58q	0	0			0		1.21Q				0	10	253919	9835	25537	60414		13.74N	298.1K			52367			0	545	422	655		16h 18m 13s	4	0	15		2.04B				0			7.34T	10.74Q		5.25M	Ray	144.89Q		96515					499.59B	0						11.81N					0					8.92M	19.91O	370	43168	0	326	3h 30m 30s	1535		1.84s	196	7.01K		0		313		60.9Q			29.1K	0		65757	54238	93.31O			0	14	939	312100			300			2507		574
2025-12-07	10:23:00	Didnt hit good perk order, no BH perk early enough	farm		Dec 07, 2025 10:23			0		41092		45.25S	60		3	867.8M	582.33M	1.07K			0					134.27B	241.65M	1.3B		128.86B	898.22M	153.24M	2.54B	0		75.68M	120.56B		0		1	0		0	179.46S	0	760.06T	1.08q	0	0			0		324.32q				0	12	54182	413	4968	12966		24.5S	64.95K			9167			0	428	354	496		4h 27m 19s	1	0	0		90.78M				0			4.3T	0		1.44M	Fast	15.45Q		20686					499.59B	0						108.92S					0					2.16M	274.4s	98	6337	0	12	1h 6m 49s	439		262.87Q	28	2.51K		0		6		0			7.92K	0		13465	9332	522.35s			0	14	32	66298			14			686		155
2025-12-07	08:21:00		farm		Dec 07, 2025 08:21			36		679865		2.67aa	860		18	20.31B	12.98B	210.63K			0					22.55T	54.6B	325.07B		20.17T	967.57B	37.27B	926.56B	0		18.09B	1.52T		0		3	15		0	23.42aa	0	177.56q	323.21q	0	3			0		10.64Q				0	44356	1713211	118897	148805	383179		1.97aa	1.71M			408971			0	859	800	666		3d 3h 11m 19s	4	20	33		22.96B				0			0	107.96Q		23.25M	Scatter	22.24s		592610					146.76T	10						18.48aa					0					34.73M	112.47D	1676	352649	2	3910	14h 48m 54s	6841		13.48s	820	23.78K		0		4042		0			128.82K	0		369766	382454	196.15D			0	11	11920	1952370			3968			11130		2579
2025-12-06	13:39:00		farm		Dec 06, 2025 13:39			39		672471		1.73aa	853		18	23.41B	14.28B	205.82K			51.98S					23.66T	61.95B	341.63B		21.14T	1.03T	39.9B	974.62B	0		18.99B	1.6T		0		5	27		0	14.43aa	0	280.8q	293.79q	0	2			484.51S		11.94Q				110	29413	1646737	119020	174318	379052		1.5aa	1.65M			403394			0	859	770	656		2d 23h 39m 3s	7	12	33		27.46B				0			7.34T	74.58Q		22.99M	Ray	19.33s		588858					0	3						11aa					0					35.49M	74.14D	1655	346878	0	3944	14h 45m 18s	6790		17.37s	660	26.56K		0		3932		39.5Q			127.35K	0		380642	378755	124.96D			0	11	11707	1926602			3831			11003		2548
2025-12-05	22:49:00		tournament	11	Dec 05, 2025 22:49			0		63183		1.14S	190		0	511.15M	418.67M	1.49K			21.49S					26.24B	0	725.27M		23.65B	546M	31.15M	1.13B	0		40.26M	10.86B		0		0	0		552.39Q	34.88S	8	3.02q	3.98q	18.8q	0			8.12s		8.26Q				0	5058	14859	251	7991	21583		1.88S	20.49K			14199			0	552	478	754		9h 40m 6s	3	0	0		53.59M				0			0	0		3.1M	Fast	1.78s		30996					5.05T	0						9.51S					0					1.02M	527.05s	228	10238	0	52	2h 25m 1s	933		166.02s	0	4.34K		0		78		1.81s			0	0		10018	14473	321.55s			0	11	197	104765			67			1148		5
2025-12-05	20:07:00		farm		Dec 05, 2025 20:07			12		209794		825.57N	310		24	3.02B	1.87B	65.03K			1.15O					8.98T	22.61B	79.97B		8.39T	234.12B	9.96B	226.15B	0		4.11B	1.94T		0		0	15		0	4.26D	0	107.61q	113.4q	0	1			0		34.62Q				0	25	439845	21051	47746	92553		663.12N	455.85K			86044			0	663	598	696		22h 48m 52s	5	8	6		7.21B				0			0	0		7.47M	Boss	10.67s		148095					0	7						2.6D					1					15.72M	80.48N	535	72250	1	643	4h 37m 33s	2205		169.37s	448	9.74K		1		650		123.33Q			41.4K	1.66S		106547	87989	94.85N			0	14	1927	477674			634			3582		832
2025-12-05	15:10:00		farm		Dec 05, 2025 15:10			30		676990		2.52aa	855		30	65.08B	44.65B	207.77K			230.44M					24.2T	57.13B	350B		21.62T	1.05T	41.12B	1T	0		17.66B	1.62T		0		2	45		0	20.64aa	0	132.35q	321.4q	0	2			0		5.76Q				0	29730	1674682	117383	179084	381489		2.2aa	1.68M			406565			0	860	783	663		3d 2h 51m 45s	10	8	36		28.94B				0			0	0		23.19M	Ray	19.06s		592847					0	0						15.69aa					0					36.24M	18.14s	1679	350267	1	4022	14h 54m 30s	6895		15.78s	720	21.16K		0		3992		27.18M			128.49K	202.87s		388634	382501	233.93D			0	11	11902	1943264			3888			11094		2566
2025-12-05	00:31:00		farm		Dec 05, 2025 00:31			27		447145		959.3N	549		27	32.55B	21.72B	123.47K			1.64s					15.76T	38.7B	197.5B		14.3T	591.69B	23.48B	563.55B	0		9.39B	1.67T		0		4	24		0	8.02D	0	215.24q	271.04q	0	3			0		7.58Q				0	3598	1043478	66716	106666	225493		848.62N	1.04M			226232			0	860	800	647		1d 21h 33m 48s	10	12	33		16.21B				0			0	45.21Q		15.06M	Ray	8.84s		356708					0	10						6.12D					0					24.38M	10.05s	1080	192714	0	2136	9h 25m 55s	4478		8.79s	552	17.08K		0		2157		81.07q			83.45K	0		231896	215516	87.29N			0	12	6416	1150814			2123			7193		1654
2025-12-04	14:39:00		farm		Dec 04, 2025 14:39			30		675448		2.54aa	860		30	70.76B	47.4B	205.93K			0					23.37T	55.67B	339.45B		20.87T	1.03T	39.66B	969.34B	0		15.39B	1.58T		0		2	27		0	20.5aa	8	247.05q	326.18q	417.26Q	0			243.21O		52.65Q				151	32393	1631609	94583	175929	384940		2.2aa	1.63M			404705			0	860	762	648		3d 2h 51m 30s	10	8	45		27.37B				0			0	0		23.24M	Scatter	134.02s		589504					0	5						15.54aa					0					35.43M	138.41s	1677	349557	2	3926	14h 45m 26s	6785		120.44s	740	25.94K		0		3987		0			128.7K	1.54S		381665	379817	226.21D			0	11	11911	1936675			3998			11104		2558
2025-12-03	20:55:00		farm		Dec 03, 2025 20:55			21		445716		1.06D	555		21	4.8B	2.82B	126.56K			0					15T	35.15B	188.55B		13.62T	556.81B	22.49B	539.48B	0		7.63B	1.6T		0		1	18		0	8.78D	8	473.58q	272.88q	349.48Q	1			0		25.05Q				0	5564	1023086	64775	106139	227609		939.71N	1.02M			225329			0	860	627	686		1d 21h 36m 52s	10	12	30		15.66B				0			0	215.73Q		15.09M	Scatter	62.89s		354732					5.06T	5						6.68D					0					24.15M	78.2s	1083	192531	0	2182	9h 23m 8s	4457		68.25s	506	15.88K		0		2125		3.7B			80.26K	0		231499	216202	96.32N			0	12	6401	1148173			2094			7201		1652
2025-12-03	10:36:00		tournament	12	Dec 03, 2025 10:36			0		52879		735.63s	874		0	540.28M	443.79M	1.67K			74.03S					44.55B	0	1.26B		40.1B	886.41M	68.68M	1.96B	0		55.01M	17.57B		0		0	0		829.03Q	103.91S	8	1.91q	2.52q	11.81q	0			0		184.51Q				0	1050	10473	77	9951	22011		15.25S	33.14K			19538			0	595	414	699		10h 8m 36s	3	0	0		113.66M				0			0	0		3.25M	Fast	5.62s		33905					5.06T	0						7.54S					0					2.32M	4.38S	761	13677	0	85	2h 32m 9s	960		622.68s	0	12.32K		0		76		1.79s			0	0		14709	20357	1.96S			0	11	223	110587			62			1204		6
2025-12-03	08:00:00		farm		Dec 03, 2025 08:00			27		442666		1.01D	545		33	23.49B	15.62B	124.95K			0					14.95T	35.91B	186.09B		13.58T	560.3B	22.07B	531.56B	0		7.44B	1.58T		0		2	30		0	8.21D	8	16.74q	255.81q	326.68Q	0			0		54.24Q				0	7257	1000803	61810	102502	228125		878.38N	1M			225264			0	860	516	648		1d 22h 42m 35s	3	6	30		14.84B				0			0	858.39Q		14.99M	Scatter	191.47s		351524					24.23B	0						6.23D					0					23.35M	272.77s	1051	190670	1	2169	9h 27m 32s	4469		237.48s	552	16.94K		0		2060		0			79.72K	0		227898	215495	92.9N			0	12	6386	1140462			2157			7179		1667
2025-12-02	22:25:00		farm		Dec 02, 2025 22:25			39		326219		440.44N	403		15	4.63B	2.86B	82.5K			0					11.05T	24.86B	116.41B		10.19T	346.1B	13.91B	332.44B	0		4.17B	1.62T		0		1	15		0	3.61D	8	26.27q	221.49q	282.09Q	1			0		126.33Q				0	439	705305	40208	70136	146809		393.76N	705.63K			138350			0	860	800	649		1d 9h 2m 50s	10	14	9		9.77B				0			0	303.24Q		10.89M	Scatter	100.76s		236389					24.23B	10						2.73D					0					17.42M	181.44s	777	117399	1	1268	6h 49m 41s	3229		158.66s	450	11.55K		0		1274		0			57.89K	0		155169	136526	47.24N			0	13	3800	759934			1258			5201		1196
2025-12-02	20:40:00		farm		Dec 02, 2025 20:40			18		357720		3.75D	439		18	10.28B	6.62B	90.61K			3.21q					11.5T	29.58B	120.29B		10.62T	350.49B	13.46B	339.82B	0		4.34B	1.53T		0		1	21		0	33.26D	8	18.64q	105.62q	133.86Q	0			0		175.17Q				0	371	807124	5834	78800	167967		0	807.47K			162859			0	860	800	664		1d 12h 46m 1s	8	0	21		9.19B				0			0	181.35Q		12.07M	Scatter	128.96s		268455					0	0						27.51D					0					18.18M	263.57s	875	138013	0	1575	7h 31m 37s	3578		229.64s	475	14.13K		0		1515		0			64.18K	0		167895	159172	417.35N			0	13	4651	869153			1561			5760		1320
2025-12-02	12:29:00		farm		Dec 02, 2025 12:29			18		482122		14.19D	610		24	34.26B	23.06B	136.48K			51B					14.91T	34.86B	189.82B		13.53T	550.33B	21.23B	540.96B	0		6.2B	1.43T		0		2	21		0	123.88D	8	45.76q	133.46q	170.26Q	0			0		527.71Q				0	7294	1137482	8792	118598	257027		0	1.14M			259154			0	860	800	653		2d 3h 24m 5s	3	20	21		15.54B				0			0	521.36Q		16.5M	Boss	288.98s		398036					0	10						102.63D					0					24.5M	415.23s	1194	220737	1	2434	10h 27m 14s	4882		361.61s	506	18.05K		0		2497		10.2B			87.79K	0		243048	247204	1.47D			0	12	7496	1293312			2565			7890		1820
2025-12-01	17:22:00		farm		Dec 01, 2025 17:22			24		360856		5.63D	455		24	9.07B	5.68B	95.84K			38.41O					10.62T	25.78B	111.69B		9.82T	316.42B	12.44B	314.69B	0		3.17B	1.37T		0		2	9		0	49.59D	8	47.73q	104.26q	130.2Q	0			0		5.59s				0	1271	802281	4914	78398	174326			802.62K			165914			0	860	560	673		1d 13h 13m 19s	9	0	9		8.71B				0			0	15.38s		12.22M	Boss	8.06S		272699					16.4T	0						40.94D					0					20.07M	19.94S	880	140386	0	1577	7h 46m 10s	3610		17.69S	575	12.73K		0		1591		38.5s			64.99K	0		163140	161753	652.7N			0	13	4803	882738			1635			5840		1345
2025-12-01	09:31:00		farm		Dec 01, 2025 09:31			39		480268		12.56D	604		30	20.84B	13.67B	132.86K			45.69O					15.95T	38.93B	197.78B		14.49T	598.47B	22.1B	564.62B	0		5.27B	1.52T		0		2	51		0	110.16D	8	35.28q	112.22q	143.22Q	1			0		14.1s				0	14058	1082571	7839	114661	259993			1.08M			257152			0	860	537	651		2d 3h 24m 35s	5	1	21		15.15B				0			0	25.01s		16.37M	Scatter	16.76S		393927					16.4T	5						91.32D					0					25.6M	32.7S	1185	219202	1	2496	10h 28m 13s	4820		28.99S	322	16.85K		0		2445		55.36s			87.09K	0		242573	245047	1.21D			0	12	7320	1284000			2379			7841		1818
2025-11-30	23:02:00		farm		Nov 30, 2025 23:02			3		205660		581.31N	299		18	17.36B	11.46B	60.67K			16.14O					4.36T	10.73B	39.06B		4.11T	84.73B	4.6B	108.24B	0		911.03M	931.36B		0		0	6		0	3.28D	8	5.17q	46q	35.9Q	0			0		4.83s				0	15	406536	2106	44939	90863			430.59K			82748			0	591	512	716		22h 28m 59s	6	18	12		3.22B				0			0	0		7.31M	Ray	1.11S		143535					16.4T	5						2.47D					1					14.26M	5.84S	530	69511	0	606	4h 41m 7s	2171		5.24S	364	9.5K		0		606		38.69s			38.93K	15.99S		94051	85060	19.04N			0	14	1840	463822			628			3503		810
2025-11-30	18:20:00		farm		Nov 30, 2025 18:20			18		96686		31.06O	135		6	3.01B	1.97B	8.22K			323.8S					595.15B	1.28B	5.7B		569.7B	5.53B	674.12M	11.14B	0		119M	258.55B		0		1	3		0	146.91O	8	11.95q	12.2q	415.56q	3			0		186.71Q				0	87	162731	311	17844	36415			175.29K			28217			0	645	517	665		10h 20m 56s	3	1	6		479.37M				0			0	0		3.34M	Fast	43.26s		56131					16.4T	0						100.24O					0					6.23M	2.2S	237	22341	0	91	2h 18m 6s	981		1.96S	196	4.07K		0		103		3.29s			17.76K	0		37232	29798	1.54O			0	14	280	180784			86			1596		366
2025-11-30	15:59:00		farm		Nov 30, 2025 15:59			9		110568		111.19O	154		15	6.5B	4.36B	12.9K			3.82q					1.85T	3.51B	16.76B		1.75T	36.25B	1.94B	47.05B	0		336.86M	637.92B		0		1	12		0	493.14O	8	2.27q	8.83q	1.06Q	0			0		146.8Q				0	74	192586	542	20838	41996			204.43K			33393			0	860	443	666		11h 37m 37s	4	0	6		1.42B				0			0	0		3.8M	Boss	34.99s		65303					16.4T	0						339.82O					0					7.42M	1.72S	268	26879	0	129	2h 54m 24s	1134		1.53S	196	5.93K		0		134		552.95T			20.21K	0		42054	35189	5.38O			0	14	406	210869			143			1819		419
2025-11-30	12:42:00		farm		Nov 30, 2025 12:42			42		721875		41.21aa	912		36	31.93B	21.03B	214.46K			26.29O					21.64T	50.54B	315.25B		19.33T	955.1B	34.65B	898.91B	0		5.58B	1.37T		0		2	39		0	359.76aa	8	18.44q	136.44q	174.46Q	0			0		10.67s				0	79060	1643438	13539	184343	431510			1.64M			443152			0	663	471	635		3d 8h 22m 54s	9	20	21		24.53B				0			0	47.5s		24.87M	Scatter	28.68S		630236					16.4T	10						297.82aa					0					37.05M	51.59S	1766	383100	1	4358	15h 51m 5s	7328		45.66S	640	25.28K		0		4395		40.27s			132.29K	0		402164	415517	3.9aa			0	11	13122	2111040			4369			11872		2725
2025-11-29	19:46:00		tournament	6	Nov 29, 2025 19:46			0		96582		283.77s	183		0	752.63M	628.02M	1.53K			26.42S					42.27B	0	1.22B		38.03B	847.1M	60.96M	1.88B	0		17.55M	18.14B		0		0	0		214.3Q	31.24S	8	1.19q	1.79q	8.9q	0			0		94.76Q				0	1767	12973	40	13721	31520			45.97K			21494			0	509	459	684		9h 19m 23s	3	0	0		109.14M				0			0	0		2.98M	Basic	3.87s		48628					15.25T	0						2.6S					0					2.45M	281.55s	210	16173	0	59	2h 19m 50s	921		230.46s	0	3.64K		0		68		1.84s			0	0		16330	22376	57.74s			0	11	187	159241			60			1103		0
2025-11-29	17:00:00		milestone		Nov 29, 2025 17:00			0		60281		17.82N	187		0	653.81M	547.16M	12.06K			1.94O					152.57B	0	2.27B		143.62B	1.62B	269.01M	4.39B	0		26.36M	41.58B		0		0	0		1.27O	80.28N	8	4.7q	7.88q	1.2Q	1			0		779.62Q				0	0	67234	333	11015	22685			109.68K			18514			0	520	361	700		14h 42m 23s	4	0	0		178.87M				0			0	3.49Q		4.06M	Fast	12.82s		36205					7.64T	0						52.26N					1					8.34M	164.08O	242	14464	0	137	3h 40m 9s	1205		1.57S	0	6.32K		0		121		8.33s			0	0		24059	19206	422.56O			0	15	404	116929			146			1503		0
2025-11-29	13:11:00		milestone		Nov 29, 2025 13:11			0		5152		735.33S	19		0	10.94M	5.7M	16			979.88s					6.08B	0	57.73M		5.83B	62.31M	7.47M	114.22M	0		602.94K	15.63B		0		0	0		70.15s	3.46O	8	1.51q	169.64T	2.95q	4			0		19.68Q				0	0	4170	31	626	1401			7.07K			830			0	111	123	140		1h 33m 24s	1	0	0		4.5M				0			370.31B	0		383.45K	Ranged	81.13Q		2270					7.64T	0						2.09O					0					682.68K	32.35S	27	480	0	0	23m 21s	84		22.82s	0	660		0		1		628.15Q			0	0		1315	724	63.21S			0	16	1	7263			0			208		47
2025-11-29	12:06:00		tournament		Nov 29, 2025 12:06			0		88364		78.96s	172		0	618.25M	515.02M	1.29K			6.95S					37.07B	0	1.06B		33.36B	747.41M	52.16M	1.65B	0		11.74M	16.81B		0		0	0		9.35Q	8.26S	8	520.98T	1.55q	7.11q	0			1.95s		5.14Q				19	1588	12767	31	12520	29116			48.22K			19721			0	532	399	688		8h 45m 6s	3	0	0		95.19M				0			4.83T	0		2.8M	Ranged	1.63s		44520					6.62T	0						655.88s					0					2.41M	87s	192	14636	0	55	2h 12m 19s	865		67.31s	0	2.8K		0		56		3.53s			0	0		15442	20305	14.68s			0	11	164	145234			53			1036		0
2025-11-29	03:36:00	Ran out of battery overnight, rebooted, and run ended cause BHs werent up	farm		Nov 29, 2025 03:36			21		526600		103.12N	656		21	53.44B	35.31B	133.27K			0					12.35T	28.93B	178.9B		11.04T	536.91B	19.91B	510.21B	0		673.57M	1.11T		0		2	27		0	905.91N	8	3.25q	3.36q	4.05Q	0			0		13.9s				0	101999	996452	3	120465	290071			996.89K			281649			0	861	589	644		2d 8h 0m 52s	7	20	18		13.78B				0			0	0		17.77M	Basic	6.65S		403871					0	10						750.7N					0					23.41M	9.76S	1262	240610	1	2609	11h 5m 40s	5204		8.55S	660	19.42K		0		2668		0			94.46K	25.85S		280753	266686	11.79N			0	11	7890	1405021			2613			8482		1947
2025-11-28	11:49:00		farm		Nov 28, 2025 11:49			33		709514		20.93aa	891		36	12.07B	7.51B	226.5K			18.05s					18.35T	41.88B	267.92B		16.39T	806.95B	29.89B	764.89B	0		0	1.17T		0		5	42		0	178.95aa	8	26.2q	111.2q	142.01Q	1			0		3.29s				0	60476	1659562	10173	167961	0			1.66M			435378			0	862	800	655		3d 7h 29m 24s	7	13	45		17.46B				0			0	4.09s		24.48M	Scatter	1.76S		622024					0	6						147.98aa					0					39.14M	2.52S	1790	375701	0	4216	15h 38m 40s	7188		2.21S	920	25.56K		0		4209		0			130.16K	0		403534	409276	2.11aa			0	11	12818	2070878			4393			11697		2696
2025-11-28	01:44:00		farm		Nov 28, 2025 01:44			39		453012		1.9D	564		24	16.9B	11.13B	130.24K			75.87q					11.05T	27.55B	140.69B		10.03T	412.89B	15.75B	396.39B	0		0	1.12T		0		0	18		0	15.93D	8	23.63q	123.5q	157.82Q	0			0		6.91s				0	8815	1007968	9182	97336	111869			1.01M			232655			0	862	800	692		1d 23h 50m 2s	8	7	18		9.49B				0			0	0		15.33M	Scatter	5S		364070					4.21T	4						13.41D					0					24.84M	7.76S	1103	197594	0	2111	9h 49m 34s	4538		6.82S	621	15.41K		0		2221		1.64s			81.55K	0		223201	222071	250.42N			0	12	6621	1179943			2289			7339		1700
2025-11-27	15:39:00		farm		Nov 27, 2025 15:39			45		711224		19.09aa	903		21	16.32B	10.47B	214K			148.02S					18.19T	42.98B	265.67B		16.25T	802.6B	29.27B	757.48B	0		0	1.16T		0		4	51		0	165.78aa	8	12.43q	97.58q	124.39Q	0			0		15.28s				0	71867	1626343	12974	167901	265597			1.63M			433359			0	862	702	657		3d 7h 26m 31s	7	20	42		17.16B				0			0	0		24.46M	Ray	11.81S		619519					4.21T	9						137.08aa					0					36.91M	16.36S	1774	375822	2	4311	15h 38m 25s	7204		14.34S	760	27.78K		0		4290		6.35s			130.08K	0		394453	406990	1.73aa			0	11	12800	2071248			4199			11677		2682
2025-11-26	18:10:00		farm		Nov 26, 2025 18:10			21		457597		2.88D	571		30	18.34B	11.4B	125.43K			6.94S					11.67T	31.81B	145.92B		10.61T	425.88B	16.1B	415.42B	0		0	1.19T		0		4	24		0	25.72D	8	24.15q	114.23q	145.59Q	0			0		1.14s				0	8510	1039179	13373	100318	0			1.04M			238308			0	862	800	707		1d 23h 2m 44s	10	0	21		9.57B				0			0	0		15.59M	Scatter	705.27s		369705					4.21T	1						21.56D					0					25.17M	1.36S	1121	202367	0	2252	9h 47m 23s	4587		1.2S	552	17.23K		0		2295		238.03Q			79.49K	3.65S		223589	227519	317.4N			0	12	6795	1202726			2248			7457		1720
2025-11-26	07:38:00		farm		Nov 26, 2025 07:38			21		483288		16.47D	612		30	14.71B	9.41B	142.87K			18.92S					12.8T	29.97B	162.57B		11.61T	487.89B	18.34B	463.74B	0		0	1.19T		0		1	21		0	141.87D	8	44.9q	93.09q	118.93Q	0			0		961.03Q				0	9868	1117636	6639	103490	0			1.12M			258150			0	859	577	652		2d 4h 11m 12s	5	20	30		10.78B				0			0	0		16.57M	Boss	908.16s		398582					4.21T	10						117.19D					0					27.36M	1.39S	1195	222328	0	2487	10h 46m 38s	4919		1.22S	920	20.21K		0		2506		294.21Q			84.46K	4.01S		246137	247026	1.54D			0	12	7514	1295043			2521			7921		1826
2025-11-25	20:41:00		tournament		Nov 25, 2025 20:41			0		58984		166.47s	179		0	414.4M	340.57M	1.11K			8.85S					22.19B	0	638.35M		19.94B	477.97M	35.34M	991.55M	0		0	9.65B		0		0	0		67.6Q	11.8S	8	1.5q	1.59q	8.15q	0			124.57s		5.5Q				305	1076	12883	76	7799	0			35.15K			12608			0	542	427	694		9h 6m 24s	3	0	0		48.4M				0			3.48T	0		2.92M	Ranged	1s		29705					4.21T	0						1.41S					0					2.44M	236.16s	215	9598	0	57	2h 17m 54s	883		111.06s	0	4.62K		0		48		91.73Q			0	0		11537	13102	69.84s			0	11	157	96283			52			1079		1
2025-11-25	18:00:00		farm		Nov 25, 2025 18:00			12		482858		14.1D	611		24	13.34B	8.69B	144.91K			0					12.44T	31.37B	158.15B		11.3T	467.85B	17.74B	447.9B	0		0	1.19T		0		3	27		0	124.47D	8	65.2q	102.57q	130.35Q	1			0		1.17s				0	8500	1120933	7296	103453	0			1.12M			258029			0	863	608	663		2d 2h 57m 36s	10	0	39		10.24B				0			0	0		16.5M	Boss	857.79s		397646					0	0						103.58D					0					27.43M	1.36S	1176	220501	1	2500	10h 25m 52s	4852		1.19S	598	18K		0		2492		0			84.09K	3.91S		245897	245424	1.43D			0	12	7491	1290636			2499			7890		1822
2025-11-25	11:28:00		farm		Nov 25, 2025 11:28			42		658641		905.73D	827		48	36.86B	24.3B	194.96K			0					16.22T	37.59B	235.98B		14.5T	713.85B	26.13B	669.28B	0		0	1.11T		0		2	30		0	7.94aa	8	12.9q	38.71q	49.24Q	0			0		2.01s				0	48762	1507960	11461	145863	0			1.51M			391883			0	863	568	682		3d 0h 56m 35s	8	20	27		14.92B				0			0	2.52s		22.63M	Scatter	1.37S		568641					0	10						6.58aa					0					34.7M	2S	1608	338172	1	3907	14h 34m 58s	6626		1.75S	680	24.2K		0		3718		0			115.37K	0		360199	368175	84.77D			0	11	11456	1881905			3831			10830		2506
2025-11-24	14:47:00		farm		Nov 24, 2025 14:47			9		342488		1.41D	423		39	7.25B	4.26B	84.58K			0					9.1T	21.15B	97.19B		8.39T	291.9B	10.86B	276.93B	0		0	1.23T		0		1	6		0	12.22D	8	14.17q	79.63q	101.51Q	0			0		466.59Q				0	596	754659	6245	62573	0			754.96K			150419			0	863	505	662		1d 11h 1m 41s	8	0	12		5.92B				0			0	0		11.52M	Scatter	316.14s		252959					0	0						10.04D					0					18.4M	670.81s	852	128121	2	1443	7h 22m 23s	3371		587.59s	400	11.35K		0		1408		0			58.72K	972.94s		155085	147804	171.39N			0	13	4255	816491			1404			5518		1280
2025-11-24	07:18:00		farm		Nov 24, 2025 07:18			42		695508		10.4aa	878		18	33.06B	21.09B	208.93K			3.91Q					17.15T	40.91B	252.92B		15.31T	760B	28.13B	721.44B	0		0	1.1T		0		4	30		0	89.44aa	8	12.7q	79.49q	101.43Q	0			0		15.69s				0	74839	1609700	11506	146616	212628			1.61M			424125			0	853	800	666		3d 6h 2m 56s	5	20	48		14.86B				0			0	0		24.02M	Scatter	10.06S		604384					0	10						73.79aa					0					36.1M	13.83S	1726	367640	0	4186	15h 38m 5s	7024		12.11S	680	25.74K		0		4174		38.65q			122.45K	0		391249	397220	998.18D			0	11	12467	2024341			4107			11506		2672
2025-11-23	15:46:00		farm		Nov 23, 2025 15:46			6		359778		6.18D	451		18	6.66B	4.26B	101.86K			0					9.79T	24.91B	104.78B		9.02T	311.19B	11.98B	298.52B	0		0	1.27T		0		0	15		0	52.56D	8	35.37q	91.93q	117.28Q	1			0		658.3Q				0	469	808838	4350	65212	0			809.2K			163504			0	864	800	704		1d 13h 3m 37s	5	0	27		6.13B				0			0	802.09Q		12.17M	Scatter	345.21s		270597					0	0						43.28D					0					20.28M	846.22s	869	138645	1	1525	7h 42m 11s	3588		742.62s	375	15.23K		0		1558		736.3Q			62.05K	0		170850	160043	668.22N			0	13	4745	874497			1662			5809		1332
2025-11-23	13:59:00		farm		Nov 23, 2025 13:59			42		685720		4.57aa	870		33	17.93B	11.37B	206.9K			0					17.05T	39.61B	251.54B		15.21T	759.88B	27.84B	717.44B	0		0	1.12T		0		5	51		0	39.67aa	8	43.41q	50.35q	64.17Q	2			0		400.17Q				0	53945	1607270	10376	147305	0			1.61M			413065			0	864	800	686		3d 4h 41m 29s	6	20	27		15.41B				0			0	0		23.63M	Scatter	1.43S		597705					8.05T	10						32.83aa					0					35.63M	172.08D	1709	358117	1	3989	15h 12m 53s	6930		1.71S	660	23.9K		0		4108		32.55Q			120.47K	1.28S		382748	388559	264.1D			0	11	12184	1982871			4087			11278		2585
2025-11-22	17:05:00		tournament	16	Nov 22, 2025 17:05			0		54914		209.08s	169		0	418.37M	342.93M	1.31K			3.03S					15.75B	0	445.83M		14.16B	357.03M	23.63M	704.97M	0		0	7.28B		0		0	0		28.62Q	3.5S	8	1.45q	1.14q	7.03q	1			0		15.55Q				0	4110	508	84	5416	0			12.63K			11937			0	561	432	701		8h 39m 34s	3	0	0		21.57M				0			2.48T	0		2.76M	Ranged	501.33Q		26764					8.05T	0						48.09s					0					911.85K	89.53s	199	8763	0	51	2h 9m 53s	832		43.03s	0	4.48K		0		57		119.29Q			0	0		8374	12052	5.28s			0	11	163	89807			55			1026		4
2025-11-22	13:46:00		farm		Nov 22, 2025 13:46			51		704630		14.58aa	889		36	21.42B	13.68B	218.65K			441.13S					17.31T	43.57B	255.38B		15.44T	772.51B	28.03B	726.54B	0		0	1.14T		0		5	39		0	129.29aa	8	29.15q	113.53q	144.92Q	1			391.86N		3.88s				132	63853	1603250	12485	146765	230663			1.6M			429791			0	642	479	671		3d 3h 10m 55s	10	18	45		15.41B				0			0	0		24.31M	Scatter	12.51S		615319					7.78T	9						108aa					0					34.84M	642.65D	1754	370528	2	4231	15h 10m 40s	7170		13.79S	580	24.94K		0		4238		5.04s			123.89K	0		387154	403412	1.04aa			0	11	12677	2050240			4208			11624		2685
2025-11-21	21:42:00		tournament		Nov 21, 2025 21:42			0		54405		227.72s	168		0	391.5M	320.01M	1.12K			2.15S					16.27B	0	461.93M		14.62B	365.49M	24.64M	727.96M	0		0	7.62B		0		0	0		31.98Q	3.09S	8	1.78q	1.92q	10.37q	0			433.3s		2.47Q				4066	4096	684	184	5413	0			15.49K			11739			0	507	420	715		8h 32m 18s	3	0	0		23.37M				0			2.55T	0		2.74M	Ranged	742.28Q		26329					7.78T	0						53.93s					0					1.14M	116.19s	204	8697	0	50	2h 8m 4s	842		74.9s	0	2.66K		0		56		22.38Q			0	0		8630	11932	11.02s			0	11	157	88905			51			1014		3
2025-11-21	19:17:00		farm		Nov 21, 2025 19:17			24		362520		8.04D	448		33	11.6B	7.62B	98.82K			0					9.77T	23.62B	105.01B		9T	313.26B	11.88B	300.07B	0		0	1.24T		0		0	33		0	69.12D	8	41.67q	75.58q	96.31Q	1			0		182.21Q				0	386	819859	4174	65927	0			820.2K			166427			0	865	610	746		1d 13h 21m 37s	5	2	27		6.4B				0			0	182.6Q		12.26M	Scatter	337.27s		274193					0	1						57D					0					19.59M	293.94N	873	140899	0	1607	7h 53m 44s	3642		664.82s	475	13.23K		0		1586		0			62.47K	0		168448	162078	471.36N			0	13	4840	885498			1647			5879		1370
2025-11-21	10:02:00		farm		Nov 21, 2025 10:02			27		713146		34.82aa	904		27	43.74B	28.6B	221.18K			0					18.05T	44.34B	266.05B		16.11T	807.22B	29.51B	758.84B	0		0	1.13T		0		5	69		0	299.25aa	8	119.02q	109.55q	139.66Q	4			8.69B		1.7s				164	53906	1695787	11745	153140	0			1.7M			437462			0	865	900	671		3d 8h 23m 43s	9	18	54		16.24B				0			0	2s		24.68M	Scatter	1.32S		628378					0	10						247.16aa					0					36.68M	1.81S	1785	377555	2	4320	15h 58m 3s	7288		1.58S	900	25.68K		0		4250		0			125.76K	0		400115	410862	3.1aa			0	11	12941	2081651			4371			11801		2727
2025-11-21	00:31:00		farm		Nov 21, 2025 00:31			36		714161		38.12aa	913		51	38.63B	25.46B	217.9K			0					17.41T	43.35B	257.41B		15.53T	771.39B	28.45B	733.51B	0		0	1.08T		0		3	27		0	329.29aa	8	67.01q	102.24q	130.41Q	1			0		1.4s				0	71949	1689013	14700	152177	0			1.69M			438651			0	865	900	736		3d 8h 22m 10s	8	2	48		15.79B				0			0	0		24.76M	Scatter	1.29S		625812					0	0						272.18aa					0					35.49M	1.72S	1773	379041	1	4404	16h 4m 20s	7258		1.5S	800	23.48K		0		4333		0			120.69K	4.13S		396716	410628	3.46aa			0	11	13004	2087799			4267			11811		2707
2025-11-19	15:44:00		farm		Nov 19, 2025 15:44			36		711348		32.91aa	901		33	33.96B	22.32B	219.62K			0					17.7T	42.96B	263.14B		15.78T	794.07B	29.19B	751.07B	0		0	1.12T		0		1	39		0	284.73aa	8	17.77q	105.02q	134.12Q	0			0		1.27s				0	53539	1686728	13507	153049	0			1.69M			435482			0	865	1000	697		3d 8h 6m 31s	10	20	27		15.57B				0			0	1.91s		24.62M	Scatter	1.15S		627042					0	10						235.07aa					0					34.79M	1.49S	1779	376164	1	4272	15h 49m 5s	7211		1.3S	680	25.18K		0		4306		1.44s			120.03K	0		400180	407915	3.25aa			0	11	12903	2075447			4325			11790		2737
2025-11-19	13:37:00		tournament	12	Nov 19, 2025 13:37			0		43014		90.5s	671		0	490.26M	404.93M	924			1.07S					20.16B	0	581.3M		18.11B	439.9M	25.97M	910.02M	0		0	9.55B		0		0	0		18.91Q	2.36S	8	4.96q	2.37q	14.56q	0			138.33s		1.78Q				1266	4998	11352	388	5269	0			16.77K			14897			0	546	495	702		8h 23m 50s	2	0	0		33.2M				0			0	0		2.67M	Fast	376.15Q		25344					1.33T	0						747.01s					0					635.08K	132.76s	566	10384	0	42	2h 6m 34s	824		32.68s	0	9.24K		0		45		121.07Q			0	0		7753	15175	93.84s			0	11	129	86055			42			992		4
2025-11-18	23:32:00		farm		Nov 18, 2025 23:32			12		352676		3.85D	437		21	36.4B	24.45B	96.55K			0					8.63T	21.26B	93.83B		7.95T	273.65B	10.66B	263.87B	0		0	1.13T		0		1	21		0	32.63D	8	47.09q	88.48q	112.13Q	0			0		2.17s				0	425	791287	3774	64047	88673			791.65K			159141			0	865	982	774		1d 12h 20m 7s	7	0	12		5.46B				0			0	0		11.95M	Boss	1.49S		264769					0	0						26.91D					0					18.06M	2.62S	847	134895	1	1527	7h 39m 17s	3531		2.29S	500	12.5K		0		1535		2.93s			58.24K	0		164092	155765	411.98N			0	13	4603	854119			1541			5720		1324
2025-11-18	15:52:00	Run ended early after android rebooted, unclear why the tower died so quickly. This was on v27.1.4.	farm		Nov 18, 2025 15:52			15		496531		18.46N	617		45	15.39B	9.93B	118.25K			0					10.24T	22.57B	154.08B		9.12T	460.84B	17.4B	439.88B	0		0	960.55B		0		3	30		0	161.14N	8	2.64q	2.1q	2.22Q	0			0		1.62s				0	53670	976390	4	92176	146809			976.79K			258932			0	865	1000	685		2d 4h 45m 8s	5	7	33		9.1B				0			0	0		16.75M	Basic	3.58S		386766					0	0						133.14N					0					19.8M	4.66S	1190	220302	0	2338	10h 39m 38s	4957		4.05S	260	18.46K		0		2452		3.74s			81.68K	0		261518	245163	1.88N			0	11	7135	1302907			2345			8002		1840
2025-11-17	21:09:00		farm		Nov 17, 2025 21:09			18		354872		4.05D	440		9	49.4B	33.69B	95.05K			0					9.3T	22.2B	103.39B		8.54T	306.95B	11.72B	294.05B	0		0	1.26T		0		1	24		0	35.67D	8	17.78q	75.82q	96.56Q	0			0		284.14Q				0	379	799044	5118	65002	0			799.4K			160334			0	865	1100	692		1d 12h 19m 47s	7	12	27		6.31B				0			0	0		12.03M	Scatter	230.02s		267809					0	7						29.43D					0					17.19M	402.11s	873	136511	0	1574	7h 23m 32s	3534		351.2s	425	14.38K		0		1619		419.91Q			58.65K	893.24s		165773	157639	414.31N			0	13	4641	863628			1448			5750		1326
2025-11-17	12:53:00		farm		Nov 17, 2025 12:53			30		713163		38.66aa	906		24	38.06B	24.7B	213.16K			0					17.56T	41.8B	263.58B		15.64T	796.2B	29.24B	752.24B	0		0	1.1T		0		3	36		0	333.32aa	8	12.29q	109.37q	139.33Q	0			0		263.57Q				0	47687	1683800	16925	153896	0			1.68M			438517			0	965	677	682		3d 8h 9m 30s	10	13	27		16.04B				0			0	406.63Q		24.69M	Ray	943.66s		631473					0	7						275.56aa					0					32M	3.23S	1793	377366	1	4466	15h 54m 4s	7221		2.8S	840	25.48K		0		4291		352.86Q			120.38K	0		395950	410313	3.33aa			0	11	12998	2083447			4241			11802		2722
2025-11-17	02:14:00		farm		Nov 17, 2025 02:14			39		354039		3.84D	442		21	4.35B	2.58B	95.41K			0					9.02T	21.63B	99.63B		8.29T	291.9B	11.23B	283.89B	0		0	1.2T		0		3	21		0	33.73D	8	35.46q	77.99q	99.28Q	1			0		561.06Q				0	297	792516	4230	64712	77550			792.88K			160201			0	965	665	697		1d 12h 30m 25s	7	7	15		6.08B				0			0	0		12.02M	Scatter	1.27S		265442					3.63T	3						27.87D					0					16.8M	6.64S	865	135898	0	1592	7h 32m 28s	3544		5.78S	350	14.6K		0		1520		385.18Q			58.56K	0		164505	156067	389.57N			0	13	4611	857566			1499			5746		1327
2025-11-16	16:53:00		farm		Nov 16, 2025 16:53			27		709118		23aa	906		27	69.76B	45.72B	207.07K			54.81M					17.17T	40.68B	258.2B		15.3T	775.81B	28.5B	735.87B	0		0	1.09T		0		3	36		0	198.47aa	8	47.79q	103.17q	131.91Q	2			0		237.76Q				0	54741	1646499	15488	150652	0			1.65M			432746			0	965	524	652		3d 7h 36m 4s	10	20	66		15.72B				0			0	393.7Q		24.52M	Scatter	896.51s		624253					3.63T	10						163.78aa					0					31M	3.21S	1776	374873	2	4239	15h 49m 38s	7196		2.78S	760	21.48K		0		4284		0			119.55K	0		393473	406814	2.38aa			0	11	12849	2066919			4326			11700		2683
2025-11-16	01:19:00		tournament	15	Nov 16, 2025 01:19			0		58052		351.8s	178		0	448.1M	368.84M	1.24K			5.33S					19.8B	0	579.67M		17.74B	440.65M	35.38M	910.49M	0		0	8.72B		0		0	0		208.31Q	10.33S	8	877.7T	2.17q	11.21q	0			350.99s		10.85Q				2832	3375	21467	172	5928	0			23.16K			12757			0	573	485	716		9h 4m 56s	3	0	0		40.47M				0			0	0		2.91M	Fast	1.21s		28605					3.63T	0						2.34S					0					1.43M	260.37s	209	9499	0	54	2h 16m 14s	891		148.72s	0	3.36K		0		53		50Q			0	0		8552	13055	290.58s			0	11	165	95469			58			1076		4
2025-11-15	16:48:00		farm		Nov 15, 2025 16:48			66		714963		51.52aa	924		30	37.15B	24.44B	217.72K			22.43Q					14.98T	36.54B	225.74B		13.32T	691.55B	24.38B	647.25B	0		0	966.77B		0		4	21		0	470.08aa	8	18.46q	88.62q	113.03Q	0			0		268.63Q				0	37412	1825310	10710	126540	0			1.83M			439898			0	965	1100	690		3d 4h 56m 2s	10	9	39		11.63B				0			0	0		24.87M	Scatter	1.03S		638136					0	8						392.78aa					0					28.99M	2.06aa	1791	381204	0	4355	15h 29m 51s	7308		755.05s	660	26.28K		0		4320		3.34Q			121.21K	2.07S		306144	412856	2.93aa			0	11	13079	2093987			4404			11874		2730
2025-11-14	21:07:00		farm		Nov 14, 2025 21:07			54		691744		10.04aa	879		48	19.46B	11.27B	196.26K			23.06s					16.65T	41.12B	252.63B		14.81T	763.51B	27.87B	719.49B	0		0	1.09T		0		3	45		0	87.4aa	8	12.27q	107.77q	137.51Q	0			0		1.01s				0	77251	1627752	17462	146799	189238			1.63M			418721			0	965	1100	713		3d 5h 22m 1s	9	2	30		15.16B				0			0	0		23.89M	Scatter	5.07S		597907					0	0						72.3aa					0					30.74M	421.09D	1721	362143	1	4119	15h 19m 30s	6983		5.23S	740	25.38K		0		4125		6.51Q			116.51K	0		381763	393725	685.16D			0	11	12388	2004120			4144			11440		2652
2025-11-14	05:54:00		farm		Nov 14, 2025 05:54			27		487283		32.37D	620		30	8.26B	4.93B	145.17K			0					12.39T	31.12B	162.73B		11.21T	485.36B	18.49B	463.35B	0		0	1.15T		0		0	18		0	277.24D	8	21.51q	104.08q	133.06Q	0			0		141Q				0	11454	1154042	6695	96431	0			1.15M			264687			0	965	1100	684		2d 4h 55m 5s	9	18	21		10.12B				0			0	0		16.8M	Scatter	451.49s		403969					0	10						228.83D					0					23.79M	1.38D	1215	225227	1	2565	10h 49m 20s	4934		505.75s	552	19.55K		0		2552		0			81.89K	496.36s		249581	250947	1.94D			0	12	7629	1313600			2512			8046		1867
2025-11-13	18:52:00		farm		Nov 13, 2025 18:52			21		708255		32.5aa	901		27	27.37B	17.74B	218.11K			14.88S					16.77T	38.65B	255.69B		14.92T	761.04B	28.39B	729.26B	0		0	1.07T		0		3	36		0	283.97aa	8	16.2q	96.57q	123.32Q	0			0		1.38s				0	57314	1690668	13079	151363	274400			1.69M			434351			0	965	935	687		3d 7h 37m 47s	10	13	33		15.3B				0			0	0		24.59M	Scatter	5.47S		624796					1.47T	5						234.58aa					0					32.74M	1.42aa	1796	375867	2	4186	15h 43m 38s	7270		5.5S	880	26.64K		0		4367		126.62Q			119.86K	0		394340	407677	2.06aa			0	11	12931	2072207			4378			11744		2702
2025-11-12	19:33:00		farm		Nov 12, 2025 19:33			18		332616		1.14D	409		18	27.36B	18.23B	78.09K			0					8.05T	18.86B	89.64B		7.4T	263.1B	10.18B	253.78B	0		0	1.1T		0		3	24		0	9.8D	8	7.97q	67.61q	86.22Q	0			0		322.28Q				0	314	734069	5983	60410	51841			734.37K			144593			0	965	1100	788		1d 10h 16m 19s	4	5	21		5.42B				0			0	0		11.28M	Ray	949.24s		244855					0	4						8.06D					0					15.42M	49.86N	808	123397	1	1368	7h 18m 24s	3291		1.11S	425	12.2K		0		1317		0			52.46K	0		150734	142596	87.23N			0	13	4032	787810			1347			5389		1241
2025-11-12	11:21:00		farm		Nov 12, 2025 11:21			39		653574		1.15aa	837		36	13.78B	8.83B	196.75K			1.74s					15.51T	37.38B	236.7B		13.78T	714.19B	26.55B	675.43B	0		0	1.07T		0		2	33		0	9.87aa	8	5.3q	33.76q	42.87Q	0			0		214.11Q				0	40236	1527550	10546	137674	0			1.53M			389323			0	966	733	667		3d 1h 1m 47s	8	13	24		14.74B				0			0	0		22.63M	Ray	702.6s		569326					0	9						8.15aa					0					29.94M	43.47D	1619	336656	0	3890	14h 27m 42s	6668		783.21s	760	21.61K		0		3847		0			105.29K	759.17s		361808	367406	65.29D			0	11	11466	1875633			3729			10822		2500
2025-11-12	02:57:00		tournament	21	Nov 12, 2025 02:57			0		78789		94.28s	159		0	660.91M	545.35M	1K			598.49s					20.1B	0	581.47M		18.05B	439.58M	25.88M	919.16M	0		0	10B		0		0	0		8.63Q	2.05S	8	1.02q	1.24q	5.9q	0			225.73s		1.6Q				3821	4986	32915	24	6837	0			32.97K			16801			0	563	472	673		8h 2m 33s	2	0	0		28.02M				0			0	0		2.58M	Boss	369.83Q		37887					3.82T	0						1.01S					0					649.88K	26.12s	177	13001	0	36	2h 0m 38s	781		20.07s	0	2.9K		0		44		7.46Q			0	0		9220	17524	11.73s			0	11	128	127825			48			960		8
2025-11-11	18:51:00		farm		Nov 11, 2025 18:51			24		351990		3.37D	439		30	19.75B	13.21B	92.89K			4.05S					7.81T	19.15B	88.86B		7.17T	256.28B	9.76B	253.12B	0		0	1.04T		0		0	15		0	31.53D	8	29.19q	71.75q	90.26Q	0			0		93.98Q				0	318	777245	4050	52455	0			777.59K			158198			0	966	1100	691		1d 12h 9m 30s	6	7	24		4.69B				0			0	0		11.94M	Boss	247.45s		263427					0	1						26.52D					0					16.48M	165.17N	870	134608	0	1555	7h 32m 25s	3516		248.38s	450	14.51K		0		1468		57.07Q			55.52K	672.02s		152631	154997	254.86N			0	13	4573	849570			1550			5700		1310
2025-11-11	11:09:00		farm		Nov 11, 2025 11:09			24		714379		63.86aa	910		51	4B	1.85B	215.98K			50.91Q					16.62T	38.83B	252.62B		14.78T	764.77B	27.38B	720.17B	0		0	1.05T		0		5	51		0	589.87aa	8	18.99q	98.19q	125.08Q	0			0		1.58s				0	73845	1786577	11062	126959	225139			1.79M			440033			0	966	1043	683		3d 8h 38m 32s	8	13	33		12.96B				0			0	0		24.84M	Scatter	6.06S		626025					0	8						492.99aa					0					29.12M	2.93aa	1771	381146	2	4453	15h 49m 2s	7319		4.15S	740	28.19K		0		4301		617.96q			115.62K	0		376013	412423	4.1aa			0	11	13102	2092422			4348			11887		2752
2025-11-10	19:39:00		farm		Nov 10, 2025 19:39			21		450109		2.51D	563		18	12.05B	7.07B	120.44K			3.45S					10.28T	25.76B	136.21B		9.29T	407.72B	14.88B	388.24B	0		0	1.07T		0		0	21		0	23.32D	8	21.61q	87.65q	111.85Q	1			0		118.04Q				0	5486	1050616	9292	68197	0			1.05M			230391			0	966	667	743		1d 22h 29m 12s	9	7	9		7.08B				0			0	0		15.38M	Scatter	471.25s		363137					0	2						19.69D					0					19.16M	95.39N	1123	197190	0	2271	9h 35m 34s	4572		354.68s	483	15.82K		0		2198		117.59Q			71.55K	874.22s		214888	222368	181.57N			0	12	6692	1174055			2223			7369		1714
2025-11-10	09:24:00		farm		Nov 10, 2025 09:24			36		713577		67.99aa	924		33	48.68B	32.36B	216.14K			0					16.6T	40.84B	253.54B		14.75T	768.17B	27.61B	722.43B	0		0	1.04T		0		5	42		0	617.72aa	8	18.46q	94.86q	120.63Q	0			637.37B		218.52Q				162	43905	1804097	11260	119072	0			1.8M			437698			0	966	495	663		3d 8h 52m 6s	9	20	60		12.14B				0			0	492.66Q		24.82M	Scatter	882.44s		634489					0	10						515aa					0					29.86M	2.99aa	1792	378758	1	4286	15h 58m 25s	7332		646.32s	680	24.62K		0		4400		85.16B			115.5K	0		378925	411610	4.12aa			0	11	13054	2089021			4368			11871		2745
2025-11-09	17:50:00		farm		Nov 09, 2025 17:50			24		355846		5.97D	444		15	16.25B	10.83B	96.25K			99.28q					8.91T	21.76B	99.99B		8.17T	302.25B	11.2B	285.46B	0		0	1.14T		0		2	27		0	53.59D	8	15.01q	70.9q	90.86Q	0			1.63S		483.9Q				32248	208	763683	4014	48980	90694			764.04K			162654			0	966	538	658		1d 13h 3m 38s	8	0	21		4.89B				0			0	0		12.16M	Ray	1.33S		270103					0	0						44.6D					0					16.41M	266.28N	879	138220	0	1534	7h 49m 34s	3589		1.26S	550	12.23K		0		1616		3.68q			56.57K	0		160597	158848	387.23N			0	13	4699	869900			1549			5808		1335
2025-11-09	12:54:00		farm		Nov 09, 2025 12:54			36		457105		3.85D	574		21	16.45B	10.66B	142.67K			62.05S					10.64T	27.17B	141.57B		9.61T	428.02B	15.79B	403.92B	0		0	1.08T		0		3	24		0	35.1D	8	26.02q	175.49q	224.12Q	1			1.67s		217.19Q				27770	5167	1046109	15170	67972	0			1.05M			235624			0	634	550	643		2d 0h 49m 54s	3	16	27		6.97B				0			0	561.51Q		15.63M	Scatter	585.09s		369271					30.47T	10						29.97D					0					21.11M	156.22N	1131	202033	0	2290	9h 51m 38s	4589		490.95s	460	15.54K		0		2255		650.77Q			72.7K	0		221321	225834	381.74N			0	12	6800	1196119			2255			7468		1721
2025-11-08	18:17:00		tournament	13	Nov 08, 2025 18:17			0		64739		7.06s	136		0	497.05M	410.44M	881			158.91s					19.66B	0	589.51M		17.6B	429.03M	32.58M	919.42M	0		0	11.27B		0		0	0		54.81q	196.61s	8	2.34q	893.06T	6.45q	0			3.56s		392q				209	1709	411	213	7064	0			38.34K			13527			0	547	470	593		6h 58m 45s	1	0	0		36.69M				0			0	0		2.24M	Basic	203.81Q		31305					29.62T	0						3.13s					0					1.71M	10.31s	156	9511	0	38	1h 44m 41s	654		7.71s	0	2.84K		0		29		2.19Q			0	0		10584	13598	1.93s			0	11	101	102638			34			830		4
2025-11-08	16:28:00		farm		Nov 08, 2025 16:28			30		702569		47.09aa	899		66	19.61B	12.21B	216.39K			0					16.3T	40.18B	251.64B		14.47T	752.11B	27.93B	718.04B	0		0	1.07T		0		2	45		0	418.17aa	8	57.84q	128.09q	163.35Q	1			0		209.01Q				0	47130	1676098	13539	142851	0			1.68M			432340			0	967	1100	733		3d 4h 50m 36s	10	0	27		14.39B				0			0	0		24.52M	Scatter	773.77s		622420					0	5						349.14aa					0					32.49M	2.62S	1788	372847	2	4313	15h 15m 24s	7263		2.28S	700	21.49K		0		4221		292.96Q			108.68K	791.68s		391234	404992	5.26aa			0	11	12822	2054206			4288			11720		2702
2025-11-08	01:08:00		farm		Nov 08, 2025 01:08			3		55176		304.38S	79		3	1.35B	887.96M	2.98K			0					215.78B	579.98M	2.2B		205.72B	2.35B	262.15M	4.32B	0		0	160.46B		0		1	0		0	1.47O	8	670.92T	1.73q	23.92q	0			0		2.38Q				0	8	85870	158	6912	0			92.41K			13648			0	661	595	650		6h 4m 10s	1	0	6		148.39M				0			4.96T	0		1.96M	Ranged	229.59Q		29186					0	1						1.01O					0					3.03M	28.89s	138	10154	0	36	1h 20m 41s	584		24.76s	84	1.73K		0		20		1.31Q			8.71K	0		19146	13901	10.04S			0	14	81	93777			25			943		219
2025-11-07	23:43:00		farm		Nov 07, 2025 23:43			18		344632		3.12D	431		12	36.85B	24.85B	92.32K			0					7.99T	18.17B	96.66B		7.28T	290.11B	11.07B	275.53B	0		0	1.08T		0		2	18		0	26.93D	8	12.08q	66.67q	84.29Q	0			0		73.16Q				0	299	766192	4420	58770	0			766.57K			152954			0	967	1100	704		1d 11h 45m 4s	9	20	6		5.71B				0			0	70.4Q		11.73M	Ray	163s		256692					0	4						22.16D					0					16.79M	808.5s	840	130080	0	1468	7h 25m 23s	3463		705.06s	425	11.24K		0		1470		67.69Q			52K	0		160207	150824	324.26N			0	13	4447	828030			1509			5610		1295
2025-11-07	16:16:00		farm		Nov 07, 2025 16:16			21		470499		14.73D	601		27	71.95B	47.68B	134.35K			0					10.88T	28.96B	152.72B		9.76T	459.14B	17.03B	435.89B	0		0	1.06T		0		3	15		0	128.22D	8	32.95q	97.91q	125.1Q	0			0		122.06Q				0	5553	1092320	10800	87103	0			1.09M			249933			0	960	1100	674		2d 2h 54m 56s	10	0	18		8.37B				0			0	0		16.22M	Boss	372.02s		386939					0	0						105.97D					0					21.81M	1.57S	1150	213573	0	2392	10h 17m 46s	4814		1.37S	437	16.84K		0		2437		139.72Q			71.88K	326.03s		236773	238439	1.47D			0	12	7273	1254279			2444			7790		1825
2025-11-07	04:56:00		farm		Nov 07, 2025 04:56			39		705628		73.16aa	915		42	14.33B	8.89B	221.8K			1.88q					15.43T	39.48B	252.12B		13.59T	763.44B	28.04B	717.01B	0		0	999.27B		0		2	24		0	626.73aa	8	35.48q	102.09q	130.36Q	1			0		219.54Q				0	55521	1659290	12784	142216	0			1.66M			433134			0	584	598	651		3d 6h 37m 59s	10	20	30		14.13B				0			0	0		24.63M	Scatter	804.5s		622724					0	10						517.08aa					0					32.37M	2.74S	1778	374961	1	4251	15h 26m 33s	7259		2.38S	900	21.44K		0		4335		265.78Q			109.16K	745.8s		394173	406744	6.91aa			0	11	12917	2065501			4331			11806		2747
2025-11-06	19:12:00		milestone		Nov 06, 2025 19:12			0		4108		154.01S	19		0	9.8M	5.15M	35			63.83Q					3.48B	0	40.55M		3.31B	43.68M	4.74M	78.71M	0		0	10.78B		0		0	0		42.04s	1.2O	8	570.71T	133.69T	2.49q	1			101.41S		181.23q				434	0	4137	21	402	0			5.62K			642			0	112	96	119		1h 17m 24s	1	0	0		1.93M				0			0	0		344.22K	Fast	1.89Q		1753					7.58T	0						751.28S					0					405.43K	19.02S	22	325	0	1	19m 21s	65		591.48Q	0	948		0		0		73.36q			0	0		1007	552	36.5S			0	16	2	5670			1			169		36
2025-11-06	18:51:00		milestone		Nov 06, 2025 18:51			0		22695		41.1O	73		0	152.85M	89.2M	1.43K			5.4s					38.41B	0	459.97M		36.58B	355.95M	55.2M	889M	0		0	26.87B		0		0	0		3.67S	271.55O	8	1.72q	1.89q	112.57q	0			26.91O		837.51q				2606	0	26390	109	2720	0			36.88K			5461			0	455	433	515		5h 43m 1s	2	0	0		27.19M				0			0	0		1.59M	Scatter	34.23Q		11992					7.17T	0						181.5O					0					1.97M	677.37S	116	3940	0	16	1h 25m 45s	300		7.12s	0	2.14K		0		16		632.25q			0	0		6781	5455	1.18O			0	15	45	38264			13			762		175
2025-11-06	17:18:00		milestone		Nov 06, 2025 17:18			0		13951		482.28S	39		0	93.22M	55.71M	532			0					15.48B	28.89M	197.12M		14.66B	159.51M	23.05M	384.29M	0		0	20.69B		0		0	3		0	4.04O	8	1.24q	464.32T	5.52q	7			374.61S		169.15q				1549	0	14595	84	1421	0			20.39K			2667			0	253	258	291		2h 59m 38s	0	0	3		9.86M				0			0	0		821.85K	Boss	6.79Q		6635					6.2T	0						2.74O					0					1.05M	38.57S	55	1689	0	3	44m 54s	162		442.19Q	30	1.41K		0		4		105.55q			4.28K	0		3626	2529	57.95S			0	15	13	21063			6			400		92
2025-11-06	16:32:00		milestone		Nov 06, 2025 16:32			0		4021		55.66S	14		3	4.15M	2.2M	0			0					3.5B	4M	42.58M		3.32B	40.53M	5.62M	83.88M	0		0	14.29B		0		0	0		0	422.69S	8	226.09T	54.53T	1.09q	1			29.47S		60.84q				423	0	3828	18	391	0			5.29K			541			0	62	68	77		58m 48s	1	0	0		2.77M				0			0	0		249.4K	Fast	1.49Q		1655					2.39T	0						273.81S					0					351.93K	4.66S	19	296	0	0	14m 42s	51		114.12Q	33	665		0		0		30.97q			1.4K	0		1008	447	8.08S			0	16	0	5338			0			130		29
2025-11-06	16:11:00		farm		Nov 06, 2025 16:11			27		555046		2.41D	699		33	67.71B	45.64B	138.62K			0					10.63T	25.4B	179.49B		9.33T	538.04B	19.82B	512.01B	0		0	860.61B		0		3	33		0	20.94D	8	243.12q	13.59q	13.12Q	4			0		131.01Q				0	45465	1206753	16728	104147	0			1.21M			307711			0	967	1100	682		2d 12h 34m 27s	6	10	15		10.27B				0			0	0		19.01M	Scatter	496.04s		454297					2.14T	7						17.31D					0					22.93M	631.21s	1377	264316	0	2938	12h 21m 17s	5626		547.37s	720	16.52K		0		2922		200.26Q			84.24K	306.89s		293522	291260	259.64N			0	11	8783	1516721			2923			9082		2091
2025-11-05	19:26:00		farm		Nov 05, 2025 19:26			12		330141		815.25O	403		24	44.34B	30.42B	79.88K			0					5.94T	14.98B	87.28B		5.3T	261.49B	10.5B	249.14B	0		0	843.26B		0		2	9		0	5.79N	8	157.76q	49.58q	43.75Q	2			0		46.3Q				0	5739	656284	31265	51964	0			656.63K			136300			0	799	759	678		1d 9h 35m 18s	8	18	12		4.83B				0			0	532.16Q		11.04M	Scatter	88.92s		232217					2.14T	4						4.84N					0					16.18M	30.37O	783	115724	0	1199	7h 2m 22s	3231		154.56s	529	9.02K		0		1188		111.8Q			48.92K	1.71S		158705	134756	105.69O			0	12	3459	754116			1072			5276		1216
2025-11-05	12:13:00		tournament	19	Nov 05, 2025 12:13			0		75222		160.71s	153		0	621.3M	518.53M	1.09K			856.08s					18.85B	0	605.87M		16.73B	446.25M	31.22M	955.19M	0		0	9.54B		0		0	0		1.47Q	1.18S	8	15.03q	370.27T	16.66q	0			43.92s		1.39Q				426	4798	1426	143	6146	0			26.02K			16169			0	507	521	667		7h 54m 7s	2	0	0		27.26M				0			2.45T	67.96Q		2.51M	Ranged	572.87Q		36186					2.14T	0						57.69s					0					905.64K	47.37s	174	11987	0	40	1h 58m 31s	762		35.19s	0	2.64K		0		38		6.99Q			0	0		9566	16832	14.07s			0	11	132	121751			54			933		4
2025-11-05	05:39:00	Scatter bug...	farm		Nov 05, 2025 05:39			15		308058		187.77O	377		24	10.77B	7.14B	68.18K			0					5.41T	13.41B	77.73B		4.84T	234.38B	9.25B	219.43B	0		0	829.97B		0		0	18		0	1.43N	8	76.05q	27.31q	24.18Q	3			0		53.44Q				0	6028	605044	26608	45899	0			605.37K			123167			0	799	985	783		1d 7h 26m 10s	2	12	21		4.02B				0			0	492.92Q		10.32M	Scatter	68.05s		211957					0	9						1.21N					0					13.84M	7.97O	735	103891	2	1005	6h 30m 45s	3067		172.17s	299	9.14K		0		972		124.87Q			45.72K	1.59S		142531	122595	24.31O			0	12	3021	689137			1044			4934		1136
2025-11-04	20:03:00	Scatter bug...	farm		Nov 04, 2025 20:03			30		670731		173.77D	864		33	23.08B	15.3B	204.46K			0					12.31T	30.1B	237.36B		10.59T	718.36B	27.43B	676.26B	0		0	814.62B		0		3	45		0	1.35aa	8	266.18q	81.18q	71.94Q	7			0		151.07Q				0	166320	1487185	97181	125834	0			1.49M			406022			0	847	808	690		3d 4h 6m 36s	7	2	24		13.19B				0			0	11.26s		23.7M	Scatter	519.32s		546019					662.81B	2						1.15aa					0					29.98M	6.83D	1721	350048	1	3862	15h 6m 40s	7006		608.07s	544	19.77K		0		3923		487.26Q			105.04K	0		400585	380424	24.57D			0	10	11611	1927323			3826			11321		2604
2025-11-03	22:40:00	With super tower card	farm		Nov 03, 2025 22:40			24		510128		145.12N	641		27	32.8B	22.08B	144.66K			15.82s					9.79T	24B	162.86B		8.6T	490.61B	18.95B	465.16B	0		0	899.24B		0		2	21		0	1.16D	8	136.48q	43.32q	38.36Q	1			0		106.95Q				0	37844	1085173	63012	89208	0			1.09M			270176			0	958	892	716		2d 5h 22m 45s	10	17	30		9.11B				0			0	6.92s		17.47M	Scatter	313.37s		406161					0	8						985.58N					0					22.25M	1.3S	1215	230888	1	2480	10h 53m 9s	5160		1.15S	420	14.07K		0		2593		319.24Q			77.44K	0		275264	256858	25.58N			0	11	7603	1348152			2530			8346		1919
2025-11-03	17:41:00		farm		Nov 03, 2025 17:41			30		549232		2.3D	696		18	8.39B	5.1B	167.2K			0					10.74T	28.27B	179.29B		9.43T	537.9B	20.84B	510.32B	0		0	891.05B		0		0	39		0	18.07D	8	286.52q	91.68q	81.26Q	8			0		812.01Q				0	49011	1198834	72463	99296	166435			1.2M			302301			0	967	732	661		2d 11h 41m 2s	5	0	45		10.08B				0			0	11.55s		18.92M	Scatter	2.29S		445524					0	1						15.36D					0					24.87M	3.16S	1363	259423	0	2819	12h 2m 53s	5552		2.78S	480	16.64K		0		2893		2.31s			83.84K	0		297883	286203	407.92N			0	11	8652	1486439			2940			9037		2080
2025-11-02	23:33:00		farm		Nov 02, 2025 23:33			18		566175		7.06D	718		27	1.61B	92.47M	172.8K			0					11.36T	27.35B	189.66B		9.98T	571.67B	21.94B	540.81B	0		0	941.99B		0		4	36		0	56.14D	8	382.78q	134.94q	119.52Q	29			0		315.73Q				0	55153	1281028	76059	103456	0			1.28M			315937			0	563	540	788		2d 10h 54m 30s	10	20	36		10.82B				0			0	5.26s		19.54M	Scatter	389.86s		461385					0	9						47.86D					0					26.53M	541.07s	1408	270896	0	3005	12h 3m 28s	5804		477.43s	660	18.2K		0		3050		1.06s			86.6K	17.91S		311935	298218	1.22D			0	11	9085	1544590			3030			9316		2131
2025-11-02	09:05:00		farm		Nov 02, 2025 09:05			45		526059		496.02N	671		24	28.28B	18.79B	152.8K			0					10.02T	25.05B	167.86B		8.81T	497.95B	19.51B	477.57B	0		0	860.06B		0		0	21		0	3.86D	8	216.66q	59.19q	52.46Q	6			0		1.57s				0	45013	1138444	67581	92794	155257			1.14M			284142			0	651	772	701		2d 8h 53m 17s	3	15	36		9.37B				0			0	31.42s		18.09M	Scatter	2.04S		421799					0	7						3.28D					0					23.38M	2.87S	1280	242926	1	2671	11h 39m 16s	5347		2.52S	580	19.78K		0		2704		7.43s			80.16K	0		282929	269359	87.71N			0	11	8069	1405991			2694			8633		1982
2025-11-01	22:01:00		farm		Nov 01, 2025 22:01			12		534064		891.85N	670		51	30.78B	20.54B	158.97K			19.86s					10.32T	24.98B	173.02B		9.06T	523.1B	20.07B	491.95B	0		0	890.07B		0		0	33		0	6.99D	8	212.87q	67.89q	60.11Q	5			0		1.79s				0	52029	1130716	68608	93155	185772			1.13M			289599			0	757	789	713		2d 9h 34m 13s	10	5	36		9.75B				0			0	32.5s		18.32M	Scatter	2.11S		427251					0	3						5.94D					0					23.31M	2.96S	1309	248107	1	2800	11h 35m 49s	5357		2.6S	580	18.21K		0		2700		7.43s			81.19K	0		286341	274447	151.94N			0	11	8237	1430163			2737			8781		2044
2025-11-01	12:58:00		farm		Nov 01, 2025 12:58			27		342972		1.7N	427		18	23.32B	15.89B	80.97K			0					6.2T	14.49B	89.81B		5.55T	266.63B	10.56B	256.09B	0		0	844.3B		0		4	6		0	14.46N	8	10.7q	71.58q	63.13Q	3			0		1.84s				0	5663	711298	37036	51568	79486			711.72K			145672			0	630	655	673		1d 11h 9m 32s	1	0	24		4.88B				0			0	10.72s		11.55M	Scatter	671.69s		245360					1.33T	5						12.41N					0					15.46M	1.09S	814	123760	0	1198	7h 20m 31s	3400		962.81s	529	9.64K		0		1265		3.51s			51.2K	0		158408	143455	356.23O			0	12	3776	796366			1313			5516		1268
2025-11-01	10:23:00		tournament	15	Nov 01, 2025 10:23			0		58583		27.91s	885		0	549.06M	456.15M	643			490.23s					22.92B	0	750.38M		20.34B	533.37M	27.46M	1.16B	0		0	12.06B		0		0	0		3.41Q	827.39s	8	4.31q	1.89q	11.44q	0			510.05Q		849.4q				320	6052	29887	415	6596	0			38.86K			20017			0	512	432	608		7h 36m 7s	3	0	0		36.69M				0			0	42.51Q		2.41M	Fast	229.97Q		34081					0	0						239.38s					0					730.34K	51.19s	720	13817	0	30	1h 54m 1s	728		15.26s	0	9.65K		0		41		14.78Q			0	0		6627	20539	17.87s			0	11	102	115785			31			897		3
2025-11-01	00:37:00		farm		Nov 01, 2025 00:37			21		373090		17.8N	470		21	7.09B	4.47B	99.1K			0					7.3T	17.37B	105.41B		6.54T	316.91B	12.4B	298.26B	0		0	898.13B		0		1	36		0	152.41N	8	9.47q	158.35q	139.28Q	1			0		1.11s				0	5541	798989	45614	58415	56532			799.42K			167820			0	598	695	696		1d 14h 37m 29s	7	20	30		5.87B				0			0	12.92s		12.65M	Scatter	874.02s		275951					1.33T	5						130.92N					0					17.58M	1.4S	907	142214	0	1540	8h 7m 59s	3767		1.24S	460	11.94K		0		1545		3.81s			56.08K	0		177397	162995	3.69N			0	12	4628	895394			1543			6068		1414
2025-10-31	14:48:00		farm		Oct 31, 2025 14:48			30		589669		39.6D	756		33	13.54B	8.36B	186.02K			3.84s					11.92T	30.59B	200.4B		10.46T	603.58B	23B	572.17B	0		0	928.53B		0		1	36		0	343.01D	8	10.5q	232.72q	205.41Q	1			0		315.15Q				0	38911	1378046	88970	106529	0			1.38M			337742			0	689	829	671		2d 15h 16m 22s	8	0	45		11.54B				0			0	24.5s		20.53M	Scatter	399.38s		495770					1.33T	0						295.57D					0					27.61M	595.34s	1486	289809	0	3248	12h 50m 14s	6008		524.93s	600	20.26K		0		3368		1.08s			91K	0		317805	317557	7.84D			0	11	9866	1638040			3250			9831		2280
2025-10-31	01:53:00		farm		Oct 31, 2025 01:53			51		590566		33.55D	759		24	15.76B	10.24B	184.4K			0					11.8T	29.87B	196.42B		10.37T	592.33B	22.53B	558.67B	0		0	933.89B		0		4	21		0	294.46D	8	7.51q	222.16q	195.98Q	0			0		338.68Q				0	47316	1371524	87056	104522	0			1.37M			337460			0	533	681	673		2d 13h 45m 27s	10	20	27		11.08B				0			0	28.07s		20.51M	Scatter	431.06s		494075					1.33T	10						254.23D					0					27.77M	581.68s	1469	289386	2	3272	12h 38m 11s	6030		514.26s	600	18.29K		0		3313		1.33s			90.88K	0		317698	317750	6.67D			0	11	9822	1637315			3237			9787		2245
2025-10-30	12:37:00		farm		Oct 30, 2025 12:37			33		588860		28.13D	752		30	3.04B	1.44B	185.42K			0					11.51T	28.77B	192.07B		10.11T	576.78B	21.68B	548.08B	0		0	903.21B		0		2	42		0	250.06D	8	8q	205.78q	181.55Q	0			0		443.09Q				0	50120	1398525	82304	96714	0			1.4M			335474			0	967	677	668		2d 14h 47m 50s	8	2	36		10.19B				0			0	6.17s		20.35M	Scatter	418.65s		490129					1.31T	4						216.25D					0					26.78M	506.89s	1477	288508	1	3224	12h 44m 28s	6008		448.75s	700	19.7K		0		3283		2.26s			90.2K	21.81S		305202	318261	5.69D			0	11	9736	1632238			3229			9742		2257
2025-10-29	23:48:00		farm		Oct 29, 2025 23:48			39		592478		31.35D	755		33	28.93B	19.03B	191.76K			0					11T	25.92B	186.6B		9.65T	552.69B	21.21B	531.86B	0		0	870B		0		3	24		0	278.21D	8	1.94q	214.4q	189.28Q	0			0		178.71Q				0	53731	1404160	81059	96360	0			1.41M			338906			0	967	1100	701		2d 13h 59m 24s	10	18	33		9.74B				0			0	2.55s		20.45M	Ray	408.56s		493625					1.31T	6						240.56D					0					27.84M	504.95s	1472	291574	1	3203	12h 38m 31s	5999		448.3s	600	17.1K		0		3269		1.01s			89.76K	10.08S		311916	319974	6.31D			0	11	9806	1643257			3334			9765		2244
2025-10-29	10:26:00		farm		Oct 29, 2025 10:26			42		595060		41.96D	751		24	32.45B	21.46B	194.61K			478.5M					11.82T	24.01B	201.64B		10.36T	609.82B	23.04B	574.62B	0		0	871.68B		0		5	33		0	362.13D	8	13.55q	236.4q	208.61Q	2			0		108.26Q				0	38123	1426231	85746	97115	0			1.43M			341467			0	967	1100	709		2d 15h 17m 22s	5	20	42		10.38B				0			0	1.83s		20.58M	Scatter	376.62s		502029					1.31T	10						311.98D					0					28.09M	468.02s	1470	293728	0	3245	13h 33m 26s	6088		415.49s	660	20.47K		0		3362		723.55Q			90.32K	7.92S		318712	322369	8.19D			0	11	9903	1655365			3296			9831		2260
2025-10-28	21:04:00		tournament	22	Oct 28, 2025 21:04			0		49150		26.61s	154		0	309.09M	244.93M	1.14K			237.51s					8.59B	0	269.29M		7.6B	232.41M	17.15M	432.79M	0		0	4.36B		0		0	0		7.7Q	753.54s	8	748.92T	1.67q	6.82q	0			5.72s		1.7Q				4161	2778	46983	49	4237	0			47.09K			10342			0	543	479	601		7h 53m 5s	2	0	0		15.01M				0			0	13.46Q		2.45M	Fast	81.77Q		23576					1.31T	0						462.56s					0					616.79K	15.22s	179	7474	0	41	1h 58m 16s	740		11.02s	0	3.2K		0		50		45.96Q			0	0		5416	10662	5.78s			0	11	131	79592			40			930		3
2025-10-28	17:39:00		farm		Oct 28, 2025 17:39			36		595518		45.86D	762		42	48.3B	31.98B	195.5K			418.37Q					11.89T	28.78B	203.14B		10.41T	614.26B	23.37B	579.25B	0		0	892.65B		0		4	27		0	389.02D	8	10.53q	229.23q	202.14Q	1			0		762.15Q				0	42530	1399194	84760	105530	210163			1.4M			341281			0	811	862	680		2d 17h 36m 47s	5	3	24		11.76B				0			0	15.19s		20.63M	Scatter	2.33S		500492					0	0						334.6D					0					27.93M	3.2S	1469	293191	1	3291	13h 19m 6s	6109		2.83S	560	20.48K		0		3321		3.11s			90.52K	0		319746	323051	8.57D			0	11	9936	1655704			3324			9865		2278
2025-10-28	05:13:00		farm		Oct 28, 2025 05:13			24		589589		29.95D	751		6	13.12B	8.11B	180.67K			0					11.66T	26.51B	198.14B		10.22T	598.71B	22.67B	564.33B	0		0	886.98B		0		4	21		0	253.31D	8	12.15q	211.77q	187.01Q	2			0		2.72s				0	48969	1362361	86104	103412	172396			1.36M			335022			0	580	699	731		2d 16h 47m 53s	8	17	30		10.89B				0			0	31.5s		20.39M	Scatter	2.27S		490379					0	10						217.72D					0					26.83M	3.26S	1473	288337	0	3089	13h 8m 45s	6078		2.87S	660	20.3K		0		3326		6.18s			89.45K	0		313576	316178	5.65D			0	11	9743	1631179			3328			9728		2231
2025-10-27	16:03:00		farm		Oct 27, 2025 16:03			33		549613		2.53D	703		30	14.25B	8.32B	164.12K			0					10.8T	26.84B	183.38B		9.46T	555.84B	21.08B	522.41B	0		0	893.59B		0		1	18		0	21.85D	8	8.48q	98.56q	87.03Q	0			0		442.87Q				0	48855	1247156	76475	93558	156536			1.25M			304851			0	968	1100	707		2d 11h 55m 32s	4	1	24		10.17B				0			0	8.92s		18.98M	Scatter	2.07S		447566					0	8						18.84D					0					24.45M	2.85S	1357	260601	0	2874	12h 5m 7s	5621		2.51S	640	18.59K		0		2980		2.13s			82.48K	0		289415	288021	482.54N			0	11	8727	1494954			2873			9081		2101
2025-10-27	03:37:00		farm		Oct 27, 2025 03:37			24		375131		20.66N	469		24	5.87B	3.4B	103.76K			0					6.94T	16.3B	103.35B		6.19T	305.38B	12.11B	295.35B	0		0	854.29B		0		0	24		0	172.67N	8	7.7q	169.77q	149.62Q	0			0		250.07Q				0	5496	804377	44251	58177	0			804.75K			169505			0	614	839	663		1d 15h 2m 59s	6	19	24		5.6B				0			0	8.09s		12.75M	Scatter	145.35s		276930					0	2						148.05N					0					17.87M	260.9s	912	143413	0	1604	8h 7m 33s	3830		230.12s	598	10.17K		0		1532		417.13Q			55.4K	0		178808	164813	3.96N			0	12	4679	901146			1543			6096		1406
2025-10-26	19:14:00		farm		Oct 26, 2025 19:14			39		593818		38.09D	757		48	37.13B	24.47B	184.32K			0					12.02T	26.86B	204.35B		10.53T	619.93B	23.54B	582.88B	0		0	923.76B		0		4	27		0	320.48D	8	7.43q	226.54q	199.82Q	0			0		436.66Q				0	43270	1382756	83987	105174	0			1.38M			338620			0	602	619	711		2d 17h 17m 25s	9	8	33		11.39B				0			0	5.1s		20.52M	Scatter	373.88s		496706					0	5						275.23D					0					27.72M	519.86s	1488	291275	2	3222	13h 0m 47s	6088		458.58s	680	17.5K		0		3326		1.18s			89.16K	18.11S		326253	319465	7.16D			0	11	9840	1645350			3292			9804		2256
2025-10-26	04:37:00		farm		Oct 26, 2025 04:37			27		576999		53.35D	747		15	59.82B	39.61B	189.59K			839.21M					11.64T	27.39B	196.07B		10.23T	573.04B	23.81B	559.28B	0		0	885.05B		0		2	27		0	324.45D	8	9.57q	219.16q	193.49Q	1			0		369.75Q				0	46148	1235187	83546	118748	0			1.24M			328091			0	968	1168	710		2d 17h 6m 34s	8	12	9		12.32B				0			0	6.14s		20.48M	Scatter	521.15s		481382					0	5						263.78D					0					30.55M	585.44s	1471	282823	0	3246	13h 9m 0s	6041		514.8s	540	20.17K		0		3290		894.35Q			89K	16.62S		352352	309456	7.32D			0	11	9833	1598776			3297			9805		2273
2025-10-25	15:37:00		tournament	24	Oct 25, 2025 15:37			0		74443		41.77s	142		0	629.32M	535.6M	923			1.76s					35.2B	0	1.19B		30.61B	791.78M	123.17M	2.31B	0		0	19.4B		0		0	0		0	368.81s	8	823.63T	1.38q	9.87q	0			83.23s		1.35Q				6605	7479	38266	380	6674	0			38.34K			15620			0	528	491	605		7h 15m 29s	2	0	0		64.45M				0			0	16.15Q		2.32M	Basic	256.19Q		34574					0	0						212.12s					0					1.42M	23.05s	155	11126	0	31	1h 48m 52s	692		18.93s	0	1.55K		0		36		1.47Q			10.19K	0		21549	15884	6.61s			0	11	95	118545			28			854		0
2025-10-25	10:42:00		farm		Oct 25, 2025 10:42			30		579602		52.24D	755		21	33.56B	22.48B	183.12K			0					12.13T	28.1B	206.6B		10.63T	620.57B	24.95B	590.95B	0		0	926.92B		0		0	48		0	304.48D	8	10.1q	216.11q	190.76Q	1			0		1.31s				0	62252	1207211	84527	117202	205295			1.21M			328470			0	581	610	702		2d 17h 40m 36s	6	20	21		12.82B				0			0	50.13s		20.47M	Scatter	3.2S		475593					0	10						245.14D					0					30.2M	3.62S	1467	281264	1	3193	13h 5m 28s	6054		3.18S	700	18.27K		0		3281		9.34s			88.96K	0		349822	309378	7.1D			0	11	9769	1599921			3295			9781		2252
2025-10-24	21:40:00		farm		Oct 24, 2025 21:40			27		558980		36.17D	740		21	3.9B	1.9B	184.06K			0					11.3T	28.36B	192.38B		9.9T	576.97B	23.07B	548.58B	0		0	877.12B		0		0	24		0	238.78D	8	3.46q	199.35q	175.98Q	0			0		3.6s				0	49860	1149424	83628	113358	181218			1.15M			312910			0	700	623	696		2d 15h 41m 19s	6	0	33		11.43B				0			0	46.72s		20.37M	Ray	3.16S		461258					19.31T	0						197.34D					0					29.5M	3.33S	1484	269454	2	3191	12h 52m 51s	5996		2.93S	520	19.05K		0		3259		8.52s			88.52K	0		335932	296113	5.27D			0	11	9669	1537612			3219			9735		2244
2025-10-24	08:46:00		farm		Oct 24, 2025 08:46			27		568402		32.31D	743		48	67.86B	46.86B	179.86K			8.82S					11.37T	26.07B	196.34B		9.95T	586.94B	23.71B	560.79B	0		0	886.37B		0		5	27		0	211.56D	8	11.78q	256.54q	184.89Q	2			0		1.46s				0	43580	1182839	83471	115246	169560			1.18M			318550			0	703	910	767		2d 15h 49m 6s	10	20	30		12.21B				0			0	55.75s		20.29M	Scatter	4.32S		471977					19.31T	10						173.99D					0					29.27M	4.63S	1441	273982	1	3176	12h 49m 48s	5939		4.1S	620	19.2K		0		3296		7.06s			87.28K	0		341904	302456	5.26D			0	11	9710	1565320			3238			9678		2218
2025-10-23	17:37:00		farm		Oct 23, 2025 17:37			21		548634		7.75D	720		33	10.56B	6.68B	176.1K			3.16S					11.29T	27.23B	192.13B		9.89T	579.7B	23.24B	548.1B	0		0	918.4B		0		5	24		0	50.83D	8	9.83q	178.54q	117.07Q	4			0		735.03Q				0	61464	1096739	76675	109676	161341			1.1M			302351			0	956	1109	713		2d 11h 49m 52s	6	1	36		11.85B				0			0	18.04s		19.52M	Scatter	4.1S		444405					19.31T	5						41.89D					0					27.78M	4.24S	1410	261816	0	2956	12h 17m 23s	5738		3.76S	520	17.37K		0		3090		3.53s			84K	0		328115	287329	1.19D			0	11	9149	1495476			3103			9322		2143
2025-10-23	04:49:00		farm		Oct 23, 2025 04:49			21		333030		1.99N	422		9	1.85B	896.88M	81.27K			400.79s					5.84T	13.89B	88.06B		5.2T	263.91B	10.84B	250.1B	0		0	813.58B		0		0	6		0	12.76N	8	7.96q	92.64q	60.69Q	3			1.57s		171.17Q				11527	5931	627657	34983	55922	0			628K			139960			0	644	624	712		1d 11h 2m 18s	6	19	6		5.15B				0			0	8.38s		11.5M	Scatter	162.94s		236026					19.31T	5						10.45N					0					17.52M	267.73s	830	117964	0	1215	7h 10m 33s	3408		237.71s	368	9.83K		0		1239		327.97Q			49.47K	0		167512	137550	316.65O			0	12	3711	767944			1257			5482		1253
2025-10-22	15:11:00		tournament	19	Oct 22, 2025 15:11			0		48433		1.79s	135		0	346.16M	282.32M	594			59.53s					13.6B	0	454.8M		12.02B	334.13M	25.21M	702.51M	0		0	7.94B		0		0	0		0	93.89s	8	1.19q	1.41q	6.82q	0			3.47s		200.52q				467	1435	10437	187	5816	0			29.95K			9803			0	511	444	555		6h 51m 13s	2	0	0		28.79M				0			0	6.7Q		2.2M	Fast	40.72Q		23121					19.17T	0						24.17s					0					1.31M	3.56s	150	6843	0	25	1h 42m 48s	657		2.61s	0	2.09K		0		27		6.36Q			9.57K	0		8457	9709	1.31s			0	11	81	75964			29			815		4
2025-10-22	12:22:00		farm					27		560924		16.52D	734		21	16.13B	10.42B	179.41K			53.08s					11.54T	27.07B	195.88B		10.12T	591.04B	23.62B	557.65B	0		0	918.99B		0		4	36		0	109.61D	8	10.61q	227.39q	149.13Q	3			4.23N		258.56Q				256	42680	1184398	82080	112491	0			1184895			314746			0	998	1069	720		2d 14h 7m 11s	5	0	18		12.09B				0			0	7.2s		19.67M	Scatter	459.97s		465027					13.84T	1						90.54D					0					29.6M	528.57s	1419	270711	0	3077	12h 33m 34s	5833		465.44s	680	18.16K		0		3221		1.22s			85.88K	14.57S		336053	298211	2.54D			0	11	9441	1543769			3143			9521		2181
2025-10-22	00:30:00		farm		Oct 22, 2025 00:30			21		557966		13.31D	723		30	12.81B	8.07B	175.71K			0					11.52T	26.98B	196.53B		10.09T	593.93B	23.68B	561.76B	0		0	935.89B		0		3	24		0	82.52D	8	1.36q	197.94q	129.94Q	0			0		250.26Q				0	44829	1172625	79175	110830	0			1.17M			311270			0	998	1049	731		2d 12h 46m 6s	10	20	21		11.81B				0			0	6.91s		19.48M	Ray	458.55s		460028					13.84T	9						67.35D					0					29.38M	513.86s	1409	266755	0	3047	12h 18m 27s	5828		453.12s	600	16.7K		0		3104		1.07s			85.04K	14.4S		336022	293562	1.85D			0	11	9323	1525463			3172			9447		2178
2025-10-21	11:46:00		farm		Oct 21, 2025 11:46			33		556120		12.76D	731		42	21.02B	14.02B	175.69K			0					10.98T	26.14B	189.5B		9.6T	566.3B	22.99B	542.02B	0		0	884.18B		0		3	30		0	82.01D	8	5.87q	205.11q	134.48Q	0			0		332.78Q				0	53997	1152610	83015	112497	0			1.15M			309533			0	612	577	702		2d 13h 55m 7s	8	10	24		12.17B				0			0	33.14s		19.51M	Scatter	472.58s		453904					13.84T	3						67.33D					0					29.03M	534.51s	1408	265415	2	3075	12h 24m 49s	5902		470.25s	560	18.71K		0		3135		1.06s			84.4K	0		334874	292828	1.92D			0	11	9336	1520184			3126			9461		2177
2025-10-20	23:19:00		farm		Oct 20, 2025 23:19			18		531686		15.7D	732		24	65.24B	44.28B	176.32K			6.25S					11T	30.41B	189.38B		9.62T	573.81B	22.7B	541.55B	0		0	903.1B		0		1	21		0	98.85D	8	9.85q	222.23q	145.6Q	2			122.54N		3.02s				55498	40445	1057803	78726	106399	164513			1.06M			300238			0	570	622	715		2d 12h 14m 57s	10	10	33		11.58B				12.56B			0	33.6s		19.62M	Scatter	3.96S		443551					13.84T	7						80.58D					0					28.61M	4.55S	1420	258381	1	3064	12h 11m 6s	5870		4.04S	760	18.94K		0		3144		5.88s			0	0		317699	283737	2.44D			0	11	9419	1470843			3211			9520		2195
2025-10-20	09:15:00		farm		Oct 20, 2025 09:15			24		523509		14.3D	731		27	17.17B	11.34B	178.43K			28.3s					10.88T	26.87B	185.4B		9.53T	558.57B	22.52B	529.76B	0		0	861.49B		0		4	21		0	88.36D	8	8.18q	220.92q	145.09Q	2			0		228.32Q				0	36875	1108861	83898	107943	0			1.11M			293823			0	951	1008	762		2d 14h 34m 53s	6	15	27		11.45B				12.19B			0	29.81s		19.61M	Scatter	429.45s		436233					13.73T	9						71.9D					0					29.29M	518.75s	1416	251800	1	3136	12h 38m 0s	5894		456.97s	680	16.26K		0		3102		1.14s			0	0		319992	277025	2.16D			0	11	9363	1442302			3125			9490		2171
2025-10-19	20:34:00		farm		Oct 19, 2025 20:34			15		520604		10.09D	711		27	6.44B	3.73B	170.31K			0					10.97T	27.6B	187.86B		9.6T	565.36B	22.77B	536.57B	0		0	917.43B		0		0	33		0	61.71D	8	6.31q	194.97q	128.05Q	1			0		1.92s				0	45107	1099367	79796	106432	162248			1.1M			291668			0	998	1200	793		2d 10h 49m 34s	10	5	27		11.95B				12.98B			0	36.77s		19.24M	Scatter	2.66S		430033					13.73T	1						50.1D					0					29.1M	2.97S	1395	251228	1	3002	11h 57m 43s	5771		2.62S	620	14.06K		0		3077		6.02s			0	0		317134	274614	1.52D			0	11	9113	1431995			3034			9327		2145
2025-10-19	08:10:00		farm		Oct 19, 2025 08:10			48		527884		17.83D	729		36	13.47B	8.42B	175.69K			0					9.22T	23.46B	159.09B		8.08T	465.47B	19.41B	448.1B	0		0	670.96B		0		5	39		0	106.78D	8	8.14q	219.35q	142.16Q	1			0		255.23Q				0	36852	1118304	81093	108781	0			1.12M			299297			0	998	1124	810		2d 15h 22m 26s	7	20	27		10.15B				9.9B			0	6.55s		19.57M	Scatter	421.36s		442633					13.73T	10						86.5D					0					29.31M	523.19s	1412	257248	0	3098	13h 44m 36s	5800		460.17s	580	17.15K		0		3087		1.04s			0	16.25S		316571	283043	2.45D			0	11	9392	1463287			3207			9486		2181
2025-10-18	18:40:00		farm		Oct 18, 2025 18:40			0		111555		149.83s	142		0	3.8B	2.49B	6.51K			0					208.38B	463.36M	3.32B		195B	2.21B	395.45M	6.49B	0		0	68.8B		0		0	3		0	958.11s	8	683T	1.59q	38.41q	0			0		8.88Q				0	5034	108027	1013	12754	0			108.15K			28393			0	753	601	743		12h 6m 54s	3	0	6		198.12M				678.33M			0	77.23Q		3.86M	Fast	664.33Q		59133					13.73T	0						768.01s					0					3.9M	28.06s	268	22286	0	128	3h 1m 43s	1134		24.4s	46	3.53K		0		108		8.68Q			0	0		40558	29754	11.45s			0	12	347	195938			111			1882		439
2025-10-18	15:10:00		milestone		Oct 18, 2025 15:10			0		10874		726.25S	38		0	32.07M	18.13M	385			223.28Q					13.48B	0	173.71M		12.78B	143.35M	20.82M	334.92M	0		0	17.94B		0		0	0		51.11s	4.04O	8	1.52q	298.13T	23.2q	3			388.24S		372.81q				1184	0	12956	108	1297	0			16.48K			2175			0	226	210	263		3h 0m 20s	1	0	0		7.78M				0			0	662.72q		773.52K	Scatter	7.28Q		5136					6.4T	0						2.84O					0					1.13M	31.74S	55	1430	0	2	45m 5s	163		609.09Q	0	917		0		3		135.74q			0	0		3285	2132	56.91S			0	15	8	16772			3			400		90
2025-10-18	13:11:00		tournament	16	Oct 18, 2025 13:11			0		51224		164.39s	159		0	414.72M	340.06M	831			877.01s					13.35B	0	442.76M		11.79B	339.39M	24.44M	695.53M	0		0	6.58B		0		0	0		14.93Q	1.37S	8	13.71q	1.06q	17.87q	0			179.87s		1.43Q				2398	3581	1951	161	4812	0			24.8K			10520			0	624	497	688		8h 6m 56s	2	0	0		26.26M				0			1.79T	34.48Q		2.56M	Ranged	344.3Q		24606					0	0						67.62s					0					1.1M	57.81s	177	8157	0	37	2h 1m 45s	788		38.33s	0	2.55K		0		48		7.5Q			0	0		8068	11137	22.05s			0	11	122	82936			37			965		4
2025-10-18	10:01:00		farm		Oct 18, 2025 10:01			48		653521		2.77aa	924		42	7.68B	4.42B	212.6K			158.27s					12.42T	30.29B	243.74B		10.65T	732.97B	29.47B	693.88B	0		0	757.82B		0		4	36		0	16.7aa	8	5.51q	223.9q	146.99Q	0			0		952Q				0	95372	1381313	107196	131502	227889			1.38M			401456			0	645	727	777		3d 8h 7m 25s	8	20	36		14.32B				14.12B			0	48.48s		24.55M	Scatter	3.44S		562825					0	10						13.51aa					0					34.93M	3.72S	1799	347354	2	4033	16h 23m 27s	7365		3.27S	624	18.16K		0		4268		7.45s			0	0		437189	377619	414.35D			0	10	12454	1911195			4153			11916		2754
2025-10-17	17:35:00		farm		Oct 17, 2025 17:35			27		489538		977.82N	665		33	68.84B	45.55B	153.81K			0					9.94T	25.71B	169.03B		8.7T	511.54B	20.61B	482.2B	0		0	853.35B		0		1	18		0	5.79D	8	4.8q	94.18q	61.75Q	0			935.36M		85.42Q				64	33672	1012357	69077	90221	0			1.01M			267064			0	652	641	778		2d 9h 43m 59s	10	0	42		9.42B				12.85B			0	1.62s		18.01M	Scatter	352.03s		400018					0	0						4.68D					0					26.65M	426.99s	1299	228675	1	2656	11h 38m 40s	5424		375.64s	720	16.85K		0		2769		258.56Q			0	4.12S		296380	252205	135.43N			0	11	8202	1322709			2777			8746		2024
2025-10-17	08:50:00		farm		Oct 17, 2025 08:50			21		329458		9.1N	443		27	23.01B	15.52B	93.39K			5.39s					6.37T	16.57B	95.23B		5.67T	286.49B	11.79B	270.22B	0		0	815.91B		0		4	15		0	53.25N	8	5.55q	159.28q	104.43Q	0			0		106.26Q				0	4762	653359	37509	54245	0			653.72K			144865			0	581	585	740		1d 12h 47m 52s	4	20	39		5.53B				9.95B			0	2.18s		11.93M	Scatter	133.4s		241338					180.06B	10						42.79N					0					19.02M	222.12s	864	123075	0	1409	7h 48m 11s	3556		195.83s	184	9.69K		0		1373		361.27Q			0	5.33S		173593	142716	1.36N			0	12	4219	783558			1437			5803		1350
2025-10-16	21:56:00		farm		Oct 16, 2025 21:56			30		326196		6.01N	442		27	13.69B	9.06B	89.32K			73.39s					5.88T	15.35B	88.23B		5.24T	261.14B	10.95B	245.71B	0		0	772.02B		0		1	12		0	35.32N	8	11.99q	159.75q	104.42Q	4			0		146.54Q				0	4887	646311	36178	55280	0			646.65K			142540			0	597	567	737		1d 12h 26m 54s	9	0	15		5.19B				7.98B			0	2.1s		11.82M	Scatter	135.2s		238232					0	0						28.41N					0					18.92M	214.42s	840	121257	1	1362	7h 36m 39s	3469		189.51s	506	11.24K		0		1405		311.56Q			0	7.58S		171003	140020	901.1O			0	12	4138	773391			1371			5721		1311
2025-10-16	13:44:00		farm		Oct 16, 2025 13:44			42		514810		7.98D	721		30	7.5B	4.42B	171.8K			1.41S					10.74T	27B	181.81B		9.41T	549.71B	22.12B	519.63B	0		0	875.7B		0		4	30		0	49.27D	8	5.4q	204.06q	134.04Q	0			0		547.96Q				0	36512	1070185	73608	96275	0			1.07M			286700			0	714	750	787		2d 13h 7m 41s	5	20	27		10.49B				13.72B			0	34.57s		19.17M	Scatter	536.23s		425741					200.26T	10						40.06D					0					28.06M	655.33s	1385	246675	1	2974	12h 15m 40s	5764		581.93s	700	15.68K		0		2965		1.45s			0	0		311909	272093	1.22D			0	11	9037	1411132			3098			9305		2150
2025-10-16	01:35:00		farm		Oct 16, 2025 01:35			0		81591		119.5S	183		0	2.04B	1.79B	8.84K			8.7s					145.6B	0	3.55B		129.06B	3.3B	440.15M	8.71B	0		0	37.94B		0		0	0		5.75s	719.62S	8	36.21q	6.86q	758.22q	59			0		15.16Q				0	120	133816	4622	10548	0			133.99K			21449			0	658	825	867		17h 43m 0s	1	0	0		215.81M				0			0	23.15Q		4.91M	Scatter	554.37Q		45693					200.26T	0						582.32S					0					6.39M	5.06S	275	16858	0	156	3h 50m 16s	1463		97.55s	0	3.16K		0		166		7.32Q			0	0		32071	22131	12.72S			0	13	478	147821			156			1834		0
2025-10-15	21:33:00		farm		Oct 15, 2025 21:33			0		35239		163.29s	84		0	345.81M	288.43M	940			1.52s					65.32B	0	1.58B		57.42B	2.81B	194.35M	3.08B	0		0	33.72B		0		0	0		18.49Q	1.06S	8	51.86T	165.01T	4.18q	0			0		2.63Q				0	74	47519	273	3819	0			47.6K			7225			0	576	590	653		8h 19m 11s	1	0	0		89.91M				0			0	1.71Q		2.27M	Scatter	71.01Q		17526					6.42T	0						860.95s					0					2.11M	23.91s	121	5529	0	17	1h 56m 12s	694		12.35s	0	1.51K		0		21		940.15q			0	0		12288	7640	8.58s			0	13	56	56504			18			850		0
2025-10-15	19:23:00		farm		Oct 15, 2025 19:23			48		646830		1.73aa	899		45	24.62B	15.51B	208.45K			1.42S					12.09T	31.04B	237.68B		10.36T	721.27B	28.79B	676.04B	0		0	769.14B		0		3	45		0	10.39aa	8	7.03q	214.9q	141.1Q	1			0		388.26Q				0	102414	1346448	93286	124637	0			1.35M			395421			0	578	711	795		3d 6h 52m 5s	9	20	39		13.25B				13.83B			0	8.79s		24.25M	Scatter	791.98s		550414					6.42T	10						8.42aa					0					34.16M	897.07s	1770	342062	2	4002	15h 43m 12s	7168		794.71s	528	18.53K		0		3980		1.82s			0	35.46S		428702	372687	240.16D			0	10	12160	1877965			4178			11792		2741
2025-10-15	03:56:00		farm		Oct 15, 2025 03:56			0		39002		10.91s	652		0	318.83M	242.99M	763			280.79s					6.99B	0	219M		6.19B	185.47M	12.81M	350.62M	0		0	3.69B		0		0	0		7.11Q	477.13s	8	574.98T	1.07q	4.33q	0			5.8s		822.51q				133	3492	13905	101	3720	0			15.94K			12763			0	581	491	614		7h 34m 55s	3	0	0		11.9M				0			0	12.12Q		2.4M	Boss	64.39Q		22377					6.42T	0						128.67s					0					507.93K	32.27s	521	8935	0	33	1h 53m 43s	771		9.87s	0	6.41K		0		34		27.97Q			0	0		5187	13275	18.59s			0	11	100	76268			33			902		4
2025-10-15	01:54:00		farm		Oct 15, 2025 01:54			0		37771		11.4s	590		0	188.79M	154.69M	691			220.07s					16.96B	0	401.56M		15.5B	334.39M	21.44M	646.75M	0		0	9.23B		0		0	0		1.33Q	334.32s	8	364.26T	1.13q	4.36q	0			14.49s		1.78Q				339	3557	5945	76	3474	0			7.15K			12253			0	555	526	644		7h 21m 4s	2	0	0		21.3M				0			1.38T	10.01Q		2.31M	Ranged	62.1Q		21500					5.69T	0						55.28s					0					474.85K	21.08s	509	8403	0	31	1h 50m 16s	700		7.6s	0	6.2K		0		33		8.71Q			0	0		6303	12459	11.92s			0	11	96	73071			32			870		0
2025-10-14	17:39:00		farm					12		117525		1.49N	190		0	11.18B	7.69B	25.69K			0					1.67T	3.92B			1.54T	45.19B	2.37B	52.35B			0					0	12		0	4.86N	8	5.1q	26.4q	14.91Q	2			0		5.79Q				0	9	225327	6895								39120			0	1038	1200	784		14h 6m 59s	3	0	12		1.06B							0	75.34Q		4.52M	Scatter	845.19Q		73169					5.69T	0						3.25N										8.23M	17.45s	333	31873	0	250	3h 4m 0s	1347		15.33s	196	4.76K				213		6.77Q				0			40546	121.18O			0	14	692	236284			229			2192		504
2025-10-14	13:45:00		farm					9		223768		3.25N	299		15	9.68B	6.51B	49.04K			0					3.94T	10.53B			3.58T	144.48B	6.31B	142.97B			0					0	21		0	18.85N	8	5.42q	95.3q	62.39Q	0			0		74.29Q				0	180	445836	19717								81231			0	710	684	841		1d 0h 46m 33s	5	0	12		2.83B							0	2.34s		7.99M	Scatter	32.3s		147156					4.67T	0						15.14N										13.87M	279.36s	572	67049	0	667	5h 13m 44s	2390		246.56s	275	8.66K				636		500.25Q				0			81956	461.44O			0	13	1995	474530			692			3881		896
2025-10-14	08:18:00		farm					21		419803		1.44D	579		42	20.39B	13.55B	152.81K			0					10.13T	26.36B			9.04T	447.58B	18.4B	423.98B			0					4	27		0	8.7D	8	4.9q	204.4q	134.03Q	0			0		132.73Q				0	10198	927200	64695								219081			0	607	533	753		2d 1h 49m 3s	5	16	30		9.16B							0	12.88s		15.76M	Scatter	184.5s		340665					4.67T	7						7.06D										25.98M	242.75s	1163	187603	0	2285	10h 6m 23s	4705		214.34s	575	12.67K				2345		511.66Q				0			211040	196.08N			0	12	7011	1107674			2381			7639		1756
2025-10-13	19:49:00		farm					33		407017		20.06O	555		21	15.81B	10.38B	82.95K			0					4.83T	11.76B			4.1T	296.27B	12.57B	293.93B			0					1	9		0	181.5O	8	1.34q	98.91q	3.23Q	2			0		68.97Q				0	115835	553700	63691								198160			0	972	955	838		1d 22h 0m 18s	6	2	30		5.3B							0	10.53s		14.75M	Fast	155.27s		280193					0	2						139.65O										16.03M	208.28s	1052	168302	0	1782	9h 24m 19s	4261		183.5s	448	10.94K				1741		291.24Q				0			189190	21.79O			0	10	5225	1017941			1702			7156		1652
2025-10-13	09:54:00		farm					18		415180		27.94O	560		9	7.01B	4.53B	85.45K			0					4.78T	11.5B			4.05T	299.21B	12.34B	294.26B			0					1	24		0	256.97O	8	1.05q	113.02q	3.64Q	0			0		231.7Q				0	99795	561389	66210								201454			0	1006	1018	847		1d 22h 44m 15s	2	5	15		5.26B							4.01T	13.43s		14.85M	Ranged	869.9s		291785					0	3						199.22O										16.78M	963.96s	1066	171005	1	1752	9h 53m 35s	4288		848.1s	432	10.21K				1817		1.79s				0			193542	29.8O			0	10	5308	1039299			1739			7187		1645
2025-10-13	00:05:00		farm					30		416827		31.97O	559		30	67.07B	45.01B	85.94K			0					4.94T	12.12B			4.19T	309.98B	12.91B	303.31B			0					4	39		0	293.87O	8	1.09q	111.94q	3.61Q	0			0		91.97Q				0	82021	573292	61272								204513			0	1038	1200	823		1d 23h 17m 3s	8	15	18		5.67B							0	1.54s		15.03M	Fast	161.31s		299990					0	7						227.94O										16.55M	212.42s	1080	174380	1	1804	9h 39m 41s	4311		187.17s	272	11.46K				1820		229.05Q				4.55S			195512	33.95O			0	10	5415	1049590			1791			7277		1668
2025-10-12	14:17:00		farm					15		309357		578.44S	402		12	38.47B	26.06B	56.07K			0					3.6T	9.44B			3.11T	199.3B	8.57B	197.99B			0					2	18		0	5.43O	8	923.37T	74.47q	2.47Q	0			7.44B		37.54Q				65	26866	427791	36125								123972			0	692	904	818		1d 9h 25m 44s	7	0	0		3.73B							0	3.94s		10.86M	Tank	51.72s		206664					0	0						4.29O										13.44M	94.7s	765	103884	0	969	6h 47m 6s	3198		83.92s	380	8.84K				1046		136.54Q				0			122466	553.98S			0	11	3046	693763			1031			5264		1209
2025-10-12	07:20:00		farm					33		417322		34.26O	556		9	1.8B	606.08M	83.99K			0					4.88T	11.13B			4.15T	295.35B	12.37B	293.68B			0					2	12		0	314O	8	1.14q	114.82q	3.71Q	1			0		174.95Q				0	77590	575650	65187								203924			0	759	877	839		1d 23h 12m 45s	5	20	18		5.41B							0	13.36s		14.97M	Fast	873.5s		302118					0	10						243.12O										17.2M	961.12s	1074	174435	2	1717	9h 37m 6s	4250		844.24s	336	9.64K				1846		1.55s				0			196153	36.61O			0	10	5288	1050182			1725			7263		1675
2025-10-11	08:42:00		farm					24		404812		13.73O	542		27	17.48B	11.7B	81.38K			0					4.75T	12.11B		98.28B	4.03T	294.23B	12.12B	287.27B		0	0		7.59B		0	1	21		0	123.31O	8	1q	95.61q	2.99Q	0			0		114.49Q				0	45722	555070	5743								193401			0	1038	1200	780		1d 21h 16m 3s	2	20	15		5.13B			0				0	2.19s		14.46M	Tank	83.48s		296749					0	8						95.22O	558.13K					0				16.79M	225.26s	1045	164377	0	99	9h 16m 13s	4148		198.84s	224	8.41K			0	107		329.84Q				4.82S			185327	14.36O			0	10	322	1002361			116			7024		1628
2025-10-10	17:18:00		farm					12		405340		14.67O	536		18	5.55B	3.33B	80.35K			2.73S					4.68T	11.52B		96.51B	3.98T	286.36B	11.78B	280.41B		0	0		6.46B		0	2	24		0	128.33O	8	1.1q	96.65q	3.02Q	0			0		427.13Q				0	64064	526453	44111								195740			0	754	728	791		1d 21h 29m 48s	10	0	18		5.17B			0				0	16.84s		14.54M	Basic	733.12s		292921					0	0						98.78O	529.37K					0				16.16M	1.39S	1043	164829	0	792	9h 32m 37s	4178		1.23S	192	9.66K			0	842		2.24s				0			187350	14.88O			0	10	2401	1009405			767			7056		1629
2025-10-10	07:13:00		farm					15		304349		576.13S	406		12	48.16B	32.92B	53.76K			0					3.7T	9.25B		67.67B	3.21T	196.6B	8.53B	197.06B		0	0		7.6B		0	1	9		0	5.2O	8	1.09q	83.59q	2.61Q	5			0		331.63Q				0	24147	402232	30418								121036			0	1038	1200	815		1d 9h 23m 46s	4	16	6		3.62B			0				3.79T	6.52s		10.82M	Ranged	251.49s		204257					0	10						4.07O	404.39K					0				12.39M	653.96s	760	101867	1	979	6h 53m 4s	3139		578.21s	340	7K			0	1026		744.71Q				0			120068	560.41S			0	11	3015	680978			1010			5252		1211
2025-10-09	16:49:00		farm					36		407684		20.76O	545		21	6.12B	3.59B	81.46K			20.46s					4.6T	11.67B		96.26B	3.9T	285.47B	11.85B	280.26B		0	0		7.37B		0	3	18		0	195.11O	8	1.07q	115.17q	3.57Q	0			0		70.12Q				0	47362	572465	62313								196798			0	1038	1200	839		1d 21h 59m 5s	7	0	18		4.97B			0				3.79T	11.35s		14.67M	Ranged	88.32s		298624					0	0						150.83O	575.51K					0				17.15M	231.17s	1047	166451	2	1722	9h 19m 39s	4185		204.08s	400	10.4K			0	1648		371.11Q				0			188603	23.53O			0	10	5149	1012216			1779			7114		1640
2025-10-08	16:46:00		farm					36		409365		19.73O	546		24	2.73B	1.18B	83.09K			5.22M					4.61T	11.19B		97.1B	3.91T	284.94B	11.99B	280.68B		0	0		7.15B		0	4	18		0	185.39O	8	1.12q	111.64q	3.48Q	2			0		206.61Q				0	78653	555291	59742								198210			0	1038	1121	793		1d 22h 4m 28s	9	1	27		5.31B			0				0	13.23s		14.72M	Scatter	567.95s		292174					0	0						144.18O	558.41K					0				16.93M	1.07S	1057	168604	0	1760	9h 23m 17s	4244		940.65s	400	10.16K			0	1730		1.84s				0			189777	21.48O			0	10	5258	1021118			1768			7130		1635
2025-10-07	17:58:00		farm					24		372029		1.36O	495		48	43.84B	29.11B	67.34K			0					4.13T	10.33B		86.55B	3.5T	256.15B	10.8B	250.5B		0	0		7.2B		0	0	21		0	12.28O	8	1.16q	44.68q	1.38Q	0			0		27.76Q				0	51883	475028	46775								167577			0	1038	1200	826		1d 17h 20m 28s	5	0	21		4.58B			0				0	2.65s		13.28M	Scatter	69.54s		259614					4.75T	0						9.48O	477.58K					0				14.33M	164.82s	932	141664	2	1442	8h 26m 33s	3800		145.62s	608	8.36K			0	1419		89.05Q				0			161944	1.44O			0	10	4240	888965			1379			6446		1489
2025-10-07	09:30:00		farm					18		407740		17.24O	545		18	3.8B	2.21B	80.97K			0					4.66T	12.98B		98.74B	3.94T	294.23B	12.19B	287.92B		0	0		7.31B		0	3	27		0	155.6O	8	1.02q	100.33q	3.13Q	0			0		95.67Q				0	48591	576365	53274								195538			0	1038	1200	814		1d 21h 44m 4s	2	0	24		5.19B			0				0	2.18s		14.57M	Fast	91.86s		298747					0	7						120.81O	579.28K					0				16.99M	215.66s	1024	166226	0	1744	9h 19m 59s	4246		190.54s	416	9.85K			0	1667		316.94Q				4.65S			187853	17.55O			0	10	5042	1010761			1631			7049		1612
2025-10-06	23:14:00		farm					21		407021		13.13O	544		15	9.64B	5.73B	79.45K			0					4.55T	10.98B		96.26B	3.85T	284.91B	11.82B	279.55B		0	0		7.46B		0	2	18		0	127.87O	8	974.06T	102.68q	3.18Q	0			0		80.5Q				0	53456	566351	61548								196867			0	645	594	775		1d 21h 16m 12s	7	20	18		4.93B			0				0	9.91s		14.54M	Fast	91.04s		297786					0	3						99.2O	569.8K					0				16.43M	211.2s	1048	167063	1	1633	9h 35m 53s	4212		186.71s	336	10.02K			0	1690		298.83Q				0			188006	15.55O			0	10	5059	1012870			1736			7042		1615
2025-10-06	12:43:00		farm					21		408751		14.92O	542		12	10.77B	6.68B	79.53K			0					4.35T	10.53B		91.99B	3.68T	270.43B	11.27B	268.64B		0	0		6.9B		0	1	51		0	136.73O	8	1.05q	101.57q	3.16Q	1			0		357.41Q				0	94210	540230	57928								197594			0	718	767	774		1d 21h 46m 1s	9	17	18		4.73B			0				3.67T	12.25s		14.59M	Ranged	537.21s		285241					0	10						106.19O	543.11K					0				15.97M	999.63s	1044	167218	0	1668	9h 44m 40s	4211		878.6s	256	9.01K			0	1675		1.62s				0			188522	15.63O			0	10	5108	1015931			1765			7066		1620
2025-10-06	10:40:00		farm					18		408871		18.05O	547		15	27.35B	18.39B	82.86K			0					4.7T	12.65B		97.15B	4T	284.68B	12.06B	283.55B		0	0		7.22B		0	4	15		0	166.73O	8	1.01q	113.38q	3.53Q	0			0		118.6Q				0	73162	579675	64791								199365			0	601	747	755		1d 22h 19m 21s	3	3	6		5.32B			0				0	10.89s		14.7M	Fast	91.53s		294308					0	0						128.79O	582.69K					0				17.15M	194.04s	1058	168456	0	1687	9h 31m 16s	4283		171.65s	272	8.59K			0	1711		292.15Q				0			190223	19.89O			0	10	5160	1021295			1762			7131		1643
2025-10-05	14:59:00		farm					42		408711		17.52O	548		21	24.22B	16.5B	82.58K			0					4.91T	13.57B		103.61B	4.16T	307.79B	12.87B	302.11B		0	0		7.64B		0	5	21		0	160.6O	8	1.03q	105.42q	3.28Q	0			0		154.09Q				0	91791	562701	53411								198086			0	1024	746	774		1d 22h 11m 17s	7	14	33		5.47B			0				0	2.16s		14.72M	Fast	97s		287867					0	7						124.61O	565.79K					0				16.17M	222.4s	1051	168127	0	1615	9h 29m 38s	4225		196.4s	512	7.79K			0	1581		305.31Q				4.95S			189815	18.47O			0	10	4855	1018798			1659			7122		1626
2025-10-04	17:55:00		farm					9		406887		15.74O	546		27	12.07B	7.7B	81.17K			14M					4.4T	12.22B		91.87B	3.75T	266.16B	11.34B	261.7B		0	0		6.61B		0	1	33		0	144.78O	8	995.17T	96.76q	3.03Q	2			0		99.48Q				0	82309	556634	52625								196766			0	638	695	790		1d 20h 38m 31s	10	0	9		4.97B			0				0	2.15s		14.56M	Fast	93.81s		289817					0	0						112.88O	559.97K					0				16M	211.93s	1045	167016	2	1723	9h 11m 45s	4222		187.06s	368	9.34K			0	1679		345.36Q				4.77S			188811	16.16O			0	10	5098	1013202			1696			7063		1628
2025-10-04	08:20:00		tournament	19				0		36673		60.53Q	120		0	250.69M	201.58M	609			13.23s					5.98B	0		206.06M	5.2B	172.36M	14.76M	350.04M		0	0		0		0	0	0		2.82q	15.47s	8	1.06q	1.35q	6.08q	0			81.2Q		71.29q				60	383	5331	38								7264			0	482	462	469		6h 7m 44s	2	0	0		14.82M			0				0	1.27Q		1.92M	Basic	3.29Q		17550					0	0						927.58Q	24.34K					0				1.16M	1.09s	125	5103	0	23	1h 31m 55s	568		658.07Q	0	801			0	22		389.48q				0			7361	73.95Q			0	11+	73	57379			28			725		3
2025-10-03	15:30:00		farm					36		395666		9.64O	526		15	12.31B	7.74B	78.47K			0					4.46T	11.74B		93.27B	3.78T	275.77B	11.63B	272.21B		0	0		7.21B		0	3	15		0	88.47O	8	1.18q	91.05q	2.88Q	5			0		76.45Q				0	58760	550206	51933								187618			0	941	1092	898		1d 20h 17m 2s	5	0	30		5.13B			0				0	1.9s		14.22M	Fast	84.61s		283127					829.55B	0						68.72O	553.53K					0				16.37M	192.49s	1030	158917	0	1585	9h 2m 33s	4110		170.1s	288	7.75K			0	1637		312.44Q				4.04S			178909	10.1O			0	10	4833	973503			1611			6894		1586
2025-10-03	04:44:00		farm					15		304952		395.18S	396		21	11.8B	7.83B	48.67K			549.47q					3.32T	8.15B		61.75B	2.87T	180.98B	7.63B	180.23B		0	0		6B		0	2	18		0	3.7O	8	835.25T	73.01q	2.27Q	0			0		469.75Q				0	34151	387272	29312								119876			0	800	716	787		1d 9h 4m 6s	8	20	24		3.29B			0				0	6.31s		10.66M	Fast	258.88s		199630					829.55B	10						2.9O	389.6K					0				12.51M	705.33s	743	101331	0	971	6h 54m 17s	3073		620.3s	460	6.78K			0	980		1.25s				0			118918	404.89S			0	11	2950	677553			999			5167		1187
2025-10-02	17:56:00		farm					24		398329		13.25O	540		21	6.33B	3.94B	82.69K			559.87s					4.39T	11.28B		93.51B	3.72T	275.2B	11.49B	273.26B		0	0		7.25B		0	1	27		0	121.27O	8	1.01q	97.77q	3.07Q	1			0		136.92Q				0	48513	532716	57868								190376			0	1198	1069	827		1d 21h 14m 48s	8	0	21		5.02B			0				0	12.26s		14.53M	Fast	118.56s		291335					829.55B	0						93.09O	536.1K					0				16.2M	256.49s	1025	161470	1	1765	9h 22m 37s	4203		228.53s	368	9.48K			0	1657		481.3Q				0			182403	14.93O			0	10	5073	985670			1651			7037		1614
2025-10-02	07:05:00		farm					24		408117		13.66O	547		24	11.78B	7.64B	80.05K			896.57s					4.17T	9.63B		88.54B	3.52T	263.9B	10.52B	258.86B		0	0		6.71B		0	4	33		0	149.71O	8	994.7T	84.38q	2.71Q	0			35.43O		253.94Q				216680	67004	399569	41582								200013			0	679	509	773		1d 21h 43m 58s	1	20	30		4.39B			0				3.59T	4.38s		14.61M	Ranged	622.66s		295627					829.55B	10						86.3O	402.43K					0				15.01M	1.31S	1043	169184	1	1726	9h 20m 30s	4303		1.16S	336	7.88K			0	1667		688.42Q				0			189837	14.31O			0	10	5153	1021121			1760			7101		1645
2025-10-01	20:21:00		tournament	23				0		45225		2.07s	142		0	322.43M	259.3M	542			207.92s					6.46B	0		217.99M	5.63B	189.87M	16.77M	376.95M		0	0		0		0	0	0		1.17Q	248.7s	8	673.85T	947.29T	4.08q	0			7.47s		671.81q				729	1840	11425	33								9307			0	544	538	544		7h 15m 59s	3	0	0		12.94M			0				0	7.82Q		2.29M	Boss	17.95Q		21559					829.55B	0						19.51s	16.96K					0				976.25K	10.13s	160	6565	0	30	1h 48m 59s	690		6.1s	0	1.19K			0	24		7.34Q				0			9355	1.58s			0	11+	86	71560			32			864		4
2025-10-01	16:00:00		farm					33		402050		10.94O	542		24	18.06B	11.6B	80.47K			0					4.5T	11.23B		95.64B	3.81T	284.02B	11.81B	279.47B		0	0		7.57B		0	2	12		0	101.28O	8	891.61T	92.21q	2.83Q	0			0		78.85Q				0	56260	541767	51949								192534			0	822	836	770		1d 21h 5m 40s	8	0	27		5.13B			0				3.59T	1.95s		14.37M	Ranged	88.11s		291970					0	0						79.05O	544.74K					0				15.84M	208.48s	1024	164623	1	1712	9h 27m 30s	4111		183.27s	416	7.96K			0	1646		287.61Q				4.12S			185329	11.28O			0	10	4995	997735			1637			6991		1625
2025-10-01	06:22:00		farm					24		400251		11.37O	540		27	34.4B	22.82B	79.98K			0					4.89T	11.65B		101.22B	4.16T	299.86B	12.61B	295.5B		0	0		7.9B		0	3	42		0	104.61O	8	946.59T	89.67q	2.79Q	0			0		68.92Q				0	70286	554671	51699								192436			0	1198	1320	830		1d 21h 16m 0s	2	20	27		5.64B			0				0	1.79s		14.39M	Scatter	82.15s		285169					0	10						81.5O	557.59K					0				16.09M	181.16s	1023	162701	0	1575	9h 19m 56s	4160		159.91s	336	7.88K			0	1545		235.35Q				3.91S			184550	11.74O			0	10	4699	992108			1579			6985		1614
2025-09-30	18:30:00		farm					21		401023		10.25O	531		33	17.31B	11.29B	77.52K			1.17Q					4.38T	11.4B		94.2B	3.7T	279.18B	11.62B	272.92B		0	0		6.93B		0	2	30		0	91.77O	8	981.78T	94.08q	2.92Q	0			0		263.07Q				0	65807	531868	56324								191245			0	1198	1320	842		1d 21h 3m 34s	7	0	18		5.05B			0				3.59T	10.25s		14.33M	Ranged	442.03s		287451					0	0						70.91O	534.67K					0				16.08M	857.89s	1024	162696	0	1603	9h 17m 4s	4153		752.98s	256	9.57K			0	1622		1.5s				0			184394	10.61O			0	10	4865	991328			1640			6946		1595
2025-09-30	08:24:00		farm					24		402960		13.28O	537		36	28.26B	19.08B	79.28K			490.04s					4.44T	11.82B		94.68B	3.76T	268.17B	11.88B	276.83B		0	0		7.12B		0	2	30		0	123.59O	8	1.03q	95.98q	2.98Q	2			0		267.49Q				0	57541	556251	57382								194539			0	813	833	759		1d 21h 25m 48s	2	12	24		5.27B			0				3.59T	11.8s		14.51M	Ranged	495.39s		291634					0	6						95.73O	559.37K					0				16.35M	921.52s	1039	163814	2	1683	9h 24m 10s	4218		813.21s	336	8.11K			0	1634		1.34s				0			186065	14.58O			0	10	5029	999704			1712			7020		1603
2025-09-29	18:44:00		farm					18		396305		17.59O	543		18	22.87B	14.96B	83.5K			0					4.64T	11.43B		96.57B	3.94T	285.84B	12.11B	280.61B		0	0		7.88B		0	0	15		0	157.5O	8	920.66T	92.93q	2.91Q	0			0		118.54Q				0	61774	565723	34523								189207			0	1212	1146	898		1d 21h 6m 50s	7	0	18		5.16B			0				0	8.57s		14.45M	Fast	77.29s		285969					0	0						121.35O	569.09K					0				17.13M	168.14s	1022	159568	0	617	9h 8m 2s	4187		148.92s	288	6.99K			0	659		286.7Q				0			181501	18.55O			0	10	1882	980046			606			7003		1610
2025-09-29	09:14:00		farm					39		393195		12.03O	525		30	9.13B	5.75B	78.67K			2.37M					4.37T	11B		92.61B	3.7T	273.89B	11.5B	270.49B		0	0		6.85B		0	2	15		0	113.93O	8	956.38T	82.32q	2.55Q	1			0		44.69Q				0	54389	556457	63061								184340			0	1159	801	896		1d 20h 13m 38s	2	4	21		5.02B			0				0	8.2s		14.1M	Scatter	69.87s		282097					28.03T	0						88.66O	559.66K					0				16.93M	155.5s	1007	157094	0	1613	9h 5m 36s	4064		137.61s	256	8.42K			0	1592		242.48Q				0			178368	13.24O			0	10	4782	963766			1577			6868		1604
2025-09-29	00:06:00		farm					15		296737		368.67S	388		9	9.8B	6.26B	47.37K			1.03S					3.07T	7.57B		56.7B	2.67T	160.7B	7.11B	164.43B		0	0		5.77B		0	3	15		0	3.4O	8	830.82T	58.65q	1.82Q	0			0		207.61Q				0	19070	380780	25512								115963			0	1298	1320	907		1d 8h 13m 38s	7	16	18		3.06B			0				0	5.49s		10.41M	Scatter	269.44s		196831					28.03T	10						2.67O	383.04K					0				11.71M	645.15s	725	97177	0	922	6h 39m 4s	3030		574.49s	460	7.18K			0	935		839.19Q				0			114012	362.9S			0	11	2763	655007			906			5037		1152
2025-09-28	17:18:00		farm					9		302264		577.15S	389		27	25.45B	17.62B	52.06K			280.25s					3.33T	9.07B		61.72B	2.88T	179.96B	7.86B	180.4B		0	0		6.2B		0	0	21		0	5.36O	8	789.78T	66.47q	2.09Q	0			0		415.6Q				0	20076	409788	29840								118327			0	823	878	873		1d 8h 41m 3s	8	0	15		3.38B			0				0	4.95s		10.58M	Scatter	204s		201347					28.03T	0						4.25O	412.44K					0				12.71M	523.63s	744	99434	1	949	6h 48m 53s	3048		464.33s	380	7.44K			0	937		691.62Q				0			117355	539.41S			0	11	2862	668102			976			5129		1179
2025-09-28	10:23:00		farm					6		103423		481.34s	156		6	6.21B	4.25B	7.8K			0					789.14B	2.19B		12.81B	701.75B	33.15B	1.81B	35.48B		0	0		2.63B		0	0	6		0	3.54S	8	766.66T	3.65q	111.93q	0			0		7.66Q				0	1970	115872	1408								26310			0	795	831	892		13h 2m 51s	3	0	12		715.74M			0				0	70.45Q		4.17M	Tank	372.81Q		55613					28.03T	0						2.93S	116.71K					0				4.5M	36.85s	281	20787	0	123	2h 57m 55s	1202		32.64s	184	3.24K			0	123		4.31Q				19.19s			27266	67.7s			0	12	396	182256			150			2022		461
2025-09-28	07:09:00		farm					18		374061		1.77O	494		27	42.91B	28.27B	65.52K			0					3.95T	9.22B		81.39B	3.37T	236.95B	10.04B	237.18B		0	0		5.74B		0	4	24		0	16.07O	8	877.95T	43.41q	1.35Q	0			0		106.03Q				0	85601	460804	45284								169124			0	1294	1320	919		1d 17h 20m 52s	1	13	9		4.38B			0				0	2.41s		13.31M	Basic	329.9s		251133					27.75T	6						12.41O	463.69K					0				14.16M	671.59s	942	142657	1	1407	8h 25m 16s	3853		591.24s	448	7.53K			0	1382		340.21Q				0			162992	1.89O			0	10	4164	893815			1375			6445		1478
2025-09-27	22:23:00		farm					6		296536		413.01S	387		18	9.27B	6.05B	52.16K			0					3.66T	8.57B		66.63B	3.18T	195.07B	8.42B	194.53B		0	0		6.82B		0	1	15		0	3.81O	8	853.5T	61.5q	1.92Q	1			0		55.82Q				0	23170	395613	25309								116892			0	1174	918	865		1d 8h 31m 1s	6	7	9		3.52B			0				0	812.71Q		10.53M	Scatter	34.76s		197494					27.75T	4						3.02O	397.78K					0				12.48M	114.06s	744	98472	0	938	6h 42m 24s	3000		100.83s	380	7.27K			0	956		137.5Q				1.46S			116073	370.27S			0	11	2853	659562			959			5103		1172
2025-09-27	15:07:00	Hit Amplifying Strike Ancestral, Rolled Dim Core ancestral effects (Chain dmg + quant at anc, chance at mythic)	tournament	20				0		68352		4.36s	143		0	555.46M	456.86M	745			351.91s					9.63B	0		326.49M	8.4B	264.62M	21.38M	567.46M		0	0		0		0	0	0		112.92q	423.23s	8	3.76q	737.14T	6.51q	1			0		306.71q				0	2340	12565	344								14528			0	527	521	553		7h 15m 18s	2	0	0		19.12M			0				1.32T	14.9Q		2.29M	Ranged	52.25Q		33404					27.75T	0						44.85s	19.32K					0				966.13K	13.57s	157	10684	0	24	1h 49m 8s	689		8.93s	0	1.62K			0	40		2.77Q				0			15063	8.47s			0	11+	100	110227			36			860		1
2025-09-27	09:25:00	BH Cooldown dropped to 100s	farm					33		402028		16.97O	541		15	3.18B	1.72B	81.63K			0					4.52T	10.64B		96.75B	3.82T	283.18B	12.07B	282.44B		0	0		6.9B		0	3	30		0	155.91O	8	945.34T	96.5q	3Q	0			0		86.38Q				0	67705	570345	62685								193274			0	1148	1195	872		1d 21h 27m 10s	5	7	21		5.24B			0				0	7.48s		14.48M	Fast	63.72s		289766					0	3						120.9O	573.49K					0				16.86M	152.23s	1041	164026	0	1612	9h 12m 51s	4210		134.46s	208	7.52K			0	1690		227.72Q				0			185905	18.05O			0	10	5020	998963			1718			7035		1628
2025-09-26	13:47:00		farm					24		386393		4.16O	519		18	29.14B	19.17B	72.26K			66.5Q					3.93T	9.01B		82.17B	3.34T	242.94B	10.28B	242.68B		0	0		5.78B		0	4	21		0	63.77O	8	1.01q	141.7q	3.96Q	0			0		91.65Q				0	55284	573696	82123								179428			0	1298	1320	1098		1d 18h 57m 41s	4	3	24		4.14B			0				3.52T	5.98s		13.83M	Ranged	311.56s		273399					0	3						46.73O	576.32K					0				13.94M	598.84s	986	151865	0	1458	8h 57m 7s	4009		530.6s	432	7.9K			0	1511		958.86Q				0			173159	12.88O			0	10	4498	939263			1529			6728		1565
2025-09-26	04:43:00		farm					24		388627		4.49O	520		24	3.8B	2.11B	74.74K			139.85s					4.08T	8.84B		85.53B	3.46T	255.13B	10.67B	253.97B		0	0		6.42B		0	1	15		0	66.19O	8	1.11q	145.22q	4.06Q	1			0		102.87Q				0	57414	582714	84217								181264			0	1020	858	1033		1d 19h 22m 44s	4	17	12		4.25B			0				0	7.56s		13.93M	Fast	62.77s		276000					0	7						48.01O	585.14K					0				14.2M	141.33s	996	153215	1	1564	8h 59m 8s	4002		126.33s	352	7.59K			0	1538		241.31Q				0			174368	13.69O			0	10	4624	947121			1522			6761		1562
2025-09-25	16:11:00		farm					15		388373		4.47O	520		21	6B	3.52B	75.54K			15.75s					4.08T	9.29B		86.38B	3.45T	254.98B	10.9B	255.68B		0	0		6.71B		0	1	15		0	64.2O	8	1.05q	138.5q	3.87Q	0			0		57.91Q				0	73930	594794	88335								181392			0	1202	1119	1003		1d 19h 29m 39s	8	2	33		4.28B			0				3.52T	6.59s		13.92M	Ranged	53.6s		271041					0	0						46.8O	597.22K					0				14.74M	120.45s	992	153396	0	1508	8h 59m 4s	3981		107.43s	400	7.56K			0	1548		238.28Q				0			174240	12.93O			0	10	4621	946972			1565			6753		1556
2025-09-24	15:57:00		farm					15		388572		4.11O	525		12	9.15B	5.77B	75.31K			29.1Q					4.12T	10.29B		87.28B	3.48T	254.57B	10.51B	259.2B		0	0		6.18B		0	1	9		0	64.22O	8	895.74T	142.45q	4Q	0			0		50.78Q				0	40938	607250	93641								181593			0	914	931	997		1d 19h 38m 18s	10	0	30		4.45B			0				0	6.94s		14.02M	Fast	50.2s		280859					14.51T	0						47.12O	609.7K					0				15.01M	120.33s	992	154073	1	1529	8h 51m 50s	4044		107.21s	256	7.8K			0	1602		233.82Q				0			174496	12.99O			0	10	4716	949842			1585			6785		1550
2025-09-24	06:43:00		farm					21		390405		4.49O	527		27	26.36B	17.78B	72.77K			1.72S					4.16T	9.43B		87.45B	3.52T	260.21B	10.38B	259.99B		0	0		6.6B		0	3	9		0	67.26O	8	888.4T	140.25q	3.92Q	0			0		259.92Q				0	51728	561361	79177								183234			0	1023	1042	1025		1d 19h 26m 0s	4	20	33		4.37B			0				0	10.6s		13.94M	Fast	447.76s		280259					14.51T	10						49.3O	563.85K					0				13.07M	823.45s	1006	154823	1	1532	8h 53m 25s	4070		734.29s	368	8.15K			0	1576		1.57s				0			176230	13.47O			0	10	4585	955733			1477			6767		1563
2025-09-23	20:56:00		tournament	23				0		49943		653.34Q	761		0	408.56M	319.89M	690			71.5s					9.56B	0		309.23M	8.33B	256.3M	39.51M	575.15M		0	0		0		0	0	0		150.3q	111.71s	8	884.04T	1.66q	6.72q	0			8.37s		635.24q				1065	2624	12242	347								16143			0	488	474	480		6h 39m 11s	2	0	0		18.4M			0				0	9.3Q		2.08M	Fast	34.5Q		28944					14.51T	0						15.36s	12.74K					0				947.04K	12.52s	634	10859	0	22	1h 39m 47s	613		8.04s	0	5.61K			0	27		1.73Q				0			16390	3.26s			0	11+	82	95622			33			786		3
2025-09-23	18:56:00		farm					30		392023		4.18O	515		24	32.47B	21.56B	73.48K			0					4.14T	9.86B		87.15B	3.51T	259.2B	10.48B	258.94B		0	0		6.59B		0	0	36		0	63.27O	8	860.51T	143.72q	4.01Q	1			0		48.89Q				0	69692	601189	74106								183417			0	1298	1420	1053		1d 19h 21m 48s	9	0	18		4.35B			0				3.42T	1.29s		13.91M	Ranged	52.84s		273959					0	0						46.35O	603.92K					0				13.96M	124.81s	997	155468	0	1561	8h 50m 31s	3956		110.58s	384	9.01K			0	1540		757.42q				4.05S			175180	12.74O			0	10	4607	955662			1506			6736		1545
2025-09-23	10:02:00		farm					27		392619		3.74O	521		18	12.29B	7.57B	74.15K			0					4.12T	10B		86.36B	3.5T	251.33B	10.36B	253.62B		0	0		6.58B		0	3	15		0	56.66O	8	886.05T	135.36q	3.77Q	1			0		40.73Q				0	40388	614181	74298								184014			0	1298	1420	1004		1d 19h 37m 37s	3	4	27		4.44B			0				3.42T	1.09s		13.92M	Ranged	50.69s		284995					0	4						41.94O	616.59K					0				14.11M	115.63s	985	156123	1	1542	8h 58m 41s	4025		102.9s	320	8.56K			0	1537		163.17Q				3.9S			177218	10.98O			0	10	4603	959486			1524			6738		1541
2025-09-23	00:49:00		farm					27		388215		4.93O	513		21	7.64B	4.85B	72.75K			0					4.05T	8.7B		86.31B	3.42T	252.79B	10.47B	256.42B		0	0		6.34B		0	3	24		0	73.97O	8	814.04T	134.64q	3.76Q	0			0		45.94Q				0	38904	617816	72688								180838			0	964	1084	1023		1d 19h 4m 18s	8	16	33		4.52B			0				0	1.22s		13.83M	Scatter	48.53s		281338					0	6						54.65O	620.36K					0				14.33M	114.84s	992	153026	0	1496	8h 59m 30s	3953		102.32s	400	8.1K			0	1520		0				4S			174116	14.39O			0	10	4506	945154			1490			6706		1544
2025-09-22	15:31:00		farm					15		386655		2.63O	511		18	7.36B	4.48B	71.15K			0					3.83T	9.22B		81.82B	3.23T	241.54B	9.83B	241.26B		0	0		5.89B		0	1	24		0	42.23O	8	811.23T	127.52q	3.55Q	0			0		64.14Q				0	45207	607827	70218								178591			0	1001	1058	1096		1d 18h 36m 27s	8	0	15		4.3B			0				0	1.15s		13.66M	Scatter	45.01s		275645					0	0						31.45O	610.42K					0				14.13M	104.64s	978	150932	0	1484	8h 41m 7s	3969		93.11s	384	8.01K			0	1449		998.08T				3.56S			171566	8.15O			0	10	4416	934952			1483			6631		1531
2025-09-22	06:05:00		farm					12		387732		3.57O	510		33	10.96B	7.07B	74.26K			326.83K					4.04T	9.45B		86.74B	3.41T	256.36B	10.47B	257.56B		0	0		6.63B		0	3	27		0	52.27O	8	859.61T	133.12q	3.72Q	0			0		47.42Q				0	43603	598263	87096								180188			0	1266	1213	1020		1d 19h 11m 50s	5	20	24		4.26B			0				0	6.27s		13.85M	Fast	48.97s		278031					0	10						38.13O	600.76K					0				14.52M	110.24s	991	152515	2	1457	8h 58m 56s	4029		98.3s	416	8.5K			0	1468		0				0			172564	10.57O			0	10	4554	940626			1629			6714		1545
2025-09-21	18:50:00		farm					21		390699		3.89O	516		21	16.96B	11.19B	73.44K			46.36s					4.13T	10.37B		88.19B	3.49T	262.8B	10.59B	261.86B		0	0		6.82B		0	3	27		0	58.02O	8	918.31T	134.56q	3.76Q	2			0		57.61Q				0	66839	587493	72454								183040			0	1006	1007	1054		1d 19h 12m 12s	8	0	27		4.57B			0				0	1.24s		13.87M	Fast	51.98s		274643					0	0						42.77O	590.05K					0				13.79M	125.2s	1000	154872	0	1548	8h 49m 29s	4019		110.84s	352	7.82K			0	1547		37.81Q				4.27S			175270	11.35O			0	10	4584	953931			1489			6734		1556
2025-09-21	09:53:00	with new cannon module AS	farm					18		391332		4.72O	520		15	23.25B	15.59B	74.36K			0					4.01T	9.52B		86.18B	3.38T	256.12B	10.27B	254.45B		0	0		5.91B		0	2	6		0	70.82O	8	895.5T	137.48q	3.84Q	0			0		55.63Q				0	44859	619885	64554								184561			0	1253	1266	991		1d 19h 50m 47s	7	20	15		4.3B			0				0	1.16s		14.03M	Fast	47.22s		284181					0	10						52.27O	622.7K					0				14.9M	111.27s	1004	156751	0	785	9h 2m 52s	4056		99.01s	240	8.48K			0	811		0				4.1S			177703	13.82O			0	10	2393	961083			797			6809		1573
2025-09-20	18:43:00	with new cannon module AS	tournament	14				0		39611		195.36Q	128		0	199.26M	152.39M	665			22.85s					4.91B	0		161.88M	4.25B	151.17M	20.91M	300.48M		0	0		0		0	0	0		104.14q	42.52s	8	997.65T	1.12q	5.01q	0			0		114.2q				0	234	9332	147								7902			0	448	469	458		6h 29m 0s	2	0	0		8.3M			0				0	1.85Q		2.05M	Fast	7.21Q		19104					7.26T	0						12.9s	21.95K					0				1.52M	5.69s	141	5516	0	20	1h 37m 22s	627		4.32s	0	1.28K			0	21		655.36q				0			8011	871.73Q			0	11+	68	62007			27			775		7
2025-09-20	12:20:00	End card: UW Crit	farm					15		386174		3.44O	514		33	10.49B	6.81B	74.46K			2.03s					3.8T	8.82B		80.96B	3.21T	239.65B	9.44B	240.2B		0	0		6.5B		0	3	18		0	53.25O	8	893.96T	139.44q	3.89Q	0			0		9.02Q				0	34859	585067	100201								180170			0	884	908	1000		1d 19h 21m 12s	7	0	21		4.22B			0				0	783.87Q		13.83M	Fast	6.37s		281175					123.43B	0						38.96O	587.54K					0				13.1M	83.9s	992	152896	0	1494	8h 50m 10s	3948		72.73s	272	7.82K			0	1451		8.63Q				0			173980	10.85O			0	10	4502	939914			1557			6720		1558
2025-09-20	03:23:00	End card: Range	farm					24		387049		4.63O	512		21	5.38B	3.13B	74.85K			308.03Q					3.65T	8.1B		77.4B	3.09T	229.04B	9.3B	229.86B		0	0		6.56B		0	2	27		0	65.51O	8	872.64T	168.66q	4.42Q	0			0		3Q				0	30047	496526	97620								181621			0	1122	1252	1036		1d 19h 31m 8s	8	20	15		3.96B			0				0	59.78Q		13.88M	Basic	5.83s		284766					123.43B	10						47.74O	498.26K					0				14.19M	111.49s	998	154644	0	1492	9h 6m 6s	3975		96.42s	224	7K			0	1531		0				136.86s			173520	13.14O			0	10	4594	946062			1571			6737		1557
2025-09-19	16:36:00	End card: slow	farm					33		388094		3.53O	514		6	2.47B	1.18B	75.42K			10.26s					3.73T	8.57B		80.92B	3.14T	239.04B	9.38B	238.68B		0	0		6.07B		0	2	9		0	55.62O	8	865.09T	136.77q	3.65Q	1			0		4.19Q				0	30723	608765	80046								181662			0	1213	1385	1063		1d 18h 59m 17s	8	0	39		4.17B			0				3.35T	66.89Q		13.8M	Ranged	7.81s		282564					123.43B	0						41.84O	611.29K					0				12.8M	110.44s	982	153222	0	1499	8h 46m 15s	3965		96.93s	352	7.21K			0	1514		0				305.83s			173258	10.25O			0	10	4508	944539			1495			6692		1541
2025-09-19	07:22:00		farm					27		349417		231.55S	468		15	67.87B	46.08B	59.59K			8.86s					3.22T	7.32B		67.92B	2.73T	199.44B	7.93B	201.87B		0	0		5.54B		0	1	9		0	3.36O	8	688.12T	56.57q	1.49Q	0			0		2.96Q				0	51867	467710	29433								151537			0	856	918	954		1d 14h 55m 40s	2	20	12		3.34B			0				0	247.97Q		12.57M	Basic	5.71s		237067					0	10						2.45O	469.79K					0				10.62M	76.05s	903	128033	1	281	8h 0m 13s	3604		66.69s	224	8K			0	287		0				0			147562	683.02S			0	10	886	817210			318			6100		1409
2025-09-18	20:10:00		farm					18		388523		3.8O	527		18	10.74B	6.97B	77.03K			0					3.65T	8.97B		77.89B	3.09T	226.09B	9.1B	231.21B		0	0		5.81B		0	2	15		0	55.92O	8	811.46T	126.15q	3.39Q	0			0		2.96Q				0	27205	613339	79175								181426			0	1027	1276	1000		1d 19h 27m 29s	7	1	21		4.05B			0				3.35T	54.05Q		13.9M	Ranged	5.22s		285668					96.99B	0						42.09O	615.74K					0				13.23M	85.12s	993	153812	1	1469	9h 16m 8s	3956		73.72s	384	9.55K			0	1597		0				231.32s			174193	10.03O			0	10	4590	948848			1524			6739		1551
2025-09-17	19:02:00		milestone					0		7132		88.42s	33		0	35.05M	27.86M	117			50.71s					3.53B	0		81.97M	3.21B	76.52M	11.65M	140.88M		0	0		0		0	0	0		35.07Q	682.83s	8	522.32T	273.7T	1.51q	2			0		535.77q				0	2	3741	116								1137			0	194	189	177		2h 56m 42s	0	0	0		2.06M			0				0	1.17Q		799.34K	Basic	8.64Q		3251					37.45T	0						354.23s	7.29K					0				776.13K	150.18s	38	660	0	2	44m 10s	232		110.17s	0	400			0	1		496.73q				0			1082	39.24s			0	14	4	10116			1			303		0
2025-09-17	17:58:00		farm					36		382123		3.63O	521		9	7.48B	4.69B	78.46K			12.12s					3.81T	8.84B		83.32B	3.2T	247.29B	9.82B	246.66B		0	0		6.6B		0	2	42		0	53.54O	8	794.86T	125.49q	3.37Q	0			0		4.32Q				0	34596	570409	81551								176667			0	1119	985	993		1d 19h 18m 28s	8	0	9		4.19B			0				3.35T	349.32Q		13.91M	Ranged	7.82s		276823					47.06B	0						39.77O	572.95K					0				12.63M	114.6s	1002	150236	1	1567	8h 51m 9s	4001		100.77s	256	9.65K			0	1512		12.99Q				0			170172	10.13O			0	10	4594	927965			1515			6748		1555
2025-09-17	08:09:00		farm					15		389011		3.89O	517		15	10.66B	6.4B	77.1K			177.14Q					3.6T	7.62B		78.02B	3.04T	224.47B	9.1B	231.9B		0	0		5.59B		0	2	15		0	56.33O	8	808.91T	132.35q	3.54Q	0			0		2.9Q				0	30103	602125	94202								181675			0	1298	1720	994		1d 19h 23m 15s	2	20	21		4.07B			0				3.35T	270.55Q		13.89M	Ranged	5.41s		284710					47.06B	10						41.89O	604.34K					0				13.28M	85.05s	980	153092	1	1566	9h 4m 29s	3930		73.7s	224	8.08K			0	1557		251.64q				0			174674	10.54O			0	10	4584	948354			1461			6745		1562
2025-09-16	22:57:00		tournament	18				0		38667		173.71Q	125		0	220.97M	167.95M	484			12.63s					5.05B	0		173.06M	4.36B	154.34M	20.21M	315.59M		0	0		0		0	0	0		74.95q	32.2s	8	815.1T	1.1q	4.72q	0			0		102.66q				0	174	10359	34								7737			0	465	453	490		6h 24m 59s	2	0	0		9.84M			0				0	923.21q		2.01M	Fast	4.07Q		18744					47.06B	0						11.23s	20.95K					0				1.43M	7.98s	138	5380	0	31	1h 36m 16s	611		5.79s	0	2.13K			0	20		675.18q				0			8030	184.19Q			0	11+	66	60743			15			760		5
2025-09-16	17:41:00		farm					18		388643		3.71O	515		12	34.3B	22.67B	77.17K			595.49Q					3.65T	8.66B		80.58B	3.06T	237.2B	9.12B	239.13B		0	0		5.85B		0	4	24		0	56.16O	8	844.36T	124.95q	3.37Q	0			0		2.6Q				0	41891	611871	72731								181469			0	1298	1509	1010		1d 19h 29m 57s	10	20	24		3.92B			0				0	51.64Q		13.85M	Ray	5.48s		280517					0	10						42.75O	614.44K					0				12.89M	83.95s	989	153384	1	1492	9h 1m 27s	3941		73.49s	416	8.19K			0	1508		786.62q				242.22s			174266	9.7O			0	10	4504	945683			1504			6721		1551
2025-09-16	07:57:00		farm					15		392432		4.44O	521		18	3.98B	1.82B	76.09K			0					3.61T	7.46B		79.23B	3.04T	231.76B	8.83B	235.38B		0	0		5.4B		0	2	12		0	67.63O	8	775.48T	137.08q	3.68Q	0			0		3.09Q				0	32193	595859	85883								184219			0	1000	1146	1002		1d 19h 46m 32s	1	20	12		3.74B			0				3.35T	57.7Q		13.97M	Ranged	5.31s		287298					0	10						51.4O	598.28K					0				12.9M	81.81s	1001	155695	0	1511	9h 2m 51s	3997		70.79s	240	9.17K			0	1534		0				215.64s			176469	11.8O			0	10	4594	957585			1549			6784		1569
2025-09-15	12:57:00		farm					18		387363		4.9O	529		18	27.72B	18.37B	81.64K			306.85Q					3.63T	8.37B		79.33B	3.05T	229.36B	8.95B	235.23B		0	0		5.73B		0	2	18		0	69.6O	8	903.35T	139.62q	3.76Q	0			0		2.52Q				0	43758	608473	90337								180277			0	1043	1113	1025		1d 19h 50m 18s	9	6	30		3.87B			0				0	260.29Q		14.05M	Fast	5.25s		279908					0	4						51.08O	611.2K					0				13.73M	67.55s	998	153183	0	1532	9h 4m 39s	4036		59.11s	288	8.07K			0	1585		313.38q				0			174135	13.62O			0	10	4732	945100			1615			6808		1562
2025-09-15	03:51:00		farm					21		388846		4.02O	510		12	15.96B	10.39B	77.31K			0					3.54T	8.23B		78.41B	2.97T	229.08B	8.78B	233.2B		0	0		5.83B		0	2	3		0	61.96O	8	788.99T	136.76q	3.59Q	0			2.86s		3.08Q				320	41707	595410	79260								180231			0	1298	1621	1017		1d 19h 19m 53s	6	14	18		3.83B			0				0	279.87Q		13.81M	Scatter	5.82s		279138					0	8						46.76O	597.88K					0				12.9M	81.85s	991	153192	0	1023	8h 49m 46s	3951		71s	272	8.59K			0	1038		0				0			174331	11.17O			0	10	3146	943673			1085			6711		1555
2025-09-14	07:15:00		farm					3		391368		3.05O	516		9	12.97B	8.61B	72.84K			46.46s					3.14T	6.74B		70.66B	2.63T	207.96B	7.6B	210.16B		0	0		5.6B		0	2	24		0	60.47O	8	798.7T	118.09q	3.17Q	0			14.55O		20.53Q				224045	38402	442842	56932								184377			0	901	1141	1098		1d 19h 32m 11s	1	20	18		3.06B			0				0	352.14Q		13.86M	Fast	41.51s		286075					0	8						33.27O	444.91K					0				11.86M	482.51s	982	156132	1	1503	9h 2m 40s	3955		420.51s	256	7.03K			0	1530		56.43Q				0			177462	9.61O			0	10	4525	958551			1492			6712		1540
2025-09-13	07:36:00		farm					36		388657		3.77O	517		12	3.6B	2.02B	77.91K			0					3.64T	7.28B		80.18B	3.06T	232.47B	9.06B	238.1B		0	0		5.49B		0	4	18		0	59.31O	8	1.01q	120.47q	3.25Q	1			0		2.61Q				0	38810	618987	74114								181706			0	832	1247	988		1d 19h 36m 22s	8	14	24		3.7B			0				3.35T	51.65Q		13.87M	Ranged	5.63s		281751					457.49B	10						45.16O	621.22K					0				12.99M	86.07s	994	153438	1	1481	9h 10m 51s	4020		75.46s	336	7.04K			0	1541		5.95q				226.95s			175251	10.38O			0	10	4556	948071			1534			6734		1556
2025-09-12	15:33:00		farm					15		387687		3.64O	521		18	40.53B	26.27B	78K			7Q					3.57T	7.5B		77.84B	3.01T	224.15B	8.41B	231.28B		0	0		5.64B		0	0	15		0	54.76O	8	836.18T	125.89q	3.38Q	1			0		11.88Q				0	27663	596398	75126								181950			0	1037	1485	1003		1d 19h 42m 11s	4	20	18		3.66B			0				0	329.13Q		13.9M	Fast	32.48s		284840					0	9						41.09O	598.78K					0				12.64M	406.11s	986	153908	2	1024	8h 58m 37s	3973		354.23s	240	8.33K			0	1035		0				0			174038	10.03O			0	10	3107	947044			1048			6745		1557
2025-09-11	22:57:00		farm					24		388435		3.5O	520		36	12.47B	8.23B	74.42K			0					3.06T	6.35B		70.44B	2.57T	193.21B	7.59B	209.17B		0	0		5.01B		0	1	27		0	53.86O	8	808.77T	140.01q	3.72Q	0			0		2.39Q				0	26619	596145	91868								181337			0	1282	1183	1037		1d 19h 11m 27s	1	0	6		3.39B			0				3.28T	49.73Q		13.52M	Ranged	4.88s		284320					0	0						39.76O	598.48K					0				13.01M	69.97s	983	154027	0	1498	8h 52m 58s	3963		60.75s	240	8.79K			0	1460		0				188.11s			174402	10.59O			0	10	4495	945305			1537			6696		1534
2025-09-11	07:07:00		farm					12		391128		3.52O	527		15	3.92B	2.23B	74.74K			0					3.4T	7.15B		75.95B	2.85T	221.9B	8.15B	224.95B		0	0		4.97B		0	1	21		0	54.02O	8	836.63T	138.41q	3.71Q	0			0		2.85Q				0	32682	603991	90792								182749			0	1220	1051	975		1d 19h 35m 58s	2	20	15		3.59B			0				0	55.46Q		13.63M	Fast	5.29s		285975					13.5T	10						40.71O	606.47K					0				13.05M	76.92s	1006	154535	0	1479	8h 57m 31s	3972		66.49s	448	8.15K			0	1585		0				202s			176030	9.79O			0	10	4661	954839			1597			6762		1557
2025-09-10	21:41:00		farm					30		353180		235.03S	463		9	7.57B	4.8B	60.82K			0					3T	6.3B		66.66B	2.52T	196.51B	7.22B	198.29B		0	0		5.26B		0	0	18		0	3.49O	8	714.74T	49.9q	1.34Q	0			0		2.2Q				0	27587	516539	48578								152718			0	1298	1820	1126		1d 14h 29m 1s	0	0	27		3.08B			0				3.28T	33.97Q		12.14M	Ranged	3.67s		245838					13.48T	0						2.66O	518.58K					0				10.52M	69.53s	879	128489	1	1217	7h 58m 5s	3491		60.92s	128	7.83K			0	1193		0				149.18s			148541	594.89S			0	10	3600	821970			1190			6008		1371
2025-09-09	23:27:00		tournament	18				0		39867		217.98Q	128		0	223.14M	171.25M	677			31.06s					4.53B	0		156.24M	3.9B	143.32M	16.74M	287.35M		0	0		0		0	0	0		75.22q	47.41s	8	873.49T	1.19q	5.07q	0			0		164.44q				0	1075	10205	351								8159			0	483	454	503		6h 34m 45s	2	0	0		8.88M			0				0	2.08Q		2.01M	Fast	5.93Q		19085					13.19T	0						7.07s	15.58K					0				965.64K	7.62s	146	5646	0	32	1h 38m 55s	609		5.61s	0	1.62K			0	26		1.53Q				0			8047	1.43s			0	11+	81	62854			23			777		3
2025-09-09	21:27:00		farm					21		380561		2.51O	507		9	14.81B	9.83B	71.84K			0					2.95T	6.23B		66.94B	2.48T	182.62B	7.29B	197.8B		0	0		4.43B		0	1	15		0	37.67O	8	721.34T	117.63q	3.01Q	0			0		2.57Q				0	25662	595453	80203								174322			0	1052	1229	1061		1d 18h 20m 47s	3	5	18		3.17B			0				0	243.73Q		13.28M	Basic	4.56s		276221					0	0						28.25O	597.59K					0				13M	74.36s	965	147701	0	1405	8h 51m 23s	3923		64.97s	432	6.67K			0	1514		0				0			167393	6.91O			0	10	4350	918172			1431			6595		1527
2025-09-08	16:44:00		farm					15		381377		3.33O	518		9	24.62B	16.27B	72.71K			0					3.03T	6.36B		69.85B	2.53T	197.76B	7.46B	205.45B		0	0		5.12B		0	0	15		0	49.72O	8	833.91T	127.98q	3.28Q	0			0		15.91Q				0	33542	576813	77002								176553			0	890	1097	1015		1d 19h 14m 41s	10	0	24		3.15B			0				3.28T	314.28Q		13.5M	Ranged	29.85s		276952					0	0						37.04O	579.24K					0				12.86M	382.79s	998	149314	2	1436	9h 39m 42s	3965		331.48s	240	7.79K			0	1558		0				0			169612	9.35O			0	10	4519	926713			1525			6704		1547
2025-09-08	05:35:00		farm					27		385763		3.29O	510		0	27.04B	18.1B	73.34K			0					3.13T	6.7B		71.32B	2.62T	204.92B	7.38B	207.19B		0	0		5.04B		0	5	9		0	49.21O	8	765.35T	124.97q	3.2Q	0			0		14.22Q				0	31726	598696	78224								180163			0	870	1065	999		1d 18h 57m 39s	5	20	18		3.38B			0				0	315.18Q		13.5M	Basic	31.92s		281744					234.41B	10						37.06O	601.08K					0				12.96M	364.22s	974	151947	0	1490	8h 52m 10s	3967		316.46s	352	7.28K			0	1522		193.42B				0			172301	8.86O			0	10	4512	938714			1500			6690		1537
2025-09-07	18:51:00		farm					21		384373		2.63O	508		12	13.23B	8.46B	72.71K			1.44M					3.27T	7.84B		73.29B	2.74T	209.54B	7.54B	218.13B		0	0		5.64B		0	2	15		0	41.04O	8	734.03T	120.83q	3.09Q	1			0		11.76Q				0	32607	595177	76475								178339			0	872	1063	975		1d 18h 10m 47s	10	0	21		3.02B			0				0	308.93Q		13.38M	Fast	34.48s		280105					234.41B	0						31.05O	597.9K					0				12.94M	369.64s	989	151800	1	1497	8h 41m 33s	3916		321.45s	256	8.26K			0	1476		0				0			172617	7.36O			0	10	4445	934796			1472			6671		1561
2025-09-07	09:28:00		farm					21		378464		1.84O	506		24	2.06B	970.68M	69.83K			0					3.01T	6.54B		69.32B	2.51T	195.25B	7.17B	205.78B		0	0		5.02B		0	3	15		0	27.51O	8	797.37T	114.19q	2.91Q	0			0		2.61Q				0	26698	585909	79060								173998			0	1286	1419	1015		1d 18h 23m 20s	3	0	12		2.75B			0				0	242.18Q		13.27M	Basic	4.55s		274330					64.71B	3						20.57O	588.23K					0				12.82M	76.51s	959	147094	0	1469	8h 41m 34s	3910		66.65s	368	7.3K			0	1481		0				0			166853	5.11O			0	10	4371	913666			1421			6581		1513
2025-09-07	00:14:00		farm					15		382759		2.31O	508		15	6.82B	4.18B	72.76K			555.6Q					3.06T	6.34B		68.33B	2.58T	189.05B	7.04B	202.58B		0	0		4.59B		0	0	9		0	34.56O	8	795.53T	124.78q	3.01Q	0			0		3.22Q				0	31386	573666	74244								177210			0	1068	1027	964		1d 18h 28m 8s	10	20	18		2.86B			0				0	50.27Q		13.41M	Basic	4.41s		277743					109.72T	7						26.03O	576.3K					0				12.68M	80.05s	981	150537	0	1456	8h 47m 44s	3952		69.44s	304	7.77K			0	1486		782.44q				210.61s			170714	6.21O			0	10	4420	928936			1478			6641		1520
2025-09-06	15:20:00	Dropped Energy Shield for Super Tower, changed priority to closest at top, upgraded armor thorns mod from epic to mythic (+5%). Cannon was Death Penalty	tournament	20				0		61044		800.99Q	131		0	340.35M	266.61M	692			21.86s					5.7B	0		202.68M	4.9B	172.87M	20.8M	376.86M		0	0		0		0	0	0		363.08q	99.37s	8	521.91T	989.52T	4q	1			8.17s		218.53q				1697	1929	36634	160								12602			0	478	491	500		6h 41m 35s	2	0	0		7.45M			0				0	2.22Q		2.05M	Fast	10.77Q		29230					109.72T	0						62.63s	36.78K					0				946.78K	4.21s	142	8815	0	22	1h 41m 4s	640		3.1s	0	1.87K			0	32		336.71q				0			12763	1.69s			0	11+	86	96543			32			797		5
2025-09-06	11:05:00		tournament					0		56537		342.43Q	125		0	262.91M	203.89M	628			12.58s					5.35B	0		190.95M	4.59B	161.79M	19.82M	351.98M		0	0		0		0	0	0		128.58q	49.13s	8	1.09q	1.26q	5.51q	0			5.56s		187.34q				3129	1661	24651	409								11416			0	458	470	448		6h 21m 25s	2	0	0		7.78M			0				0	1.74Q		1.9M	Basic	5.8Q		27250					108.09T	0						27.5s	24.75K					0				807.71K	1.79s	133	8208	0	19	1h 35m 21s	563		1.08s	0	1.53K			0	25		348.1q				0			11637	1.35s			0	11+	71	88877			27			750		2
2025-09-06	09:23:00		farm					21		378456		2.44O	497		21	25.31B	17.18B	71.93K			0					3.11T	6.66B		71.52B	2.6T	201.97B	7.36B	212.54B		0	0		4.87B		0	2	27		0	39.66O	8	818.63T	136.18q	3.29Q	0			0		2.22Q				0	25164	637677	76922								172908			0	1498	2120	1148		1d 18h 10m 5s	2	12	15		2.75B			0				3.21T	211.69Q		13.11M	Ranged	4.37s		273904					15.86T	6						30.14O	638.58K					0				12.52M	67.97s	959	145513	0	1378	8h 34m 53s	3871		59.55s	272	8.97K			0	1418		0				0			167269	7.08O			0	10	4317	909613			1521			6556		1511
2025-09-06	00:44:00		tournament					0		37878		4.17Q	63		3	195.09M	124.59M	324			0					15.32B	20.66M		335.91M	13.94B	230.4M	37.45M	709.86M		0	0		51.37M		0	0	0		0	250.66Q	8	105.11T	214.05T	853.55T	0			0		17.26q				0	2219	27578	169								6795			0	274	265	267		2h 59m 31s	0	2	3		11.25M			0				0	113.94q		982.19K	Fast	282.23q		16673					15.86T	0						179.5Q	27.66K					0				301.14K	60.89Q	81	4463	0	5	44m 52s	294		21.39Q	20	1.13K			0	11		0				0			6836	5.69Q			0	11+	23	56469			7			494		110
2025-09-05	23:50:00		farm					21		387255		3.49O	521		21	40.83B	27.88B	75.45K			0					3.17T	6.6B		73.51B	2.65T	208.4B	7.6B	218.3B		0	0		4.95B		0	1	18		0	52.98O	8	866.74T	137.72q	3.33Q	0			0		2.28Q				0	26128	656211	73044								180211			0	1341	1177	1042		1d 19h 4m 31s	6	6	24		2.8B			0				0	44.34Q		13.4M	Scatter	4.36s		283893					0	4						40.4O	657.02K					0				12.56M	75s	985	152702	0	1496	9h 5m 6s	3969		65.81s	256	7.96K			0	1561		0				223.98s			172347	9.08O			0	10	4547	942240			1490			6692		1538
2025-09-04	16:23:00		farm					12		383369		2.63O	509		12	3.46B	1.97B	73.27K			218.06q					3.12T	6.23B		71.28B	2.61T	201.84B	7.33B	211.46B		0	0		4.75B		0	1	21		0	41.8O	8	845.92T	121.85q	2.94Q	0			0		2.28Q				0	37460	648096	68942								176167			0	1310	1505	1063		1d 18h 28m 42s	8	0	33		2.75B			0				3.21T	43.75Q		13.26M	Ranged	4.69s		275609					290.02T	0						31.89O	649.2K					0				12.39M	88.76s	979	148840	0	1515	8h 54m 47s	3878		77.85s	320	7.33K			0	1474		0				214.69s			170078	7.27O			0	10	4410	925795			1421			6610		1510
2025-09-04	13:33:00		farm					15		382900		2.47O	499		21	12.9B	8.35B	71.64K			0					2.86T	6.29B		65.76B	2.4T	183.25B	6.8B	194.76B		0	0		4.22B		0	3	21		0	41.83O	8	800.67T	140.9q	3.4Q	0			0		13.2Q				0	35261	623368	72999								175137			0	1403	1527	1248		1d 18h 2m 44s	7	6	12		2.57B			0				0	257.75Q		13.13M	Fast	25.94s		273061					0	3						32.07O	624.09K					0				12M	355.5s	960	147506	0	1473	8h 40m 40s	3749		309.57s	304	8K			0	1394		0				0			168378	7.29O			0	10	4360	918708			1493			6556		1505
2025-09-04	07:00:00		farm					27		380179		1.93O	504		24	8.31B	5.44B	69.61K			0					3.01T	6.21B		69.65B	2.51T	195.08B	7.17B	207.08B		0	0		4.97B		0	1	18		0	30.21O	8	839.1T	117.61q	2.82Q	0			0		2.58Q				0	26805	616179	73734								175625			0	928	1290	989		1d 18h 11m 21s	3	6	3		2.71B			0				0	44.1Q		13.13M	Fast	4.27s		277018					290.02T	6						23.06O	617.11K					0				12.13M	68.07s	954	147825	1	1411	8h 42m 35s	3822		59.01s	288	7.91K			0	1454		0				190.57s			168558	5.23O			0	10	4343	919148			1478			6589		1538
2025-09-03	21:53:00		farm					21		382238		3.4O	517		12	10.79B	6.76B	74.95K			934.11Q					3.06T	6.62B		70.12B	2.56T	196.69B	7.35B	207.92B		0	0		4.96B		0	2	24		0	56.53O	8	821.89T	133.66q	3.08Q	0			0		2.42Q				0	27367	642384	74100								176592			0	906	1385	1085		1d 18h 1m 16s	10	14	30		2.68B			0				0	215.38Q		13.25M	Fast	4.31s		277328					290.02T	4						43.45O	643.33K					0				12.49M	76.16s	986	148943	0	1480	8h 42m 31s	3841		67.02s	256	7.34K			0	1426		1.34Q				0			170029	9.68O			0	10	4407	923694			1501			6631		1534
2025-09-03	10:13:00	With PC	tournament	3				3		60130		2.59s	160		6	571.12M	469.78M	1.16K			70.2Q					10.4B	18.01M		577.86M	8.05B	386.08M	62.64M	1.22B		0	0		97.86M		0	1	6		0	27.34s	8	2.62q	1.29q	7.97q	0			221.87Q		234.15q				827	6430	4047	11862								13327			0	686	677	688		9h 28m 1s	3	0	3		23.51M			0				0	1.24Q		2.89M	Basic	7.86Q		28698					235.09T	0						3.63s	105.91K					0				1.53M	3.57s	184	10002	0	56	2h 21m 59s	871		2.84s	18	1.4K			0	41		204.82q				0			13700	17.24s			0	8+	148	98881			51			1129		15
2025-09-03	07:46:00		farm					12		376998		1.79O	505		36	13.72B	8.59B	72.34K			0					2.92T	6.35B		67.09B	2.45T	188.28B	7.03B	196.84B		0	0		4.62B		0	2	15		0	29.6O	8	804.57T	128.46q	2.96Q	0			0		2.41Q				0	28168	613764	86364								173533			0	1270	1315	1019		1d 17h 58m 51s	4	10	30		2.72B			0				0	230.26Q		13.05M	Basic	4.3s		272202					0	7						22.55O	614.46K					0				12.21M	72.89s	960	145325	0	1460	8h 40m 9s	3814		63.49s	240	7.28K			0	1431		0				0			166429	5.26O			0	10	4287	908012			1396			6546		1523
2025-09-02	21:41:00		farm					3		387045		3.22O	514		18	16.76B	10.96B	74.32K			0					2.59T	5.22B		61.05B	2.17T	159.21B	6.4B	180.94B		0	0		3.78B		0	0	15		0	54.66O	8	818.53T	134.18q	3.1Q	0			0		2.69Q				0	29814	669128	68758								179524			0	1283	1485	1082		1d 18h 17m 42s	6	10	24		2.44B			0				3.21T	44.2Q		13.33M	Ranged	4.09s		281648					0	3						42.51O	669.87K					0				12.72M	72.63s	971	150972	0	1007	8h 42m 49s	3881		63.2s	336	8.85K			0	1036		0				201.7s			172987	8.92O			0	10	3084	937575			1041			6658		1529
2025-09-02	13:26:00		farm					9		281050		76.84S	359		24	17.73B	11.75B	44.95K			67.85M					2.12T	4.42B		42.1B	1.82T	115.81B	4.47B	124.81B		0	0		3.77B		0	0	9		0	1.31O	8	808.04T	89.09q	2.05Q	0			0		1.67Q				0	9358	450935	35667								105798			0	966	1408	1099		1d 6h 0m 36s	7	0	21		1.7B			0				3.21T	80.94Q		9.43M	Ranged	1.75s		184455					0	0						1.02O	451.51K					0				8.77M	54.36s	681	87704	0	770	6h 10m 24s	2721		47.73s	220	5.86K			0	799		0				0			105574	204.63S			0	11	2400	606015			831			4706		1076
2025-09-02	06:36:00		farm					15		383868		2.58O	517		21	9.62B	6.16B	72.16K			2.42s					2.95T	6.1B		68.19B	2.47T	190.04B	7.15B	202.36B		0	0		4.6B		0	4	9		0	40.61O	8	812.51T	132.03q	3.05Q	1			0		15.2Q				0	40863	625640	77197								177099			0	825	1262	1008		1d 18h 32m 53s	2	11	12		2.63B			0				3.21T	266.42Q		13.25M	Ranged	24.63s		274898					0	8						30.89O	626.44K					0				12.4M	259.45s	978	148860	0	1423	8h 42m 12s	3892		224.98s	288	7.6K			0	1509		5.62Q				0			169766	7.14O			0	10	4395	927622			1463			6622		1522
2025-09-01	21:16:00	First farming run with WH+ unlocked, about 40% more tower hp, from 27.6T to 38.16T tower hp	farm					27		382041		2.32O	505		30	9.84B	6.2B	72.24K			9.39M					2.71T	5.63B		62.61B	2.27T	169.6B	6.56B	184.56B		0	0		3.8B		0	1	21		0	37.36O	8	734.98T	124.78q	2.88Q	0			0		10.65Q				0	28833	631514	77741								174475			0	898	1394	1080		1d 18h 25m 40s	10	9	18		2.57B			0				3.21T	249.56Q		13.16M	Ranged	22.96s		276556					544.38B	2						28.65O	632.47K					0				12.73M	234.95s	961	148136	0	1423	8h 39m 1s	3906		204.16s	368	7.03K			0	1498		932.36q				0			168270	6.38O			0	10	4369	920468			1448			6574		1510
2025-09-01	12:25:00		milestone					0		3491		285.54s	14		0	5.33M	3.03M	0			3.46s					784.55M	0		15.98M	715.7M	20.69M	1.92M	27.43M		0	0		0		0	0	0		236.32Q	6.12S	8	117.82T	43.73T	271.35T	0			1.46S		45.34q				906	0	3493	43								473			0	61	69	63		1h 9m 53s	0	0	0		1.26M			0				0	99.23q		284.16K	Boss	397.06q		1447					544.38B	0						4.01S	10.75K					0				219.71K	121.12s	14	228	0	0	17m 28s	88		1.22s	0	303			0	0		21.22q				0			365	241.5s			0	15	0	4585			0			120		0
2025-09-01	12:08:00		milestone					0		2411		58.89s	10		0	3.04M	1.54M	0			36.06Q					313.61M	0		6.14M	283.79M	11.47M	707.69K	10.83M		0	0		0		0	0	0		19.46Q	868.5s	8	11.05T	35.06T	136.05T	0			173.22s		2.87q				518	0	2354	26								270			0	54	58	46		48m 55s	1	0	0		54.51K			0				51.69B	13.3q		203.5K	Ranged	27.59q		957					362.02B	0						583.01s	7.44K					0				159.8K	17.25s	11	110	0	0	12m 13s	70		29.88Q	0	101			0	0		527.19T				0			209	36.08s			0	15	0	3021			0			84		0
2025-09-01	11:52:00	Milestone run: tourney card preset with PC core, micro around enabling UWs and card updates	milestone					3		4324		1.13S	18		0	7.79M	5.06M	0			3.28Q					1.79B	2.75M		37.4M	1.63B	35.45M	4.6M	77.79M		0	0		115.92M		0	0	0		0	15.79S	8	67.72T	53.92T	254.42T	0			2.76S		27.99q				1053	0	4431	23								588			0	85	93	82		1h 23m 59s	1	0	0		1.18M			0				0	15.92q		345.64K	Boss	70.5q		1817					362.02B	0						11.17S	14.11K					0				287.9K	272.57s	19	338	1	0	20m 59s	119		82.94Q	30	333			0	0		3.9q				0			518	459.74s			0	15	0	5805			0			144		0
2025-09-01	11:29:00	Milestone run: milestone card preset with PC core, micro around enabling UWs and card updates	milestone					6		3321		895.34s	12		0	8.46M	4.15M	0			1.02Q					1.54B	1.37M		22.73M	1.44B	23.68M	2.81M	47.63M		0	0		96.21M		0	0	0		0	11.31S	8	81.21T	49.01T	260.1T	3			0		5.97q				0	0	4095	20								459			0	91	88	89		1h 3m 39s	1	0	3		961.96K			0				0	4.99q		265.62K	Boss	22.83q		1350					312.2B	0						10.01S	13.25K					0				262.43K	153.77s	19	233	0	0	15m 54s	57		59.44Q	0	404			0	0		832.77T				0			420	250.98s			0	15	0	4464			0			145		35
2025-09-01	09:03:00		farm					21		381696		2.15O	508		12	35.2B	23.62B	69.29K			60.96Q					2.81T	6.31B		65.23B	2.35T	176.84B	6.81B	193.26B		0	0		4.24B		0	3	15		0	34.22O	8	757.14T	118.84q	2.74Q	1			0		9.41Q				0	30519	642582	74882								175104			0	834	1395	1072		1d 17h 44m 14s	7	0	21		2.68B			0				3.21T	262.52Q		13.13M	Ranged	23.85s		275837					0	0						26.29O	643.4K					0				12.49M	256.3s	965	148234	1	1400	8h 39m 37s	3854		221.28s	256	7.48K			0	1509		45.04Q				0			168846	5.78O			0	10	4284	922202			1375			6559		1507
2025-09-01	01:58:00		farm					12		378971		1.88O	502		12	2.8B	1.44B	69.94K			0					2.9T	5.82B		66.88B	2.43T	187.61B	7.01B	197.8B		0	0		4.43B		0	2	12		0	31.15O	8	863.32T	113.11q	2.61Q	1			0		11.48Q				0	31916	627722	55157								173533			0	818	1304	1068		1d 17h 50m 13s	10	20	21		2.72B			0				0	234.6Q		13.03M	Fast	22.06s		272625					0	10						23.93O	628.76K					0				12.26M	246.38s	969	146121	0	703	8h 49m 50s	3809		213.52s	304	7.82K			0	709		40.66Q				0			166120	5.34O			0	10	2122	909596			710			6518		1506
2025-08-31	15:47:00		farm					21		349463		335.11S	452		18	5.4B	3.02B	53.57K			0					1.48T	3.11B		33.43B	1.24T	94.39B	1.36B	97.49B		0	0		2.65B		0	3	9		0	5.86O	8	600.8T	73.54q	1.39Q	1			0		7.07Q				0	25762	561487	51290								151094			0	1291	1883	1220		1d 14h 4m 37s	8	0	15		899.37M			0				3.02T	0		11.94M	Ranged	21.82s		244872					213.79B	0						4.53O	562.3K					0				10.53M	273.47s	876	126974	0	1150	8h 4m 30s	3495		236.85s	208	5.93K			0	1224		0				0			145754	998.78S			0	10	3574	812980			1200			5975		1380
2025-08-30	19:00:00		tournament	25				0		19180		362.99q	299		0	89.3M	68.42M	66			89.38Q					2.07B	0		76.74M	1.77B	71.44M	2.47M	138.27M		0	0		0		0	0	0		15.82T	112.61Q	8	1.22q	564.25T	3.2q	0			845.64q		1.91q				288	379	741	326								4945			0	283	290	287		4h 1m 29s	1	0	0		1.98M			0				0	0		1.2M	Basic	57.63q		10037					219.6T	0						2.37Q	18.6K					0				690.96K	16.75Q	248	2918	0	5	1h 0m 22s	393		5.65Q	0	2.42K			0	2		14.73q				0			4903	2.83Q			0	11+	9	32562			2			475		0
2025-08-30	08:49:00		tournament					0		18360		220.57q	297		0	75.11M	57.82M	45			72.37Q					2.07B	0		77.33M	1.77B	70.73M	2.77M	138.39M		0	0		0		0	0	0		10.7B	84.01Q	8	1.57q	239.12T	2.41q	1			646.35q		1.7q				69	233	173	366								4529			0	247	257	262		3h 53m 30s	1	0	0		2.94M			0				0	0		1.18M	Basic	22.09q		9442					315.61T	0						1.39Q	11.89K					0				493.09K	7.62Q	217	2793	0	5	58m 22s	353		1.35Q	0	2.33K			0	2		6.44q				0			4778	1.74Q			0	11+	9	31043			2			459		0
2025-08-30	07:47:00		tournament					0		17525		182.44q	267		0	77.92M	58.96M	61			42.45Q					1.91B	0		71.35M	1.63B	66.1M	2.68M	127.8M		0	0		0		0	0	0		7.28B	57.03Q	8	307.39T	561.18T	2.28q	1			448.59q		1.52q				287	374	650	149								4437			0	267	248	284		3h 44m 55s	1	0	0		2.58M			0				0	0		1.14M	Tank	40.76q		8933					20.61T	0						1.42Q	16.39K					0				598.56K	11.52Q	218	2596	0	5	56m 13s	325		3.52Q	0	2.08K			0	2		9.95q				0			4188	955.38q			0	11+	9	29300			2			442		0
2025-08-30	06:44:00		farm					15		312546		16.68S	405		15	62.27B	40.95B	40.38K			17.58M					818.27B	1.73B		19.2B	697.26B	39.64B	788.4M	57.2B		0	0		1.35B		0	4	12		0	302.34S	8	1.65q	25.91q	488.92q	1			0		994.24q				0	29216	472224	33262								125586			0	1518	1831	1311		1d 9h 38m 7s	1	7	15		578.19M			0				0	0		10.56M	Fast	2.13s		207167					16.78T	7						230.95S	472.91K					0				8.36M	43.21s	775	105750	0	879	6h 57m 51s	3123		37.54s	224	4.99K			0	914		2.6Q				66.04s			124409	54.59S			0	10	2729	698041			936			5283		1220
2025-08-29	23:14:00		farm					27		355048		288.42S	459		9	9.19B	5.8B	54.19K			127.26Q					1.55T	3.14B		35.76B	1.3T	100.72B	1.43B	106.78B		0	0		2.53B		0	3	15		0	5.24O	8	582.3T	75.02q	1.37Q	0			0		1.38Q				0	25569	589340	54162								154418			0	1415	1850	1155		1d 14h 38m 46s	8	13	3		1.01B			0				0	0		12.08M	Basic	3.84s		248696					0	3						4.07O	590K					0				11.16M	49.1s	894	130159	1	1251	8h 6m 38s	3466		42.59s	272	5.54K			0	1179		5.74Q				146.79s			150750	877.34S			0	10	3588	828439			1158			6033		1384
2025-08-29	15:07:00		farm					18		352833		286.82S	465		24	16.37B	10.64B	55.04K			184.92q					1.55T	3.14B		35.79B	1.3T	100.65B	1.44B	106.96B		0	0		2.6B		0	0	6		0	5.15O	8	590.27T	71.5q	1.31Q	0			0		1.45Q				0	25512	574019	51632								152744			0	1518	1947	1146		1d 14h 30m 27s	6	5	15		1.01B			0				3T	0		12.02M	Ranged	3.64s		246743					0	2						4.01O	574.75K					0				10.81M	49.57s	871	128996	0	1173	8h 7m 13s	3529		43.03s	240	7.55K			0	1210		5.43Q				136.12s			149595	846.95S			0	10	3608	823090			1225			6025		1397
2025-08-29	06:43:00		farm					24		354040		342.07S	467		9	23.54B	15.38B	56.21K			0					1.57T	3B		35.92B	1.32T	100.58B	1.48B	107.14B		0	0		2.49B		0	2	21		0	6.05O	8	701T	79.05q	1.44Q	0			0		1.54Q				0	23925	582981	22922								154207			0	1043	1340	1194		1d 14h 51m 23s	8	15	15		1.04B			0				0	29.44Q		12.09M	Fast	3.69s		249653					1.44T	8						4.67O	583.7K					0				11.5M	43.53s	892	129902	1	281	8h 11m 35s	3546		37.96s	272	6.03K			0	299		0				0			150203	1.04O			0	10	855	827559			275			6043		1393
2025-08-28	16:23:00		farm					18		349521		278.47S	458		18	27.21B	17.82B	54.42K			0					1.49T	3.05B		33.87B	1.25T	93.17B	1.37B	100.27B		0	0		2.66B		0	0	15		0	5.06O	8	571.44T	66.36q	1.21Q	0			0		1.64Q				0	25621	566495	43635								150966			0	1148	1474	1184		1d 14h 8m 27s	8	0	15		966.06M			0				3T	0		11.9M	Ranged	3.82s		243431					0	0						3.94O	567.22K					0				10.44M	71.58s	863	127234	2	999	8h 10m 45s	3515		62.36s	400	6.83K			0	926		0				147.3s			146385	839.52S			0	10	2874	810712			949			5969		1389
2025-08-28	07:06:00		farm					15		352183		373.35S	467		6	20.68B	13.66B	52.8K			980.49K					1.56T	3B		36.33B	1.3T	102.04B	1.45B	108.45B		0	0		2.42B		0	2	24		0	6.48O	8	571.09T	75.75q	1.38Q	0			0		6.83Q				0	44771	554101	56747								153600			0	1241	1732	1202		1d 14h 32m 19s	4	20	21		1.01B			0				2.93T	0		12.06M	Ranged	27.76s		241377					131.5B	10						5.01O	554.76K					0				10.5M	228.35s	886	128783	0	1144	8h 5m 54s	3564		198.04s	336	6.17K			0	1275		0				0			148440	1.09O			0	10	3565	824041			1146			6031		1392
2025-08-27	18:16:00		farm					24		352498		285.99S	467		30	12.42B	8B	53.44K			0					1.46T	2.77B		34.09B	1.23T	94.4B	1.34B	101.48B		0	0		2.39B		0	0	6		0	5.06O	8	543.4T	74.44q	1.36Q	0			0		10.4Q				0	29232	552950	59388								151334			0	1518	1402	1152		1d 14h 17m 33s	7	0	24		979.13M			0				0	0		11.98M	Basic	20.68s		244568					120.38T	0						3.9O	553.8K					0				10.56M	206.1s	892	127198	0	1189	7h 59m 22s	3523		177.49s	272	5.77K			0	1190		0				0			148204	867.87S			0	10	3576	817987			1197			6000		1391
2025-08-27	09:39:00		tournament	4				6		100377		1.63s	162		0	830.35M	668.12M	870			32.14s					5.55B	9.53M		290.33M	4.43B	230.98M	11.01M	540.79M		0	0		34.87M		0	2	3		0	72.02s	8	2.09q	876.24T	5.62q	0			17.01s		46.45q				6113	7969	5253	18463								22700			0	670	698	707		9h 39m 37s	3	0	0		8.95M			0				0	0		2.95M	Basic	18.25Q		49299					120.38T	0						4.08s	128.02K					0				1.89M	3.45s	182	17421	0	43	2h 24m 54s	891		2.66s	18	1.13K			0	43		3.93Q				0			23900	13.69s			0	8+	148	166180			62			1138		0
2025-08-27	07:11:00		farm					33		314677		19.44S	410		21	57.9B	37.91B	39.75K			0					1.27T	2.32B		29.1B	1.07T	81.9B	1.12B	86.66B		0	0		2.19B		0	1	18		0	339.22S	8	644.14T	29.99q	547.38q	0			0		856.93q				0	25470	467103	53220								126580			0	1471	1562	1203		1d 9h 50m 20s	3	13	9		839.53M			0				0	15.8Q		10.62M	Fast	2.71s		210453					0	7						253.62S	467.92K					0				8.91M	31.65s	769	107079	0	925	7h 0m 14s	3117		27.19s	176	6.41K			0	915		0				0			125021	66.13S			0	10	2792	703472			952			5317		1229
2025-08-26	23:13:00		farm					15		346776		337.89S	449		18	5.15B	3.23B	53.45K			6.42s					1.43T	2.66B		33.62B	1.19T	94.02B	1.32B	100.04B		0	0		2.44B		0	3	6		0	5.91O	8	548.13T	74.49q	1.36Q	0			0		2Q				0	23150	563252	58856								148150			0	1337	1894	1224		1d 13h 20m 47s	4	7	6		940.41M			0				2.89T	34.03Q		11.75M	Ranged	3.8s		240936					0	3						4.59O	563.91K					0				10.97M	62.94s	860	125039	1	1142	7h 38m 52s	3425		55.08s	224	5.45K			0	1159		8.5Q				0			144282	977.53S			0	10	3434	801745			1133			5883		1359
2025-08-26	15:20:00		farm					21		346301		264.46S	454		18	11.73B	7.53B	50.92K			393.74Q					1.47T	2.99B		34.52B	1.23T	97.21B	1.4B	103.03B		0	0		2.34B		0	0	9		0	4.77O	8	555.6T	67.76q	1.24Q	0			0		7.35Q				0	30274	554986	49927								148951			0	1301	1722	1225		1d 13h 46m 53s	7	0	9		1.01B			0				0	0		11.84M	Basic	20.23s		239799					503.08B	0						3.7O	555.77K					0				10.21M	263.77s	857	126367	0	1170	7h 46m 34s	3515		228.92s	272	6.03K			0	1147		85.39q				0			145323	809.55S			0	10	3444	804347			1127			5921		1366
2025-08-26	07:14:00		farm					15		347446		236.21S	454		15	11.61B	7.58B	54.52K			6.43s					1.43T	2.94B		33.31B	1.19T	92.66B	1.34B	99.39B		0	0		2.36B		0	1	12		0	4.14O	8	614.16T	74.93q	1.37Q	2			0		1.91Q				0	38269	542437	62598								149195			0	1363	1627	1206		1d 13h 58m 26s	2	11	15		1.01B			0				0	31.29Q		11.91M	Fast	4.95s		238269					362.31B	6						3.19O	543.23K					0				10.59M	46.72s	882	126061	0	1191	7h 45m 31s	3465		40.73s	224	6.59K			0	1184		7.86Q				0			145698	717.98S			0	10	3498	806584			1123			5950		1369
2025-08-25	22:28:00		farm					18		348386		267.52S	460		30	13.05B	8.48B	54.02K			10.2Q					1.48T	2.87B		34.44B	1.24T	95.92B	1.4B	102.32B		0	0		2.58B		0	2	12		0	4.79O	8	732.75T	70.42q	1.29Q	1			0		1.78Q				0	25307	555887	56957								149484			0	1130	1426	1186		1d 13h 37m 42s	8	9	18		1.03B			0				2.89T	25.58Q		11.87M	Ranged	4.22s		243171					362.31B	4						3.72O	556.71K					0				10.6M	53.72s	862	126892	0	1171	7h 58m 27s	3462		46.67s	288	5.65K			0	1160		243.89T				0			146234	799.93S			0	10	3494	808672			1163			5943		1375
2025-08-25	16:00:00		farm					24		352069		264.39S	464		21	13.67B	9.03B	54.46K			91.58Q					1.45T	2.84B		34.06B	1.21T	94.17B	1.34B	101.29B		0	0		2.29B		0	1	6		0	5.06O	8	555.29T	73.21q	1.34Q	0			0		1.38Q				0	25259	593380	52530								151595			0	1518	1421	1163		1d 14h 20m 13s	6	9	18		929.99M			0				2.87T	0		11.99M	Ranged	3.51s		246184					0	0						3.92O	594.1K					0				10.64M	43.66s	880	129167	1	1186	8h 3m 40s	3469		37.78s	128	5.56K			0	1141		126.1q				130.4s			149658	865.65S			0	10	3539	819585			1212			6004		1389
2025-08-25	06:00:00	With new ancestral Primordial Collapse module, 3x BH	farm					18		353999		310.04S	466		6	26.89B	17.64B	53.51K			1.27q					1.53T	2.86B		35.45B	1.28T	99.22B	1.41B	105.22B		0	0		2.5B		0	3	30		0	5.72O	8	567.6T	68.42q	1.25Q	1			0		7.85Q				0	33720	592334	46842								153684			0	849	1304	1158		1d 14h 50m 29s	7	11	15		1.01B			0				0	0		12.05M	Fast	22.92s		245108					0	10						4.47O	593.2K					0				9.89M	253.32s	878	129318	0	1176	8h 14m 18s	3493		218.98s	320	6.22K			0	1201		102.2T				0			149369	933.05S			0	10	3558	824902			1181			6029		1392
2025-08-24	18:30:00	Milestone run for T13	milestone					0		20693		10.68s	49		3	67.87M	41.2M	184			5.5s					3.61B	5.68M		80.41M	3.28B	83.56M	3.84M	142.57M		0	0		63.74M		0	0	6		0	299.1s	8	42.2T	320.26T	1.19q	0			0		62.22q				0	1	26639	82								4146			0	331	353	371		4h 58m 32s	2	0	0		2.78M			0				0	0		1.32M	Fast	1.13Q		9933					935.21B	0						276s	26.8K					0				524.77K	3.35s	87	2775	0	4	1h 14m 37s	396		694.1Q	25	1.22K			0	5		61.83q				0			4073	3.57s			0	13	13	31986			4			665		152
2025-08-24	17:12:00	Milestone run for T13	milestone					0		13140		381.79Q	34		0	32.81M	18.56M	125			3.15s					2.52B	4.48M		53.09M	2.27B	81.18M	2.49M	94.31M		0	0		37.21M		0	0	0		0	22.68s	8	16.54T	29.74T	119.07T	0			0		23.77q				0	3	13508	32								2283			0	248	226	208		3h 22m 33s	0	0	3		1.69M			0				0	0		892.31K	Fast	412.93q		5965					935.21B	0						17.49s	13.62K					0				217.05K	1.14s	58	1472	0	4	47m 10s	256		146.66Q	75	755			0	1		117.95q				0			2302	520.85Q			0	13	7	19326			2			450		102
2025-08-24	16:04:00		farm					6		351587		270.84S	454		15	27.69B	17.82B	55.63K			92.26Q					1.15T	2.35B		26.79B	969.98B	75.69B	850.15M	74.87B		0	0		2.16B		0	2	21		0	4.77O	8	487.54T	67.2q	1.19Q	1			0		408.11q				0	27573	593259	50312								151507			0	1313	1336	1174		1d 13h 59m 52s	8	4	15		805.08M			0				0	30.71Q		11.99M	Scatter	4.4s		245117					935.21B	3						3.75O	596.53K					0				10.5M	41.65s	865	128015	0	1193	7h 50m 48s	3475		36.54s	240	6.87K			0	1233		904.86q				0			147752	749.22S			0	10	3585	818269			1159			6009		1397
2025-08-24	07:56:00		farm					27		350036		221.69S	461		18	9.6B	6.18B	51.51K			4.96M					1.22T	2.14B		28.14B	1.03T	79.32B	865.27M	79B		0	0		2.04B		0	0	18		0	3.98O	8	618.72T	66.15q	1.17Q	2			0		2.52Q				0	36668	571425	47905								150596			0	811	1389	1098		1d 14h 35m 44s	7	16	18		840.21M			0				0	0		11.99M	Basic	31.9s		241547					935.21B	7						3.14O	574.69K					0				10.26M	195.04s	878	128609	0	1197	8h 2m 39s	3485		171.2s	208	5.77K			0	1150		0				0			148102	615.71S			0	10	3540	815051			1193			5993		1378
2025-08-23	19:29:00	With AD, Demon Mode, and keeping Ulit Crit through whole run. Will drop Slow. Swapped Negative Mass Projector with vanilla Lengendary+ Mod due to higher lvl and thorns +2% dmg	tournament	25				0		25770		11.3Q	403		0	135.02M	99.52M	315			964.22Q					2.43B	0		87.64M	2.08B	85.55M	2.82M	160.05M		0	0		0		0	0	0		25.09q	2.1s	8	790.24T	751.25T	3.33q	0			0		5.61q				0	1342	19195	565								7327			0	379	375	395		5h 11m 10s	2	0	0		2.57M			0				0	0		1.57M	Basic	196.36q		14042					17.66T	0						843.77Q	28.55K					0				488.76K	122.32Q	360	4694	0	16	1h 22m 40s	468		7.43Q	0	3.15K			0	15		54.98q				0			7243	159.11Q			0	11+	42	46289			11			617		5
2025-08-23	17:48:00	With Death Penalty and Super Tower	tournament					0		24032		5.28Q	364		0	124.19M	93.06M	360			416.97Q					2.22B	0		81.47M	1.89B	79.79M	2.78M	148.77M		0	0		0		0	0	0		2.63q	921.52Q	8	69.35T	659.58T	2.32q	1			34.88Q		3.16q				255	1312	17452	283								6736			0	361	354	384		4h 52m 15s	2	0	0		2.14M			0				0	0		1.45M	Basic	153.75q		12898					17.17T	0						367.28Q	27.17K					0				451.16K	62.68Q	311	4170	0	15	1h 13m 3s	459		8.48Q	0	2.7K			0	12		24.07q				0			6719	34.25Q			0	11+	37	42729			10			576		0
2025-08-23	16:20:00	With Super Tower, swap from crit + ult cirt at end, no major diff	tournament					0		25162		8.04Q	393		0	137.03M	103.03M	380			750.39Q					2.39B	0		87.55M	2.04B	85.38M	2.68M	160.9M		0	0		0		0	0	0		7.32q	1.63s	8	41.56T	753.09T	2.61q	0			80.31Q		2.3q				447	838	18470	289								7142			0	364	378	391		5h 5m 41s	1	0	0		2.97M			0				0	0		1.55M	Basic	230.35q		13613					8.6T	0						623.18Q	27.39K					0				455.24K	121.8Q	321	4630	0	16	1h 16m 25s	473		20.7Q	0	3.08K			0	14		88.2q				0			7048	49.53Q			0	11+	41	45157			11			605		2
2025-08-23	14:56:00	With Net, no major diff	tournament					0		25037		8.03Q	387		0	129.1M	96.81M	332			785.79Q					2.54B	0		94.75M	2.17B	88.94M	2.8M	171.27M		0	0		0		0	0	0		24.18q	1.55s	8	45.09T	723.42T	2.51q	2			69.6Q		2.63q				493	1007	18959	304								6934			0	365	355	367		5h 4m 24s	2	0	0		3.12M			0				0	0		1.54M	Basic	285.23q		13655					7.46T	0						554.05Q	27.94K					0				492.4K	94.98Q	302	4732	0	15	1h 16m 6s	456		12.14Q	0	3.83K			0	14		81.37q				0			7141	37.11Q			0	11+	40	44993			11			600		0
2025-08-23	10:38:00	Super Tower + Crit Chance	tournament					0		23814		5.17Q	377		0	136.15M	102.31M	359			543.76Q					1.99B	0		70.8M	1.7B	74.38M	2.22M	133.24M		0	0		0		0	0	0		5.75q	1.04s	8	69.23T	668.48T	2.34q	1			3.53Q		8.27q				36	1260	12844	269								6759			0	373	373	371		4h 53m 5s	2	0	0		2.34M			0				0	0		1.48M	Fast	347.77q		12820					5.96T	0						364.24Q	17.02K					0				431.08K	69.92Q	309	4218	0	15	1h 13m 17s	439		35.58Q	0	2.63K			0	12		31.79q				0			6666	50.05Q			0	11+	37	42540			10			578		0
2025-08-23	06:16:00		farm					9		277587		1.73S	362		6	13.75B	9.06B	29.39K			3.59M					770.22B	1.43B		17.85B	647.23B	50.82B	523.58M	50.15B		0	0		1.54B		0	2	9		0	35.3S	8	843.61T	3.88q	70.2q	0			0		684.29q				0	44294	456553	12479								104001			0	1718	2149	1240		1d 5h 44m 14s	1	4	3		450.52M			0				0	0		9.32M	Basic	8.22s		171250					0	4						31.1S	459.76K					0				5.94M	85.71s	675	86570	0	675	6h 10m 8s	2711		74.42s	128	4.28K			0	723		12.54Q				0			104081	2.38S			0	10	2097	596409			699			4652		1064
2025-08-22	23:58:00		farm					6		350991		301.87S	456		18	2.63B	1.22B	51.85K			14.02Q					1.11T	2.34B		26.12B	935.72B	73.78B	787.51M	73B		0	0		1.94B		0	3	15		0	5.41O	8	461.76T	69.73q	1.24Q	0			0		422.05q				0	36110	634182	48884								151477			0	939	1486	1220		1d 13h 57m 55s	10	16	12		627.84M			0				2.26T	0		11.98M	Ranged	4.57s		241659					0	6						4.29O	638.66K					0				10.4M	30.87s	873	128499	1	1121	7h 42m 53s	3479		26.94s	224	5.85K			0	1199		8.2Q				148.01s			147257	819.29S			0	10	3493	817065			1173			5988		1378
2025-08-22	07:19:00		farm					12		346351		325.07S	452		15	15.79B	10.33B	50.64K			2s					983.88B	1.91B		23.29B	829.55B	60B	748.25M	65.51B		0	0		2.01B		0	0	18		0	5.79O	8	633.42T	68.82q	1.23Q	0			0		3.75Q				0	24719	622366	49896								147929			0	1718	2128	1223		1d 13h 47m 39s	1	14	15		594.49M			0				2.22T	0		11.8M	Ranged	8.8s		240109					0	9						4.54O	626.37K					0				10.41M	70.32s	854	125125	0	1080	7h 51m 41s	3428		61.41s	176	5.47K			0	1155		48.4Q				0			143444	926.34S			0	10	3378	799923			1143			5900		1357
2025-08-21	22:10:00		farm					12		348739		279.75S	455		18	13.33B	8.56B	53.24K			247.22Q					1.16T	1.88B		26.66B	974.64B	74.5B	843.73M	74.66B		0	0		1.97B		0	4	15		0	4.88O	8	443.1T	62.66q	1.12Q	0			68.57M		269.83q				117	19309	614813	44113								149528			0	883	1415	1220		1d 14h 3m 53s	8	5	12		796.16M			0				2.21T	0		11.93M	Ranged	1.09s		244887					361.08T	1						3.86O	618.01K					0				11.11M	10.83s	878	126311	0	1127	7h 51m 35s	3463		9.54s	320	5.81K			0	1165		4.88Q				100.12s			146577	741.36S			0	10	3472	808963			1180			5966		1376
2025-08-21	14:14:00		farm					12		283285		2.39S	368		15	51.57B	33.78B	31.23K			692.14Q					809.78B	1.55B		18.43B	683B	52.07B	576.09M	51.78B		0	0		1.48B		0	0	18		0	44.19S	8	974.67T	7.11q	128.48q	1			0		897.83q				0	24349	428337	20512								106409			0	888	1577	1285		1d 6h 23m 51s	5	0	15		552.38M			0				0	0		9.53M	Tank	2.55s		182641					361.02T	0						35.5S	430.6K					0				7.02M	32.05s	682	89807	1	726	6h 21m 34s	2725		27.8s	144	5.1K			0	749		10.11Q				0			106740	6.26S			0	10	2189	611287			714			4754		1087
2025-08-21	07:33:00	cl unlocked	farm					18		346831		335.18S	451		18	15.81B	10.39B	52.4K			257.93Q					1.01T	1.89B		23.92B	854.64B	61.61B	792.62M	67.11B		0	0		1.73B		0	1	15		0	5.77O	8	440.07T	67.81q	1.21Q	0			0		311.2q				0	18261	614204	48674								148820			0	1682	1981	1154		1d 13h 54m 51s	2	11	15		758.49M			0				2.21T	0		11.86M	Ranged	885.65Q		243445					355.02T	3						4.54O	617.69K					0				11.43M	11.07s	872	125743	0	1106	7h 47m 39s	3459		9.68s	272	6.5K			0	1127		5.76Q				100.39s			145361	892.57S			0	10	3369	803614			1136			5933		1368
2025-08-20	23:28:00		farm					15		351150		293.68S	460		21	4.47B	2.4B	52.94K			0					1.18T	2.19B		27.31B	995.88B	75.99B	853.74M	76.82B		0	0		2.09B		0	2	12		0	5.25O	8	467.31T	74.08q	1.32Q	1			0		430.58q				0	30791	625554	65565								151737			0	2096	2348	1179		1d 14h 10m 12s	9	9	18		721.72M			0				2.21T	37.22Q		11.99M	Ranged	4.78s		244173					355.02T	7						4.13O	629.65K					0				10.71M	32.23s	893	128030	1	1105	7h 52m 24s	3532		28.13s	192	5.95K			0	1198		8.72Q				0			148015	827.05S			0	10	3505	817889			1202			6003		1390
2025-08-20	14:30:00		tournament	4				0		57970		98.19Q	152		0	416.26M	336.88M	605			0					4.42B	6.44M		245.31M	3.45B	184.75M	8.2M	482.08M		0	0		14.41M		0	0	6		0	9.81s	8	2.16q	263.39T	3.08q	0			681.05Q		12.1q				6376	4533	29632	8726								12180			0	639	624	636		9h 3m 35s	2	0	0		10.28M			0				0	0		2.76M	Vampire	5.39Q		27754					355.02T	0						2.35s	41.22K					0				1.63M	854.89Q	171	9456	1	36	2h 15m 53s	818		732.49Q	9	1.12K			0	33		92.57q				0			12775	5.83s			0	8+	112	93806			43			1065		0
2025-08-20	11:26:00		farm					15		374913		526.24S	492		6	18.33B	11.92B	47.73K			0					1.08T	2.14B		27.95B	888.49B	76.24B	828.12M	78.67B		0	0		1.83B		0	3	12		0	9.88O	8	516.87T	71.09q	1.23Q	0			0		3.25Q				0	34435	698461	51550								170020			0	2218	3420	1374		1d 17h 47m 55s	5	3	9		746.39M			0				0	0		12.92M	Basic	35.03s		267231					809.04B	1						7.8O	702.97K					0				10.53M	199.82s	808	144828	0	799	8h 48m 15s	3719		174.78s	286	5.87K			0	892		55.83Q				0			163739	1.56O			0	9	2521	895153			830			6466		1494
2025-08-19	15:15:00		farm					24		348544		238.72S	463		15	18.72B	12.25B	51.59K			0					1.13T	2.11B		26.72B	943.02B	74.31B	825.49M	74.94B		0	0		2.13B		0	1	9		0	4.23O	8	514.11T	69.49q	1.2Q	0			0		361.62q				0	18847	638971	57722								149883			0	872	1466	1172		1d 14h 7m 14s	9	2	12		733.24M			0				0	33.2Q		11.89M	Fast	3.39s		244154					0	0						3.29O	642.84K					0				10.69M	25.48s	874	126024	0	1084	8h 2m 34s	3409		22.35s	192	6.22K			0	1150		6.71Q				0			145692	695.86S			0	10	3438	807442			1204			5951		1376
2025-08-19	07:07:00		farm					15		347115		252.97S	462		6	26.03B	17.4B	54.33K			0					1.1T	2.03B		26.05B	926.52B	70.95B	802.6M	73.35B		0	0		2.16B		0	3	9		0	4.46O	8	410.07T	65.67q	1.13Q	0			0		640.73q				0	20532	648936	48631								149724			0	1031	1427	1262		1d 14h 12m 27s	4	18	15		686.58M			0				0	0		11.86M	Scatter	6.65s		243371					0	10						3.51O	653.45K					0				10.86M	47.35s	869	125931	0	1078	8h 0m 6s	3454		41.63s	336	5.9K			0	1179		32.23Q				0			145099	693.05S			0	10	3378	805539			1121			5924		1359
2025-08-18	18:05:00		farm					15		311150		14.18S	398		18	2.48B	1.33B	41.01K			17.84s					939.43B	1.8B		21.44B	793.28B	59.13B	656.77M	60.45B		0	0		1.8B		0	1	21		0	261.88S	8	371.49T	26.22q	452.83q	0			2.21q		214.86q				157	25950	546769	34863								123443			0	1317	1904	1337		1d 9h 29m 1s	5	0	12		559.66M			0				0	0		10.48M	Basic	527.19Q		207098					354.92B	0						209.72S	550.39K					0				8.77M	6.64s	773	104518	2	898	6h 59m 9s	3026		5.8s	240	6K			0	923		3.6Q				0			122499	37.95S			0	10	2700	692157			879			5240		1206
2025-08-18	10:55:00		farm					15		346323		223S	455		24	9.17B	5.76B	53.12K			25.11s					930.03B	1.68B		21.78B	787.92B	54.2B	643.79M	61.11B		0	0		1.78B		0	1	15		0	3.91O	8	487.82T	61.9q	1.07Q	0			0		226.49q				0	17591	634299	41620								148110			0	928	1544	1199		1d 13h 52m 39s	6	18	18		561.15M			0				2.17T	0		11.82M	Ranged	904.63Q		242363					0	9						3.09O	638.38K					0				9.9M	7.73s	871	125281	0	624	8h 1m 46s	3452		6.78s	240	5.33K			0	712		3.51Q				0			145071	598.02S			0	10	2061	802136			725			5913		1366
2025-08-17	21:39:00		farm					12		173134		18.22s	220		12	9.13B	6.07B	12.28K			0					362.81B	620.14M		7.39B	314.18B	18.78B	227.22M	20.69B		0	0		1.07B		0	0	9		0	382.78s	8	2.82q	3.6q	64.79q	0			0		101.79q				0	4218	266629	6550								50230			0	911	1387	1129		18h 14m 50s	4	2	6		199.58M			0				0	2.29Q		5.7M	Vampire	12.79Q		99345					24.19T	1						331.77s	268.42K					0				3.51M	3.24s	396	40787	0	251	3h 52m 54s	1650		2.83s	160	3.24K			0	244		356.99q				0			51728	29.53s			0	11	774	324518			279			2863		667
2025-08-17	16:29:00		farm					21		347520		265.05S	457		12	27.19B	18.17B	48.97K			0					1.18T	2.26B		27.25B	993.31B	74.29B	832.96M	76.22B		0	0		1.97B		0	1	3		0	4.95O	8	332.91T	82.95q	1.42Q	0			0		295.82q				0	23839	568597	91984								148852			0	1188	1563	1248		1d 13h 43m 26s	10	2	15		731.97M			0				2.17T	16.97Q		11.89M	Ranged	389.54Q		242075					537.99T	0						3.93O	572.37K					0				14.37M	2.94s	871	126292	0	1124	7h 44m 35s	3455		2.15s	288	6.99K			0	1165		7.42Q				0			145331	755.34S			0	10	3451	806235			1162			5941		1367
2025-08-17	08:09:00		farm					0		350484		171.18S	459		33	6.21B	3.93B	48.49K			0					1.13T	2.17B		26.8B	953.62B	71.32B	832.1M	75.23B		0	0		2B		0	4	30		0	3.29O	8	315.25T	77.81q	1.3Q	0			0		873.94q				0	28958	557769	88520								150478			0	867	1429	1095		1d 14h 29m 39s	2	11	12		663.98M			0				0	0		11.95M	Fast	2.79s		244098					534.75T	3						2.62O	560.93K					0				13.82M	20.75s	872	126946	1	1119	8h 14m 30s	3487		15.31s	272	6.37K			0	1243		38.92Q				0			146802	497.91S			0	10	3501	815007			1139			5968		1369
2025-08-16	23:54:00	Super tower and crit chance cards, instead of plasma cannon and energy net	tournament					0		63774		6.93Q	123		0	458.92M	381.23M	531			0					5.77B	0		329.26M	4.52B	223.8M	14.65M	636.85M		0	0		0		0	0	0		302.14T	250.17Q	8	2.02q	652.63T	4.42q	0			51.04Q		15.06q				3671	2052	13828	2174								13334			0	509	551	553		7h 17m 54s	2	0	0		9.8M			0				0	0		2.24M	Fast	1.13Q		30594					528.11T	0						97.25Q	71.5K					0				1.72M	71.24Q	132	9521	0	31	1h 49m 28s	657		20.25Q	0	848			0	18		74.32q				0			13563	22.49Q			0	8+	77	101064			28			864		0
2025-08-16	22:07:00		farm					15		347564		181.08S	457		21	22.09B	14.15B	48.95K			0					1.14T	2.14B		26.4B	959.89B	69.62B	822.92M	74B		0	0		2B		0	0	18		0	3.46O	8	356.13T	79.34q	1.32Q	2			0		187.04q				0	21740	568391	91283								150067			0	902	1392	1101		1d 14h 4m 4s	9	7	6		679.42M			0				2.16T	29.37Q		11.92M	Ranged	293.59Q		243697					530.82T	7						2.75O	572.12K					0				14.08M	2.9s	865	127146	0	1106	7h 58m 43s	3488		2.14s	368	6.47K			0	1185		6.39Q				0			145480	528.16S			0	10	3420	808553			1129			5966		1380
2025-08-16	11:05:00	with energy net and plasma cannon	tournament	6				3		62951		7.18Q	124		3	371.15M	306.62M	573			0					6.09B	10.88M		348.41M	4.76B	234.56M	16.27M	671.16M		0	0		43.03M		0	0	6		0	256.45Q	8	3.12q	203.64T	3.87q	0			62.55Q		7.73q				8689	2408	18582	3228								13180			0	519	516	524		7h 21m 26s	2	0	6		10.57M			0				2.16T	0		2.25M	Ranged	651.91q		30168					312.75T	0						130.73Q	80.7K					0				1.82M	30.58Q	133	9451	0	31	1h 50m 21s	676		11.82Q	9	1.12K			0	18		54.98q				0			13629	24.7Q			0	8+	79	100087			30			871		0
2025-08-16	09:01:00		farm					12		383147		623.66S	512		18	28.94B	19B	47.9K			0					1.21T	2.1B		31.42B	999.27B	83.76B	929.49M	87.99B		0	0		1.98B		0	1	21		0	11.24O	8	460.49T	81.23q	1.36Q	2			0		253.95q				0	30828	625503	88312								176927			0	1950	1526	1184		1d 19h 5m 19s	3	6	6		942.68M			0				2.13T	0		13.29M	Ranged	606.66Q		276274					112.96B	1						8.91O	629.15K					0				15.37M	3.59s	829	150021	1	1255	9h 0m 48s	3818		2.45s	195	5.72K			0	1290		8.63Q				56.06s			169634	1.71O			0	9	3849	921604			1304			6629		1516
2025-08-15	23:54:00		farm					3		342868		185.63S	455		12	44.65B	29.76B	47.89K			23.74s					1.13T	1.9B		26.83B	951.77B	72.23B	799.78M	75.06B		0	0		2.08B		0	1	18		0	3.31O	8	468.82T	94.9q	1.59Q	1			0		353.64q				0	19433	519962	72539								146866			0	1692	2084	1177		1d 13h 24m 51s	9	14	0		798.12M			0				2.13T	0		11.76M	Ranged	460.43Q		239757					112.96B	9						2.63O	522.99K					0				12.64M	4.57s	867	123510	0	1071	7h 46m 6s	3409		3.46s	192	6.36K			0	1128		7.13Q				0			143101	502.83S			0	10	3364	793234			1165			5881		1355
2025-08-15	15:35:00		farm					27		343587		210.93S	452		15	15.2B	9.79B	45.87K			0					1.1T	2.03B		25.27B	933B	66.5B	781.91M	70.57B		0	0		2.05B		0	1	15		0	3.73O	8	355.48T	76.55q	1.26Q	1			0		889.26q				0	20377	545362	82703								146795			0	1021	1537	1265		1d 13h 38m 40s	5	0	15		835.7M			0				0	0		11.75M	Tank	2.98s		239850					0	1						2.97O	548.45K					0				13.83M	18.82s	867	123876	1	1058	7h 45m 35s	3368		14.06s	192	5.49K			0	1137		19.87Q				0			143315	542.22S			0	10	3317	794631			1122			5891		1369
2025-08-14	22:47:00		farm															51500								951.8B																																																																				Fast																															8h 11m 39s																							10								5829		
2025-08-14	13:06:00		farm															60350								983.1B																																																																				Fast																															9h 5m 32s																							9								6577		
2025-08-13	12:09:00		farm															61330								1.07T																																																																				Ranged																															9h 16m 28s																							9								6774		
2025-08-12	22:43:00		farm															23220								545.8B																																																																				Fast																															5h 40m 43s																							10								4304		
2025-08-12	16:45:00		farm															56120								946.3B																																																																				Ranged																															7h 57m 48s																							10								5995		
2025-08-12	06:49:00		farm															40240								735.1B																																																																				Fast																															7h 18m 25s																							10								5230		
2025-08-11	21:00:00		farm															54840								887.4B																																																																				Ranged																															8h 2m 27s																							10								5998		
2025-08-11	12:47:00		farm															33010								580.4B																																																																				Basic																															6h 47m 5s																							10								4780		
2025-08-11	05:39:00		farm															58770								965.5B																																																																				Fast																															8h 35m 33s																							10								6101		
2025-08-10	20:54:00		farm															25020								448.5B																																																																				Basic																															5h 51m 40s																							10								4399		
2025-08-10	08:18:00		farm															20800								445.5B																																																																				Ranged																															5h 20m 41s																							10								4019		
2025-08-10	02:45:00		farm															54670								901.2B																																																																				Fast																															8h 0m 14s																							10								5991		
2025-08-09	07:43:00		farm															57770								997.9B																																																																				Ranged																															8h 19m 47s																							10								5982		
2025-08-08	23:04:00		farm															50890								903.9B																																																																				Fast																															7h 32m 16s																							10								5798		
2025-08-08	15:17:00		farm															32500								672.1B																																																																				Ranged																															5h 31m 2s																							11								4047		
2025-08-08	09:27:00		farm															55780								1.03T																																																																				Ranged																															8h 51m 12s																							9								6605		
2025-08-07	23:43:00		farm															58490								952.6B																																																																				Ranged																															8h 13m 43s																							10								6043		
2025-08-07	14:54:00		farm															58170								982.3B																																																																				Basic																															8h 1m 25s																							10								6011		
2025-08-07	06:34:00		farm															56140								1.01T																																																																				Ranged																															8h 10m 40s																							10								5994		
2025-08-06	21:49:00		farm															9850								272.3B																																																																				Ranged																															4h 12m 10s																							10								3198		
2025-08-06	07:01:00		farm															55280								970.3B																																																																				Basic																															7h 54m 40s																							10								5943		
2025-08-05	22:43:00		farm															52170								923.5B																																																																				Ranged																															7h 48m 56s																							10								5886		
2025-08-05	14:43:00		farm															52700								955.5B																																																																				Basic																															8h 0m 31s																							10								5935		
2025-08-05	04:57:00		farm															52560								1.03T																																																																				Scatter																															9h 0m 29s																							9								6622		
2025-08-04	18:59:00		farm															25730								550.5B																																																																				Basic																															6h 12m 28s																							10								4629		
2025-08-04	12:15:00		farm															49810								920.8B																																																																				Fast																															9h 57m 3s																							9								6530		
2025-08-04	01:57:00		farm															51690								943.8B																																																																				Fast																															8h 17m 2s																							10								5945		
2025-08-02	14:16:00	Bumped CF Reduction lvl from 0 to 1 to get a 10% dmg reduction	farm															50830								1.01T																																																																				Ranged																															7h 39m 40s																							10								5872		
2025-08-01	21:29:00		farm															30080								623.6B																																																																				Fast																															5h 59m 10s																							10								4578		
2025-08-01	14:48:00	Decrease DW cooldown to 250, changing GT/BH sync from 7:1 to 5:1, bumped BH size	farm															51700								907.3B																																																																				Fast																															7h 59m 31s																							10								5903		
2025-08-01	06:40:00		farm															12430								369.8B																																																																				Vampire																															4h 22m 9s																							10								3223		
2025-07-31	17:23:00		farm															50570								815.4B																																																																				Fast																															7h 41m 37s																							10								5692		
2025-07-31	06:23:00		farm															21390								444.3B																																																																				Basic																															5h 20m 25s																							10								4030		
2025-07-30	23:48:00		farm															43750								794.3B																																																																				Basic																															7h 33m 25s																							10								5569		
2025-07-30	16:00:00		farm															47360								861B																																																																				Scatter																															8h 22m 10s																							10								5871		
2025-07-30	07:12:00	Back to blender	farm															42070								566.9B																																																																				Fast																															8h 31m 5s																							9								6383		
2025-07-29	14:29:00	Devo	farm															32200								655.9B																																																																				Ranged																															7h 22m 13s																							9								5547		
2025-07-29	07:20:00	Devo	farm															38330								619B																																																																				Ranged																															7h 9m 55s																							10								5312		
2025-07-28	19:01:00	Devo (forgot to upgrade)	farm															807								18.8B																																																																				Ranged																															1h 43m 26s																							10								1075		
2025-07-28	16:39:00	Devo	farm															26020								802.6B																																																																				Fast																															7h 1m 17s																							10								4690		
2025-07-28	07:11:00	Devo	farm															30040								656.4B																																																																				Ranged																															7h 11m 0s																							10								4987		
2025-07-27	18:00:00	Devo, need more ELS, cash, and remove second wind	farm															31460								937.4B																																																																				Basic																															8h 15m 18s																							8								6179		
2025-07-27	07:30:00	Devo, messed up half way by picking up upgrade perk	farm															44830								1.06T																																																																				Fast																															12h 2m 17s																							6								8972		
2025-07-26	09:49:00		farm															35500								792.2B																																																																				Fast																															7h 40m 51s																							10								5571		
2025-07-25	22:46:00		farm															36050								743.1B																																																																				Ranged																															7h 38m 16s																							10								5603		
2025-07-25	14:52:00		farm															34290								640.8B																																																																				Ranged																															7h 1m 54s																							10								5281		
2025-07-25	07:32:00		farm															20400								221.1B																																																																				Basic																															5h 51m 35s																							10								4117		
2025-07-24	20:13:00		farm															27560								498.5B																																																																				Basic																															6h 32m 5s																							10								4917		
2025-07-24	12:23:00		farm															26630								531.8B																																																																				Ranged																															6h 18m 24s																							10								4608		
2025-07-24	01:24:00		farm															38730								654.8B																																																																				Fast																															7h 26m 25s																							10								5455		
2025-07-23	15:02:00		farm															36920								687.9B																																																																				Ranged																															7h 25m 12s																							10								5484		
2025-07-23	07:23:00		farm															36510								679.5B																																																																				Fast																															7h 25m 20s																							10								5466		
2025-07-22	19:21:00		farm															27000								516.8B																																																																				Basic																															6h 27m 14s																							10								4899		
2025-07-22	11:52:00		farm															11300								317.5B																																																																				Ranged																															4h 7m 4s																							11								3073		
2025-07-22	07:30:00		farm															18450								426.3B																																																																				Basic																															5h 25m 0s																							10								4070		
2025-07-21	22:49:00		farm															35700								619.8B																																																																				Fast																															7h 10m 52s																							10								5408		
2025-07-21	15:17:00		farm															25310								484.1B																																																																				Basic																															7h 0m 21s																							10								4635		
2025-07-20	16:41:00		farm															34020								491.8B																																																																				Ranged																															7h 12m 58s																							10								5307		
2025-07-20	09:19:00		farm															38440								452.9B																																																																				Ranged																															8h 18m 29s																							9								6168		
2025-07-19	20:06:00		farm															32680								450.1B																																																																																																			6h 58m 0s																							10								5170		
2025-07-19	12:44:00		farm															18570								243.3B																																																																				Ranged																															4h 59m 46s																							11								3426		
2025-07-19	07:22:00		farm															14260								278.4B																																																																				Vampire																															6h 0m 5s																							9								4075		
2025-07-18	14:46:00		farm															32850								418.1B																																																																				Fast																															7h 10m 50s																							10								5277		
2025-07-18	07:02:00	Increased BH size from 30m to 54m	farm															33890								412.9B																																																																				Fast																															8h 16m 6s																							9								6000		
2025-07-17	16:30:00		farm															18230								181.8B																																																																				Fast																															4h 42m 3s																							11								3515		
2025-07-17	07:19:00		farm															34770								315B																																																																				Ranged																															8h 58m 39s																							9								5958		
2025-07-16	21:41:00		farm															17190								165.7B																																																																				Fast																															4h 47m 25s																							11								3441		
2025-07-16	14:47:00		farm															32430								278.6B																																																																				Fast																															6h 55m 35s																							10								5157		
2025-07-15	14:33:00		farm															27880								257.5B																																																																				Fast																															7h 7m 27s																							10								5006		
2025-07-14	00:02:00		farm															30480								233.2B																																																																				Fast																															7h 5m 0s																							10								5076		
2025-07-04	06:19:00		farm															21530								180.9B																																																																				Scatter																															5h 59m 54s																							10								4401		
2025-07-03	20:00:00		farm															23800								163.7B																																																																				Fast																															6h 19m 58s																							10								4620		
2025-07-03	13:26:00		farm															25170								160.2B																																																																				Ranged																															6h 10m 25s																							10								4545		
2025-07-02	06:30:00		farm															25550								180.6B																																																																				Basic																															6h 13m 10s																							10								4624		
2025-06-20	12:50:00		farm															14080								127.3B																																																																				Basic																															5h 43m 3s																							9								4156		
2025-06-18	17:26:00		farm															12460								120.5B																																																																				Ranged																															4h 59m 53s																							10								3600		
2025-06-16	12:34:00		farm															11170								102.9B																																																																				Basic																															4h 45m 35s																							10								3524		
2025-06-15	08:21:00		farm															13320								113B																																																																				Fast																															5h 43m 27s																							9								4244		
2025-06-13	15:55:00		farm															14190								126.1B																																																																				Vampire																															6h 2m 6s																							9								4443		
2025-06-13	07:47:00	Unlocked Wall	farm															14160								144B																																																																				Tank																															8h 26m 4s																							7								5619		
2025-06-12	12:59:00		farm															12000								108B																																																																				Fast																															5h 1m 21s																							10								3689		
2025-06-10	15:54:00		farm															11140								101.7B																																																																				Protector																															4h 56m 13s																							10								3579		
2025-06-09	14:53:00		farm															10830								91.8B																																																																				Ranged																															4h 50m 35s																							10								3562		
2025-06-09	09:43:00		farm															14740								89.9B																																																																				Ranged																															8h 14m 51s																							7								5541		
2025-06-06	23:55:00		farm															18670								71.5B																																																																				Vampire																															10h 39m 0s																							6								7269		
2025-06-03	15:13:00		farm															16470								51.7B																																																																				Basic																															6h 42m 5s																							9								4701		
2025-05-21	14:07:00		farm															9830								49.9B																																																																				Basic																															9h 20m 16s																							6								5630		
2025-05-20	14:22:00		farm															9200								54.4B																																																																				Vampire																															6h 32m 20s																							8								4355		
2025-05-19	15:49:00		farm															9530								62.4B																																																																				Scatter																															7h 33m 20s																							7								4986		
2025-05-16	11:05:00		farm															7840								45.3B																																																																				Tank																															8h 58m 31s																							5								5711		
2025-05-12	02:36:00		farm															2150								21.8B																																																																				Fast																															4h 57m 45s																							3								6750		
2025-05-02	17:09:00		farm															8470								12.4B																																																																				Basic																															7h 41m 34s																							7								4837		
2025-04-30	13:46:00		farm															6500								11.3B																																																																				Basic																															8h 53m 3s																							5								5643		
2025-04-28	13:35:00		farm															3350								2.8B																																																																				Basic																															5h 34m 43s																							7								3336		
2025-04-25	16:33:00		farm															2150								3B																																																																				Ranged																															4h 57m 45s																							6								3124		
2025-04-25	11:27:00		farm															1970								1.7B																																																																				Tank																															4h 25m 56s																							7								2722		
2025-04-22	11:33:00		farm															7000								4.1B																																																																				Vampire																															9h 3m 33s																							5								5695		